data;horario;n_da_ocorrencia;tipo_de_ocorrencia;km;trecho;sentido;tipo_de_acidente;automovel;bicicleta;caminhao;moto;onibus;outros;tracao_animal;transporte_de_cargas_especiais;trator_maquinas;utilitarios;ilesos;levemente_feridos;moderadamente_feridos;gravemente_feridos;mortos
01/01/2010;01:14:00;1;com vítima;257,8;BR-153/SP;Norte;Atropelamento de Animal;1;;;;;;;;;;1;1;;;
01/01/2010;01:16:00;3;com vítima;257,8;BR-153/SP;Norte;Capotamento;1;;;;;;;;;;1;3;;;
01/01/2010;05:45:00;12;com vítima;339;BR-153/SP;Sul;Capotamento;1;;;;;;;;;;0;1;;;
02/01/2010;22:16:00;73;sem vítima;83,8;BR-153/SP;Norte;Colisão Traseira;1;;;;;1;;;;;3;;;;
03/01/2010;21:04:00;72;com vítima;109;BR-153/SP;Norte;Capotamento;1;;;;;;;;;;0;2;;1;
03/01/2010;05:13:00;8;sem vítima;256,05;BR-153/SP;Norte;Choque contra Objeto Fixo;1;;;;;;;;;;1;;;;
03/01/2010;06:45:00;81;sem vítima;338,5;BR-153/SP;Sul;Choque contra Objeto Fixo;;;;;;;;;;1;1;;;;
04/01/2010;16:22:00;68;com vítima;56;BR-153/SP;Norte;Colisão Lateral;;;;1;;;;;;1;2;2;;;
04/01/2010;21:42:00;90;sem vítima;99;BR-153/SP;Norte;Choque contra Objeto Fixo;1;;;;;;;;;;1;;;;
05/01/2010;07:50:00;9;sem vítima;61;BR-153/SP;Sul;Colisão Traseira;;;;;;;;;;2;18;;;;
06/01/2010;14:01:00;35;com vítima;35,6;BR-153/SP;Sul;Choque contra Objeto Fixo;;;1;;;;;;;;1;1;;;
06/01/2010;20:31:00;59;sem vítima;43;BR-153/SP;Sul;Saída de Pista;;;;;;;;;;1;1;;;;
06/01/2010;08:59:00;19;sem vítima;98,5;BR-153/SP;Sul;Tombamento;;;1;;;;;;;;1;;;;
06/01/2010;05:59:00;10;sem vítima;282,6;BR-153/SP;Sul;Saída de Pista;1;;;;;;;;;;1;;;;
06/01/2010;09:44:00;21;sem vítima;290,6;BR-153/SP;Sul;Colisão Traseira;1;;1;;;;;;;;2;;;;
07/01/2010;17:49:00;65;com vítima;55,4;BR-153/SP;Norte;Tombamento de Moto;;;;1;;;;;;;0;1;;;
07/01/2010;21:37:00;81;sem vítima;60;BR-153/SP;Sul;Saída de Pista;1;;;;;;;;;;1;;;;
07/01/2010;03:57:00;6;com vítima;206,9;BR-153/SP;Norte;Colisão Traseira;;;2;;;;;;;;1;;1;;
07/01/2010;19:20:00;74;sem vítima;310;BR-153/SP;Norte;Saída de Pista;;;;;;;;;;1;1;;;;
08/01/2010;20:47:00;69;com vítima;52;BR-153/SP;Sul;Tombamento de Moto;;;;1;;;;;;;0;1;;;
08/01/2010;05:15:00;5;sem vítima;58,9;BR-153/SP;Norte;Colisão Lateral;1;;;;;;;;;1;2;;;;
08/01/2010;04:31:00;3;sem vítima;174,4;BR-153/SP;Sul;Colisão Transversal;2;;;;;;;;;;2;;;;
08/01/2010;21:38:00;73;sem vítima;279,5;BR-153/SP;Sul;Saída de Pista;;;;1;;;;;;;1;;;;
09/01/2010;02:21:00;6;com vítima;73,5;BR-153/SP;Norte;Capotamento;1;;;;;;;;;;1;1;1;;
09/01/2010;13:27:00;45;com vítima;104,9;BR-153/SP;Norte;Choque contra Objeto Fixo;1;;;;;;;;;;0;1;;;
09/01/2010;08:56:00;25;sem vítima;222;BR-153/SP;Norte;Colisão Traseira;2;;;;;;;;;;2;;;;
10/01/2010;07:12:00;25;sem vítima;82,4;BR-153/SP;Norte;Colisão Traseira;2;;;;;;;;;;2;;;;
11/01/2010;06:03:00;10;com vítima;55,8;BR-153/SP;Sul;Colisão Frontal;;2;;;;;;;;;1;;1;;
11/01/2010;17:55:00;59;com vítima;103;BR-153/SP;Norte;Saída de Pista;2;;;;;;;;;;1;1;;;
12/01/2010;07:10:00;11;sem vítima;58,9;BR-153/SP;Sul;Colisão Transversal;2;;;;;;;;;;3;;;;
12/01/2010;15:09:00;56;sem vítima;261,7;BR-153/SP;Sul;Colisão Lateral;1;;1;;;;;;;;2;;;;
13/01/2010;17:26:00;64;com vítima;15,3;BR-153/SP;Sul;Colisão Frontal;1;;1;;;;;;;;0;1;1;;2
13/01/2010;00:20:00;84;sem vítima;99,4;BR-153/SP;Norte;Choque contra Objeto Fixo;1;;;;;;;;;;1;;;;
14/01/2010;16:10:00;68;com vítima;1,7;BR-153/SP;Norte;Colisão Traseira;3;;1;;;;;;;1;5;3;;;
14/01/2010;14:56:00;54;sem vítima;1,8;BR-153/SP;Norte;Colisão Traseira;1;;;;;1;;;;1;3;;;;
14/01/2010;00:34:00;2;com vítima;40;BR-153/SP;Norte;Capotamento;1;;;;;;;;;;0;;1;;
14/01/2010;18:00:00;90;sem vítima;70,2;BR-153/SP;Norte;Colisão Traseira;1;;;;;;;;;1;2;;;;
14/01/2010;06:17:00;14;sem vítima;73;BR-153/SP;Sul;Saída de Pista;;;;;;;;;;1;1;;;;
14/01/2010;16:06:00;61;sem vítima;98;BR-153/SP;Norte;Colisão Traseira;1;;1;;;;;;;;2;;;;
15/01/2010;08:27:00;29;sem vítima;62,5;BR-153/SP;Norte;Colisão Traseira;2;;;1;;;;;;;3;;;;
15/01/2010;08:00:00;26;sem vítima;62,7;BR-153/SP;Norte;Colisão Traseira;1;;;;;;;;;1;2;;;;
15/01/2010;21:18:00;94;sem vítima;64;BR-153/SP;Sul;Saída de Pista;1;;;;;1;;;;;1;;;;
16/01/2010;21:01:00;80;sem vítima;59;BR-153/SP;Norte;Saída de Pista;1;;;;;;;;;;1;;;;
16/01/2010;04:00:00;10;sem vítima;69,7;BR-153/SP;Sul;Choque contra Objeto Fixo;;;;;;;;;;1;1;;;;
16/01/2010;16:03:00;53;sem vítima;80;BR-153/SP;Norte;Tombamento;;;1;;;;;;;;1;;;;
17/01/2010;18:31:00;72;sem vítima;50;BR-153/SP;Sul;Colisão Traseira;2;;;;;;;;;;2;;;;
17/01/2010;17:32:00;67;sem vítima;99,8;BR-153/SP;Norte;Colisão Traseira;2;;;;;;;;;;2;;;;
17/01/2010;17:58:00;68;com vítima;111;BR-153/SP;Sul;Capotamento;2;;;;;;;;;;1;2;;;
17/01/2010;01:37:00;5;sem vítima;256;BR-153/SP;Norte;Choque contra Objeto Fixo;1;;;;;;;;;;2;;;;
18/01/2010;07:28:00;15;com vítima;18,5;BR-153/SP;Sul;Saída de Pista;;;1;;;;;;;;0;1;;;
18/01/2010;07:07:00;13;sem vítima;75;BR-153/SP;Sul;Saída de Pista;1;;;;;;;;;;1;;;;
19/01/2010;18:31:00;63;com vítima;27,8;BR-153/SP;Sul;Colisão Transversal;;;;1;;;;;;1;1;1;;;
19/01/2010;08:10:00;15;sem vítima;35;BR-153/SP;Norte;Saída de Pista;;;1;;;;;;;;1;;;;
19/01/2010;17:29:00;54;sem vítima;49,9;BR-153/SP;Norte;Colisão Traseira;2;;;;;;;;;;5;;;;
19/01/2010;07:57:00;14;com vítima;62,2;BR-153/SP;Norte;Engavetamento;3;;;;;;;;;;3;1;;;
19/01/2010;04:52:00;6;com vítima;74;BR-153/SP;Norte;Saída de Pista;1;;;;;;;;;;0;2;1;;
19/01/2010;06:21:00;10;com vítima;230,2;BR-153/SP;Norte;Capotamento;1;;;;;;;;;;0;1;;;
20/01/2010;21:50:00;112;sem vítima;37;BR-153/SP;Norte;Saída de Pista;1;;;;;;;;;;1;;;;
20/01/2010;21:16:00;111;sem vítima;37,1;BR-153/SP;Norte;Saída de Pista;1;;;;;;;;;;2;;;;
20/01/2010;22:07:00;113;com vítima;179;BR-153/SP;Sul;Tombamento de Moto;;;;1;;;;;;;0;2;;;
21/01/2010;07:00:00;27;com vítima;64,3;BR-153/SP;Norte;Tombamento de Moto;;;;1;;;;;;;0;1;;;
21/01/2010;07:32:00;24;sem vítima;64,4;BR-153/SP;Norte;Colisão Traseira;1;;;1;;;;;;;2;;;;
21/01/2010;20:47:00;98;sem vítima;140,7;BR-153/SP;Norte;Saída de Pista;1;;;;;;;;;;1;;;;
21/01/2010;22:18:00;106;com vítima;212,8;BR-153/SP;Norte;Capotamento;;;;;;;;;;1;0;1;;;
21/01/2010;10:05:00;39;com vítima;274,4;BR-153/SP;Norte;Colisão Lateral;;;2;;;;;;;;1;1;;;
22/01/2010;19:09:00;80;sem vítima;184,9;BR-153/SP;Norte;Colisão Traseira;;;1;;1;;;;;;2;;;;
23/01/2010;15:05:00;88;sem vítima;28,1;BR-153/SP;Sul;Colisão Lateral;;;2;;;;;;;;2;;;;
23/01/2010;23:02:00;87;sem vítima;148;BR-153/SP;Sul;Saída de Pista;1;;;;;;;;;;1;;;;
24/01/2010;18:19:00;60;com vítima;66,4;BR-153/SP;Norte;Colisão Traseira;2;;;1;;;;;;;2;1;;;
24/01/2010;00:05:00;87;sem vítima;147,8;BR-153/SP;Sul;Saída de Pista;1;;;;;;;;;;1;;;;
24/01/2010;07:32:00;12;com vítima;171;BR-153/SP;Norte;Colisão Lateral;1;;1;;;;;;;;1;;1;1;
24/01/2010;23:35:00;84;sem vítima;256;BR-153/SP;Sul;Choque contra Objeto Fixo;1;;;;;;;;;;1;;;;
24/01/2010;23:39:00;85;com vítima;256;BR-153/SP;Sul;Tombamento de Moto;;;;1;;;;;;;0;1;;;
24/01/2010;19:24:00;64;sem vítima;333,5;BR-153/SP;Sul;Saída de Pista;2;;;;;;;;;;2;;;;
26/01/2010;07:34:00;7;sem vítima;107;BR-153/SP;Norte;Colisão Traseira;;;;2;;;;;;;2;;;;
26/01/2010;08:04:00;12;sem vítima;183,7;BR-153/SP;Norte;;;;;;;;;;;1;1;;;;
27/01/2010;11:32:00;31;sem vítima;52;BR-153/SP;Norte;Colisão Lateral;2;;;;;;;;;;2;;;;
27/01/2010;03:46:00;7;sem vítima;96;BR-153/SP;Sul;Saída de Pista;;;1;;;;;;;;2;;;;
27/01/2010;01:50:00;4;sem vítima;161,8;BR-153/SP;Sul;Choque contra Objeto Fixo;;;;;;;;;;1;1;;;;
27/01/2010;08:30:00;19;sem vítima;274,2;BR-153/SP;Norte;Tombamento;;;1;;;;;;;;1;;;;
28/01/2010;22:33:00;95;com vítima;52,2;BR-153/SP;Norte;Tombamento de Moto;;;;1;;;;;;;0;1;;;
28/01/2010;08:23:00;15;sem vítima;177,5;BR-153/SP;Sul;Colisão Traseira;2;;;;;;;;;;2;;;;
28/01/2010;01:22:00;105;sem vítima;183,2;BR-153/SP;Norte;Choque contra Objeto Fixo;;;;;;;;;;1;1;;;;
28/01/2010;15:38:00;56;sem vítima;228,5;BR-153/SP;Sul;Saída de Pista;;;;;;;;;;1;1;;;;
28/01/2010;17:30:00;71;sem vítima;268;BR-153/SP;Sul;Choque contra Objeto Fixo;;;1;;;;;;;;1;;;;
28/01/2010;15:11:00;51;com vítima;290,1;BR-153/SP;Norte;Capotamento;1;;;;;;;;;;0;4;;;
29/01/2010;20:36:00;95;sem vítima;35,8;BR-153/SP;Sul;Colisão Traseira;1;;;;;;;;;1;4;;;;
29/01/2010;01:34:00;5;sem vítima;178,9;BR-153/SP;Sul;Tombamento;;;1;;;;;;;;1;;;;
29/01/2010;12:04:00;41;sem vítima;268,6;BR-153/SP;Norte;Colisão Traseira;1;;1;;;;;;;;2;;;;
30/01/2010;04:04:00;6;com vítima;63;BR-153/SP;Sul;Capotamento;1;;1;;;;;;;;1;;1;;
30/01/2010;11:15:00;49;com vítima;73;BR-153/SP;Norte;Colisão Transversal;1;;1;;;;;;;;2;;1;;
31/01/2010;09:49:00;25;sem vítima;21,2;BR-153/SP;Sul;Colisão Lateral;1;;1;;;;;;;;2;;;;
31/01/2010;20:27:00;76;com vítima;64;BR-153/SP;Sul;Saída de Pista;1;;1;;;;;;;;1;1;;;
31/01/2010;19:35:00;66;sem vítima;89,2;BR-153/SP;Norte;Colisão Traseira;1;;1;;;;;;;;2;;;;
31/01/2010;06:44:00;12;sem vítima;99;BR-153/SP;Sul;Colisão Lateral;1;;1;;;;;;;;2;;;;
31/01/2010;03:42:00;8;sem vítima;339;BR-153/SP;Sul;Colisão Traseira;;;1;;;;;;;1;2;;;;
01/02/2010;16:02:00;52;com vítima;72,3;BR-153/SP;Sul;Colisão Transversal;2;;;;;;;;;;0;2;1;;
01/02/2010;19:06:00;73;sem vítima;155;BR-153/SP;Sul;Saída de Pista;1;;;;;;;;;;1;;;;
03/02/2010;12:30:00;102;sem vítima;108;BR-153/SP;Norte;Tombamento de Moto;;;;1;;;;;;;1;;;;
04/02/2010;15:14:00;51;com vítima;58,8;BR-153/SP;Sul;Colisão Transversal;2;;;;;;;;;;2;1;;;
04/02/2010;16:44:00;62;sem vítima;59,8;BR-153/SP;Norte;Choque contra Objeto Fixo;;;;;;;;;;1;7;;;;
04/02/2010;23:09:00;93;com vítima;64;BR-153/SP;Sul;Saída de Pista;1;;;;;;;;;;0;;;;1
04/02/2010;09:22:00;17;sem vítima;98,9;BR-153/SP;Norte;Colisão Traseira;1;;;;;;;;;1;2;;;;
06/02/2010;20:36:00;85;sem vítima;75;BR-153/SP;Norte;Tombamento de Moto;;;;1;;;;;;;1;;;;
06/02/2010;07:01:00;8;sem vítima;161;BR-153/SP;Sul;Choque contra Objeto Fixo;;;;1;;;;;;;1;;;;
08/02/2010;07:54:00;15;sem vítima;25,6;BR-153/SP;Sul;Colisão Traseira;2;;;;;;;;;;2;;;;
08/02/2010;22:37:00;68;sem vítima;98,5;BR-153/SP;Sul;Outros;1;;;;;;;;;;1;;;;
08/02/2010;22:25:00;71;sem vítima;99;BR-153/SP;Sul;Outros;1;;;;;;;;;;1;;;;
08/02/2010;19:14:00;61;com vítima;169;BR-153/SP;Norte;Tombamento;;1;;;;;;;;;0;1;;;
08/02/2010;00:10:00;2;com vítima;211,2;BR-153/SP;Sul;Atropelamento de Animal;1;;;;;;;;;;0;2;;;
09/02/2010;23:50:00;86;com vítima;63,8;BR-153/SP;Norte;Tombamento de Moto;;;;1;;;;;;;0;1;;;
09/02/2010;17:14:00;58;com vítima;66,8;BR-153/SP;Sul;Colisão Lateral;;;;;;;;;;2;2;1;;;
09/02/2010;07:03:00;11;com vítima;112,1;BR-153/SP;Norte;Colisão Traseira;2;;;;;;;;;;2;5;;;
09/02/2010;07:17:00;15;com vítima;202,2;BR-153/SP;Sul;Colisão Traseira;;;2;;;;;;;;1;1;;;
10/02/2010;20:51:00;94;sem vítima;40;BR-153/SP;Sul;Saída de Pista;;;1;;;;;;;;1;;;;
10/02/2010;16:00:00;63;com vítima;69,1;BR-153/SP;Norte;Tombamento;;;;;;;;;;1;1;1;;;
10/02/2010;20:52:00;95;com vítima;75,8;BR-153/SP;Norte;Atropelamento  de Pedestre;;;;1;;;;;;;0;1;;1;
10/02/2010;08:15:00;21;sem vítima;340,5;BR-153/SP;Sul;Saída de Pista;1;;;;;;;;;;1;;;;
11/02/2010;19:44:00;122;com vítima;58,8;BR-153/SP;Sul;Tombamento de Moto;;;;1;;;;;;;0;1;;;
11/02/2010;18:20:00;108;sem vítima;62,1;BR-153/SP;Sul;Colisão Traseira;2;;;;;;;;;;6;;;;
12/02/2010;10:15:00;31;com vítima;51,9;BR-153/SP;Norte;Colisão Traseira;1;;;1;;;;;;;2;1;;;
12/02/2010;16:35:00;83;sem vítima;51,9;BR-153/SP;Sul;Colisão Transversal;;;;1;1;;;;;;2;;;;
12/02/2010;14:50:00;120;sem vítima;61;BR-153/SP;Sul;Colisão Traseira;2;;;;;;;;;;2;;;;
12/02/2010;18:30:00;93;com vítima;75,2;BR-153/SP;Sul;Colisão Transversal;1;;;;;;;;;1;1;2;;;
12/02/2010;21:30:00;107;sem vítima;274,5;BR-153/SP;Sul;Choque contra Objeto Fixo;1;;;;;;;;;;1;;;;
14/02/2010;19:00:00;94;com vítima;45,1;BR-153/SP;Norte;Choque contra Objeto Fixo;;;;1;;;;;;;2;1;;;
14/02/2010;18:20:00;91;com vítima;68,8;BR-153/SP;Norte;Capotamento;1;;;;;;;;;;0;2;1;;
16/02/2010;20:24:00;89;com vítima;71,8;BR-153/SP;Norte;Colisão Traseira;2;;;;;;;;;;1;1;;;
16/02/2010;13:40:00;61;com vítima;84,1;BR-153/SP;Sul;Tombamento de Moto;;;;1;;;;;;;1;1;;;
16/02/2010;23:09:00;97;sem vítima;138;BR-153/SP;Sul;Atropelamento de Animal;;;;;;;;;;1;1;;;;
16/02/2010;20:52:00;92;sem vítima;149;BR-153/SP;Norte;Choque contra Objeto Fixo;1;;;;;;;;;;1;;;;
16/02/2010;12:40:00;56;com vítima;230,4;BR-153/SP;Sul;Choque contra Objeto Fixo;1;;;;;;;;;;1;1;;;
17/02/2010;19:04:00;104;com vítima;62,8;BR-153/SP;Sul;Tombamento de Moto;;;;1;;1;;;;;1;1;;;
18/02/2010;16:00:00;60;com vítima;35,9;BR-153/SP;Sul;Colisão Traseira;1;;;;;;;;;1;1;1;;;
18/02/2010;07:20:00;17;com vítima;64,1;BR-153/SP;Norte;Tombamento de Moto;;;;1;;;;;;;0;1;;;
18/02/2010;06:37:00;14;com vítima;68,4;BR-153/SP;Sul;Atropelamento de Ciclista;;1;;1;;;;;;;1;1;;;
18/02/2010;19:07:00;79;sem vítima;228;BR-153/SP;Norte;Choque contra Objeto Fixo;1;;;;;;;;;;5;;;;
19/02/2010;16:00:00;107;sem vítima;58,8;BR-153/SP;Norte;Colisão Traseira;2;;;;;;;;;;2;;;;
19/02/2010;06:53:00;12;sem vítima;302,3;BR-153/SP;Sul;Colisão Lateral;;;;;1;;;;;1;2;;;;
20/02/2010;12:50:00;48;com vítima;257,3;BR-153/SP;Norte;Colisão Transversal;2;;;;;;;;;;2;1;;;
21/02/2010;20:03:00;77;com vítima;112;BR-153/SP;Norte;Tombamento de Moto;;;;1;;;;;;;0;2;;;
21/02/2010;21:54:00;88;sem vítima;119;BR-153/SP;Sul;Capotamento;1;;;;;;;;;;1;;;;
21/02/2010;04:52:00;8;com vítima;334;BR-153/SP;Sul;Colisão Frontal;;;;;;;;;;2;0;1;;1;1
22/02/2010;14:30:00;77;sem vítima;37;BR-153/SP;Norte;Outros;;;;;;;;;;1;1;;;;
22/02/2010;22:57:00;76;com vítima;58,8;BR-153/SP;Norte;Colisão Transversal;1;;;1;;;;;;;1;1;;;
22/02/2010;10:52:00;32;com vítima;160,9;BR-153/SP;Sul;Saída de Pista;;;1;;;;;;;;0;1;;;
22/02/2010;23:00:00;78;sem vítima;257,3;BR-153/SP;Sul;Colisão Transversal;1;;1;;;;;;;;2;;;;
23/02/2010;09:10:00;27;sem vítima;71,1;BR-153/SP;Norte;Colisão Traseira;2;;;;;;;;;;2;;;;
23/02/2010;20:47:00;83;com vítima;156;BR-153/SP;Sul;Saída de Pista;1;;;;;;;;;;0;2;;;
23/02/2010;12:30:00;58;sem vítima;256;BR-153/SP;Norte;Colisão Transversal;1;;;1;;;;;;;2;;;;
23/02/2010;15:29:00;62;sem vítima;268,1;BR-153/SP;Sul;Colisão Traseira;1;;1;;;;;;;;2;;;;
24/02/2010;23:30:00;113;com vítima;33;BR-153/SP;Norte;Capotamento;1;;;;;;;;;;0;1;1;2;
25/02/2010;21:43:00;96;com vítima;58,8;BR-153/SP;Norte;Colisão Frontal;1;;;1;;;;;;;1;2;;;
25/02/2010;11:40:00;101;sem vítima;63,1;BR-153/SP;Sul;Choque contra Objeto Fixo;;;1;;;;;;;;1;;;;
26/02/2010;11:11:00;39;com vítima;3,3;BR-153/SP;Sul;Tombamento;;;1;;;;;;;;1;1;;;
26/02/2010;06:47:00;10;sem vítima;35,8;BR-153/SP;Sul;Choque na Praça - Cabine;1;;;;;;;;;;1;;;;
26/02/2010;15:30:00;98;sem vítima;74,1;BR-153/SP;Norte;Colisão Lateral;1;;1;;;;;;;;2;;;;
27/02/2010;23:55:00;84;com vítima;49,7;BR-153/SP;Norte;Colisão Frontal;2;;;;;;;;;;2;4;1;;
27/02/2010;09:51:00;28;sem vítima;163;BR-153/SP;Sul;Colisão Traseira;;;1;;;;;;;1;2;;;;
27/02/2010;08:40:00;21;sem vítima;256;BR-153/SP;Norte;Colisão Transversal;1;;;;1;;;;;;2;;;;
27/02/2010;09:16:00;25;sem vítima;257;BR-153/SP;Sul;Colisão Transversal;;;;1;;;;;;1;2;;;;
28/02/2010;17:59:00;78;sem vítima;61,5;BR-153/SP;Norte;Colisão Lateral;1;;1;;;;;;;;2;;;;
28/02/2010;11:58:00;33;sem vítima;80;BR-153/SP;Sul;Saída de Pista;1;;;;;;;;;;2;;;;
28/02/2010;02:32:00;3;sem vítima;157;BR-153/SP;Norte;Saída de Pista;1;;;;;;;;;;1;;;;
28/02/2010;15:00:00;104;sem vítima;258,2;BR-153/SP;Sul;Choque contra objeto na faixa de rolamento;1;;;;;;;;;;1;;;;
28/02/2010;03:46:00;4;com vítima;323,5;BR-153/SP;Sul;Colisão Transversal;1;;;1;;;;;;;1;2;;;
01/03/2010;13:18:00;47;sem vítima;86,1;BR-153/SP;Norte;Saída de Pista;1;;;;;;;;;;2;;;;
01/03/2010;23:20:00;94;sem vítima;267,1;BR-153/SP;Sul;Saída de Pista;;;1;;;;;;;;1;;;;
02/03/2010;03:52:00;7;sem vítima;138;BR-153/SP;Sul;Atropelamento de Animal;1;;;;;;;;;;1;;;;
02/03/2010;15:00:00;44;sem vítima;275,2;BR-153/SP;Norte;Colisão Traseira;;;2;;;;;;;;2;;;;
02/03/2010;07:22:00;11;sem vítima;328,5;BR-153/SP;Sul;Atropelamento de Animal;;;;;;;;;;1;1;;;;
03/03/2010;19:34:00;97;com vítima;58;BR-153/SP;Sul;Tombamento de Moto;;;;1;;1;;;;;1;1;;;
05/03/2010;23:39:00;114;sem vítima;71;BR-153/SP;Norte;Colisão Transversal;2;;;;;;;;;;2;;;;
05/03/2010;22:02:00;111;sem vítima;75;BR-153/SP;Norte;Capotamento;;;;;;;;;;1;1;;;;
05/03/2010;19:55:00;102;sem vítima;260,8;BR-153/SP;Sul;Colisão Traseira;1;;1;;;;;;;;2;;;;
06/03/2010;06:46:00;23;sem vítima;26;BR-153/SP;Norte;Colisão Traseira;;;1;;;;;;;1;3;;;;
06/03/2010;00:28:00;1;com vítima;58,8;BR-153/SP;Sul;Colisão Transversal;1;;;1;;;;;;;1;1;;;
06/03/2010;05:10:00;14;com vítima;193,2;BR-153/SP;Norte;Tombamento de Moto;;;;1;;;;;;;0;1;;;
06/03/2010;23:00:00;122;sem vítima;195,5;BR-153/SP;Sul;Choque contra Objeto Fixo;1;;;;;;;;;;1;;;;
06/03/2010;23:03:00;123;sem vítima;267,6;BR-153/SP;Sul;Tombamento de Moto;;;;1;;;;;;;1;;;;
07/03/2010;04:16:00;13;sem vítima;70,7;BR-153/SP;Sul;Colisão Traseira;1;;;;;;;;;1;3;;;;
07/03/2010;11:56:00;49;sem vítima;205;BR-153/SP;Norte;Colisão Lateral;2;;;;;;;;;;5;;;;
08/03/2010;09:29:00;39;sem vítima;17,8;BR-153/SP;Norte;Saída de Pista;;;;;;;;;;1;1;;;;
08/03/2010;12:12:00;47;com vítima;20,2;BR-153/SP;Norte;Colisão Traseira;1;;1;;;;;;;;1;1;;;
08/03/2010;08:03:00;20;sem vítima;62;BR-153/SP;Sul;Colisão Traseira;4;;;;;;;;;1;5;;;;
09/03/2010;17:45:00;65;com vítima;104;BR-153/SP;Norte;Atropelamento  de Pedestre;;;1;;;;;;;;1;;;1;
12/03/2010;06:48:00;15;com vítima;6,5;BR-153/SP;Sul;Colisão Lateral;2;;;;;;;;;;0;3;1;;
12/03/2010;23:30:00;99;sem vítima;70;BR-153/SP;Sul;Colisão Traseira;2;;;;;;;;;;2;;;;
12/03/2010;02:47:00;6;com vítima;85;BR-153/SP;Sul;Colisão Frontal;2;;;;;;;;;;0;;5;;1
12/03/2010;01:09:00;4;sem vítima;345;BR-153/SP;Sul;Saída de Pista;1;;;;;;;;;;1;;;;
13/03/2010;12:55:00;51;com vítima;58,9;BR-153/SP;Norte;Colisão Frontal;1;;;1;;;;;;;1;;1;;
13/03/2010;01:31:00;7;sem vítima;60;BR-153/SP;Sul;Colisão Traseira;2;;;;;;;;;;2;;;;
13/03/2010;09:07:00;29;com vítima;174,4;BR-153/SP;Sul;Colisão Transversal;2;;;;;;;;;;1;2;;;
13/03/2010;06:56:00;16;sem vítima;230;BR-153/SP;Norte;Choque contra Objeto Fixo;1;;;;;;;;;;2;;;;
13/03/2010;16:49:00;87;com vítima;278;BR-153/SP;Sul;Saída de Pista;1;;;;;;;;;;0;1;;;
13/03/2010;05:09:00;13;sem vítima;317;BR-153/SP;Sul;Colisão Transversal;1;;;;;1;;;;;2;;;;
14/03/2010;19:41:00;120;com vítima;42;BR-153/SP;Norte;Colisão Lateral;;;1;;;;;;;1;2;1;;;
14/03/2010;07:07:00;18;sem vítima;134;BR-153/SP;Norte;Colisão Traseira;1;;1;;;;;;;;2;;;;
14/03/2010;06:44:00;15;com vítima;142;BR-153/SP;Sul;Colisão Traseira;;;;1;;;;;;;0;1;;;
14/03/2010;10:33:00;42;com vítima;174,3;BR-153/SP;Sul;Colisão Lateral;2;;;;;;;;;;3;6;;;
15/03/2010;14:10:00;86;sem vítima;64;BR-153/SP;Sul;Colisão Traseira;1;;;;;;;;;1;2;;;;
15/03/2010;00:22:00;87;sem vítima;256,1;BR-153/SP;Sul;Colisão Lateral;;;1;;;;;;;1;2;;;;
16/03/2010;18:25:00;78;sem vítima;58,7;BR-153/SP;Norte;Colisão Transversal;1;;;1;;;;;;;4;;;;
17/03/2010;16:01:00;66;com vítima;37;BR-153/SP;Sul;Choque contra objeto na faixa de rolamento;;;;1;;;;;;;0;1;;;
18/03/2010;17:05:00;62;com vítima;58,7;BR-153/SP;Sul;Colisão Transversal;1;;;1;;;;;;;1;1;;;
18/03/2010;15:18:00;52;sem vítima;58,8;BR-153/SP;Norte;Colisão Transversal;1;;;;;;;;;1;2;;;;
18/03/2010;17:13:00;65;com vítima;60,2;BR-153/SP;Norte;Colisão Lateral;;;1;1;;;;;;;1;;1;;
18/03/2010;20:02:00;80;sem vítima;257,1;BR-153/SP;Norte;Colisão Transversal;1;;1;;;;;;;;2;;;;
19/03/2010;20:14:00;88;com vítima;82;BR-153/SP;Sul;Tombamento de Moto;;;;1;;;;;;;0;1;;;
19/03/2010;01:07:00;4;sem vítima;82,7;BR-153/SP;Sul;Colisão Traseira;1;;1;;;;;;;;2;;;;
19/03/2010;09:44:00;43;com vítima;102;BR-153/SP;Sul;Colisão Lateral;;;2;;;;;;;;1;1;;;
19/03/2010;13:39:00;60;com vítima;334,6;BR-153/SP;Norte;Colisão Frontal;;;2;;;;;;;;0;;;;2
20/03/2010;21:07:00;91;sem vítima;52,5;BR-153/SP;Norte;Saída de Pista;1;;;;;;;;;;4;;;;
20/03/2010;19:30:00;86;com vítima;59;BR-153/SP;Sul;Colisão Traseira;1;;;1;;;;;;;1;;1;;
20/03/2010;23:50:00;97;sem vítima;115;BR-153/SP;Sul;Tombamento de Moto;;;;1;;;;;;;1;;;;
20/03/2010;19:04:00;82;com vítima;166,8;BR-153/SP;Sul;Atropelamento de Animal;1;;;;;;;;;;0;;1;;
21/03/2010;14:12:00;66;com vítima;31;BR-153/SP;Norte;Colisão Lateral;1;;1;;;;;;;;2;1;;;
21/03/2010;05:03:00;16;com vítima;155;BR-153/SP;Sul;Colisão Transversal;1;;1;;;;;;;;1;2;;;
21/03/2010;08:00:00;29;sem vítima;219;BR-153/SP;Sul;Atropelamento de Animal;1;;;;;;;;;;1;;;;