data;horario;n_da_ocorrencia;tipo_de_ocorrencia;km;trecho;sentido;tipo_de_acidente;automovel;bicicleta;caminhao;moto;onibus;outros;tracao_animal;transporte_de_cargas_especiais;trator_maquinas;utilitarios;ilesos;levemente_feridos;moderadamente_feridos;gravemente_feridos;mortos
02/06/2010;07:54:00;18;com vítima;62;BR-153/SP;Sul;Engavetamento;7;;;;;;;;;;6;1;;;
03/06/2010;00:51:00;2;com vítima;63;BR-153/SP;Norte;Colisão Lateral;2;;;;;;;;;;1;1;1;;
03/06/2010;19:00:00;63;com vítima;226;BR-153/SP;Norte;Colisão Lateral;2;;;;;;;;;;0;1;;;1
04/06/2010;06:22:00;14;sem vítima;182,2;BR-153/SP;Sul;Colisão Transversal;1;;1;;;;;;;;3;;;;
04/06/2010;06:02:00;12;sem vítima;186;BR-153/SP;Sul;Colisão Traseira;1;;1;;;;;;;;4;;;;
04/06/2010;04:09:00;8;sem vítima;335,5;BR-153/SP;Sul;Atropelamento de Animal;1;;;;;;;;;;1;;;;
05/06/2010;21:20:00;63;com vítima;22,5;BR-153/SP;Norte;Colisão Lateral;2;;;;;;;;;;4;1;;;
05/06/2010;08:38:00;21;sem vítima;99;BR-153/SP;Norte;Choque contra Objeto Fixo;1;;;;;;;;;;1;;;;
05/06/2010;06:56:00;16;sem vítima;192;BR-153/SP;Norte;Colisão Traseira;2;;;;;1;;;;;3;;;;
05/06/2010;20:08:00;58;sem vítima;259;BR-153/SP;Norte;Saída de Pista;1;;;;;;;;;;1;;;;
05/06/2010;19:01:00;55;sem vítima;260,8;BR-153/SP;Norte;Atropelamento de Animal;1;;;;;;;;;;1;;;;
05/06/2010;06:48:00;14;sem vítima;345;BR-153/SP;Sul;Saída de Pista;1;;;;;;;;;;5;;;;
06/06/2010;05:20:00;9;com vítima;33;BR-153/SP;Sul;Saída de Pista;1;;;;;;;;;;0;1;;;
06/06/2010;11:48:00;36;sem vítima;50;BR-153/SP;Sul;Colisão Traseira;2;;;;;;;;;;2;;;;
06/06/2010;02:38:00;4;sem vítima;55,8;BR-153/SP;Norte;Tombamento;1;;;;;;;;;;2;;;;
07/06/2010;16:50:00;57;com vítima;262,8;BR-153/SP;Norte;Colisão Traseira;;;;1;;1;;;;;1;1;;;
08/06/2010;14:28:00;56;sem vítima;183;BR-153/SP;Sul; INCIDENTE - Choque na Praça - Cancela;;;1;;;;;;;;1;;;;
09/06/2010;18:57:00;84;com vítima;70,8;BR-153/SP;Sul;Colisão Transversal;;;;1;;;;;;1;1;1;;;
09/06/2010;06:20:00;10;com vítima;99;BR-153/SP;Norte;Tombamento;;;1;;;;;;;;0;1;;;
10/06/2010;22:55:00;75;com vítima;65,9;BR-153/SP;Norte;Tombamento de Moto;;;;1;;;;;;;0;2;;;
11/06/2010;15:01:00;48;sem vítima;179;BR-153/SP;Sul;Colisão Traseira;1;;1;;;;;;;;3;;;;
12/06/2010;09:09:00;21;com vítima;58,8;BR-153/SP;Norte;Colisão Transversal;2;;1;;;;;;;;2;2;;;
12/06/2010;20:27:00;64;com vítima;71,8;BR-153/SP;Norte;Colisão Lateral;1;;1;;;;;;;;1;1;;;
12/06/2010;16:06:00;47;sem vítima;339;BR-153/SP;Norte;Colisão Transversal;1;;1;;;;;;;;3;;;;
13/06/2010;03:08:00;6;sem vítima;60,2;BR-153/SP;Sul;Saída de Pista;1;;;;;;;;;;1;;;;
14/06/2010;05:26:00;11;com vítima;178;BR-153/SP;Norte;Colisão Transversal;1;;;;;;;;;1;0;4;1;1;
15/06/2010;06:47:00;4;sem vítima;62;BR-153/SP;Sul;Colisão Traseira;3;;;;;;;;;;4;;;;
15/06/2010;08:02:00;9;sem vítima;62;BR-153/SP;Sul;Colisão Traseira;2;;;;;;;;;;2;;;;
15/06/2010;07:18:00;6;com vítima;62,4;BR-153/SP;Sul;Colisão Traseira;;;;1;;;;;;1;1;;1;;
15/06/2010;22:45:00;54;sem vítima;68;BR-153/SP;Norte;Saída de Pista;1;;;;;;;;;;1;;;;
15/06/2010;16:20:00;45;sem vítima;99,2;BR-153/SP;Sul;Choque contra Objeto Fixo;;;1;;;;;;;1;2;;;;
15/06/2010;11:17:00;21;com vítima;174,4;BR-153/SP;Sul;Colisão Transversal;;;1;;;;;;;1;1;1;;;
15/06/2010;08:39:00;12;sem vítima;343,4;BR-153/SP;Sul;Saída de Pista;1;;;;;;;;;;1;;;;
16/06/2010;20:14:00;92;com vítima;58,8;BR-153/SP;Norte;Colisão Transversal;1;;;1;;;;;;;1;1;;;
16/06/2010;09:32:00;35;sem vítima;263,5;BR-153/SP;Sul;Tombamento;;;1;;;;;;;;1;;;;
17/06/2010;07:08:00;14;com vítima;59,2;BR-153/SP;Sul;Colisão Traseira;2;;;1;;;;;;;2;;1;;
18/06/2010;16:48:00;61;sem vítima;53,2;BR-153/SP;Norte;Tombamento;;;1;;;;;;;;1;;;;
18/06/2010;18:28:00;68;com vítima;54,7;BR-153/SP;Norte;Atropelamento de Ciclista;;1;;;1;;;;;;1;;;1;
18/06/2010;20:03:00;75;sem vítima;61,6;BR-153/SP;Norte;Colisão Traseira;1;;1;;;;;;;;2;;;;
18/06/2010;14:52:00;50;sem vítima;112;BR-153/SP;Sul;Colisão Traseira;1;;;1;;;;;;;2;;;;
19/06/2010;06:22:00;5;sem vítima;52;BR-153/SP;Norte;Colisão Transversal;2;;;;;;;;;;3;;;;
19/06/2010;04:05:00;4;sem vítima;98,5;BR-153/SP;Sul;Colisão Traseira;2;;;;;;;;;;2;;;;
19/06/2010;21:46:00;73;sem vítima;211;BR-153/SP;Norte;Colisão Lateral;2;;;;;;;;;;2;;;;
20/06/2010;19:26:00;78;sem vítima;62,5;BR-153/SP;Norte;Colisão Lateral;;;2;;;;;;;;2;;;;
20/06/2010;18:36:00;73;sem vítima;70,2;BR-153/SP;Norte;Colisão Traseira;2;;;;;;;;;;2;;;;
20/06/2010;04:42:00;11;sem vítima;230;BR-153/SP;Norte;Capotamento;1;;;;;;;;;;1;;;;
21/06/2010;04:40:00;7;sem vítima;195;BR-153/SP;Norte;Capotamento;1;;;;;;;;;;1;;;;
22/06/2010;18:40:00;78;com vítima;71,1;BR-153/SP;Norte;Colisão Transversal;;;;1;;;;;;1;1;1;;;
22/06/2010;08:27:00;18;com vítima;256,6;BR-153/SP;Norte;Tombamento de Moto;;;;1;;;;;;;1;1;;;
23/06/2010;19:54:00;93;sem vítima;58,8;BR-153/SP;Norte;Colisão Transversal;2;;;;;;;;;1;8;;;;
24/06/2010;19:20:00;91;sem vítima;64,5;BR-153/SP;Norte;Capotamento;1;;;;;;;;;;1;;;;
24/06/2010;18:20:00;79;sem vítima;72;BR-153/SP;Norte;Colisão Traseira;1;;;;;;;;;1;2;;;;
24/06/2010;09:34:00;31;com vítima;95,8;BR-153/SP;Norte;Colisão Transversal;1;;1;;;;;;;;1;2;;;
24/06/2010;20:33:00;98;sem vítima;210;BR-153/SP;Sul;Atropelamento de Animal;1;;;;;;;;;;1;;;;
25/06/2010;06:39:00;19;sem vítima;21,8;BR-153/SP;Norte;Tombamento;;;1;;;;;;;;1;;;;
25/06/2010;10:22:00;37;com vítima;71,8;BR-153/SP;Norte;Colisão Transversal;1;;;1;;;;;;;1;;1;;
25/06/2010;09:00:00;32;sem vítima;111,8;BR-153/SP;Sul;Colisão Traseira;1;;;;;;;;;1;2;;;;
25/06/2010;10:55:00;46;sem vítima;112;BR-153/SP;Norte;Colisão Traseira;1;;;;;;;;;1;2;;;;
25/06/2010;17:49:00;77;com vítima;256;BR-153/SP;Sul;Colisão Traseira;1;;;1;;;;;;;1;1;;;
26/06/2010;20:13:00;98;com vítima;55;BR-153/SP;Norte;Colisão Transversal;;;;2;;;;;;;2;1;;;
26/06/2010;06:26:00;16;sem vítima;71;BR-153/SP;Norte;Colisão Transversal;1;;;1;;;;;;;3;;;;
26/06/2010;01:08:00;6;com vítima;92;BR-153/SP;Norte;Tombamento de Moto;;;;1;;;;;;;1;1;;;
26/06/2010;00:36:00;4;sem vítima;230;BR-153/SP;Sul;Capotamento;1;;;;;;;;;;1;;;;
27/06/2010;13:38:00;55;com vítima;27,7;BR-153/SP;Sul;Colisão Transversal;1;;;;;;;;;1;1;1;;;
27/06/2010;16:17:00;61;com vítima;77;BR-153/SP;Norte;Saída de Pista;1;;;;;;;;;;0;1;;;
28/06/2010;07:28:00;18;sem vítima;132,5;BR-153/SP;Sul;Colisão Traseira;;;2;;;;;;;;2;;;;
28/06/2010;00:25:00;4;sem vítima;265;BR-153/SP;Norte;Choque contra objeto na faixa de rolamento;1;;;;;;;;;;1;;;;
29/06/2010;22:08:00;75;com vítima;6,2;BR-153/SP;Norte;Colisão Lateral;1;;1;;;;;;;;1;1;;;
29/06/2010;05:41:00;8;sem vítima;57,5;BR-153/SP;Norte;Saída de Pista;1;;;;;;;;;;1;;;;
30/06/2010;09:55:00;29;com vítima;52;BR-153/SP;Norte;Colisão Traseira;1;;;;1;;;;;1;2;1;;;
01/07/2010;18:10:00;75;sem vítima;37;BR-153/SP;Sul;Colisão Transversal;2;;;;;;;;;;5;;;;
01/07/2010;06:00:00;9;sem vítima;39;BR-153/SP;Norte;Saída de Pista;1;;;;;;;;;;1;;;;
02/07/2010;19:00:00;80;com vítima;42,29999923706055;BR-153/SP;Sul;Colisão Traseira;1;;;1;;;;;;;1;;;1;
02/07/2010;10:33:00;44;sem vítima;58;BR-153/SP;Sul;Colisão Lateral;1;;1;;;;;;;;2;;;;
02/07/2010;15:18:00;65;com vítima;96,19999694824219;BR-153/SP;Norte;Colisão Frontal;1;;1;;;;;;;;0;1;1;;
03/07/2010;22:25:00;64;com vítima;62,79999923706055;BR-153/SP;Norte;Colisão Traseira;;;;1;;;;;;;0;1;;;
03/07/2010;16:12:00;40;sem vítima;64;BR-153/SP;Sul;Colisão com Objeto Fixo;;;1;;;;;;;1;2;;;;
04/07/2010;08:26:00;17;com vítima;88,69999694824219;BR-153/SP;Norte;Queda de Moto;;;;1;;;;;;;0;2;;;
04/07/2010;02:15:00;4;com vítima;109;BR-153/SP;Sul;Saída de Pista;1;;;;;1;;;;;2;1;;;
04/07/2010;21:25:00;92;com vítima;152;BR-153/SP;Sul;Capotamento;;;;1;;1;;;;;1;;1;;
04/07/2010;22:00:00;96;com vítima;155,1999969482422;BR-153/SP;Norte;Colisão Frontal;;;1;1;;;;;;;0;1;;;1
05/07/2010;09:00:00;32;sem vítima;71,5;BR-153/SP;Norte;Colisão Lateral;2;;;;;;;;;1;3;;;;
05/07/2010;11:31:00;52;sem vítima;75,5999984741211;BR-153/SP;Sul;Colisão Transversal;2;;;;;;;;;;2;;;;
06/07/2010;14:51:00;58;com vítima;6,5;BR-153/SP;Norte;Saída de Pista;;;;;;;;;;1;1;1;;;
07/07/2010;14:24:00;49;com vítima;58;BR-153/SP;Norte;Colisão Transversal;2;;;;;;;;;;2;3;;;
07/07/2010;23:50:00;96;com vítima;59;BR-153/SP;Norte;Colisão Traseira;2;;;;;;;;;;0;2;;;
07/07/2010;07:55:00;15;sem vítima;75;BR-153/SP;Norte;Colisão Traseira;1;;1;;;;;;;1;3;;;;
07/07/2010;06:06:00;11;sem vítima;274,5;BR-153/SP;Norte;Saída de Pista;;;1;;;;;;;;1;;;;
08/07/2010;18:25:00;71;sem vítima;76;BR-153/SP;Sul;Saída de Pista;1;;;;;;;;;;1;;;;
08/07/2010;23:10:00;94;com vítima;109;BR-153/SP;Norte;Colisão Traseira;1;;1;;;;;;;;2;1;;;
09/07/2010;06:13:00;14;sem vítima;63;BR-153/SP;Norte;Colisão com Objeto Fixo;1;;;;;;;;;;1;;;;
09/07/2010;05:00:00;11;com vítima;74,80000305175781;BR-153/SP;Norte;Colisão Frontal;2;;;;;;;;;;1;;2;;
09/07/2010;01:23:00;4;sem vítima;98;BR-153/SP;Norte;Colisão Traseira;1;;1;;;;;;;;2;;;;
09/07/2010;20:23:00;93;com vítima;184,3000030517578;BR-153/SP;Norte;Colisão Traseira;;;;1;;1;;;;;1;1;;;
10/07/2010;02:41:00;5;sem vítima;35,79999923706055;BR-153/SP;Norte;Colisão com Objeto Fixo;1;;;;;;;;;;1;;;;
10/07/2010;19:47:00;66;sem vítima;61;BR-153/SP;Norte;Colisão Traseira;2;;;;;1;;;;;3;;;;
10/07/2010;07:50:00;17;sem vítima;63;BR-153/SP;Norte;Colisão com Objeto Fixo;1;;;;;;;;;;1;;;;
10/07/2010;13:45:00;43;sem vítima;64;BR-153/SP;Norte;Saída de Pista;1;;;;;;;;;;1;;;;
10/07/2010;14:59:00;51;sem vítima;192;BR-153/SP;Sul;Colisão traseira;1;;;;;;;;;;1;;;;
11/07/2010;19:02:00;74;sem vítima;37;BR-153/SP;Norte;Choque contra objeto na faixa de rolamento;3;;;;;;;;;1;4;;;;
11/07/2010;02:27:00;4;com vítima;65;BR-153/SP;Norte;Colisão Frontal;1;;;;1;;;;;;1;;1;;
11/07/2010;19:54:00;80;com vítima;114;BR-153/SP;Norte;Colisão Frontal;2;;;;;;;;;;1;4;;2;
12/07/2010;07:04:00;14;com vítima;37;BR-153/SP;Norte;Colisão Transversal;;;;1;1;;;;;;1;;1;;
12/07/2010;06:30:00;8;sem vítima;63;BR-153/SP;Norte;Colisão Traseira;2;;1;;;;;;;;4;;;;
12/07/2010;15:42:00;49;com vítima;108;BR-153/SP;Norte;Colisão Transversal;1;;;1;;;;;;;1;;1;;
13/07/2010;23:09:00;94;sem vítima;116;BR-153/SP;Norte;Colisão Lateral;;;3;;;;;;;;3;;;;
13/07/2010;12:00:00;45;sem vítima;256;BR-153/SP;Sul;Colisão Traseira;1;;;1;;;;;;;2;;;;
13/07/2010;17:43:00;75;sem vítima;321,6000061035156;BR-153/SP;Norte;Capotamento;1;;;;;;;;;;2;;;;
14/07/2010;01:04:00;4;sem vítima;86;BR-153/SP;Norte;Saída de Pista;;;;;;;;;;1;2;;;;
14/07/2010;11:05:00;53;sem vítima;198;BR-153/SP;Norte;Saída de Pista;1;;;;;;;;;;1;;;;
15/07/2010;18:50:00;67;sem vítima;125;BR-153/SP;Sul;Choque contra objeto na faixa de rolamento;;;1;;;;;;;1;2;;;;
16/07/2010;16:01:00;54;sem vítima;61,29999923706055;BR-153/SP;Norte;Saída de Pista;;;;;;;;;;1;1;;;;
17/07/2010;09:38:00;32;sem vítima;61;BR-153/SP;Norte;Saída de Pista;1;;;;;;;;;;1;;;;
17/07/2010;19:26:00;84;com vítima;61;BR-153/SP;Sul;Capotamento;1;;;;;;;;;;1;2;;;
17/07/2010;22:46:00;97;com vítima;63;BR-153/SP;Sul;Queda de Moto;;;;1;;;;;;;0;;1;;
17/07/2010;11:00:00;39;sem vítima;64;BR-153/SP;Sul;Colisão Lateral;1;;1;;;;;;;;2;;;;
17/07/2010;18:36:00;78;com vítima;127;BR-153/SP;Sul;Capotamento;1;;;;;;;;;;1;1;;;
17/07/2010;08:46:00;27;com vítima;128,1999969482422;BR-153/SP;Sul;Saída de Pista;;;;;;;;;;1;0;2;;;
17/07/2010;15:43:00;66;sem vítima;141;BR-153/SP;Norte;Saída de Pista;;;1;;;;;;;;1;;;;
18/07/2010;04:45:00;12;sem vítima;14,800000190734863;BR-153/SP;Norte;Colisão com Objeto Fixo;1;;;;;;;;;;1;;;;
18/07/2010;15:10:00;73;sem vítima;86,19999694824219;BR-153/SP;Norte;Colisão Traseira;1;;1;;;;;;;;2;;;;
18/07/2010;17:12:00;112;com vítima;112,5;BR-153/SP;Sul;Saída de Pista;;;1;;;;;;;;1;1;;;
19/07/2010;18:51:00;61;com vítima;24;BR-153/SP;Norte;Colisão Frontal;1;;;1;;;;;;;1;1;;1;
20/07/2010;08:42:00;15;com vítima;61;BR-153/SP;Sul;Colisão Lateral;1;;;1;;;;;;;1;1;;;
20/07/2010;08:45:00;16;sem vítima;62,400001525878906;BR-153/SP;Sul;Colisão com Objeto Fixo;1;;1;;;;;;;;5;;;;
20/07/2010;01:42:00;3;sem vítima;120;BR-153/SP;Norte;Colisão Traseira;1;;1;;;;;;;;2;;;;
20/07/2010;20:43:00;58;sem vítima;150;BR-153/SP;Norte;Atropelamento de Animal;1;;;;;;;;;;1;;;;
21/07/2010;06:31:00;4;sem vítima;58;BR-153/SP;Norte;Colisão Transversal;1;;1;;;;;;;;4;;;;
21/07/2010;23:40:00;99;com vítima;60,5;BR-153/SP;Sul;Queda de Moto;;;;1;;;;;;;0;1;;;
22/07/2010;18:51:00;86;sem vítima;25,5;BR-153/SP;Sul;Queda de Moto;2;;;1;;;;;;;3;;;;
22/07/2010;06:39:00;12;com vítima;72,5;BR-153/SP;Norte;Colisão Transversal;;;;1;;1;;;;;1;1;;;
23/07/2010;03:25:00;6;sem vítima;1,7000000476837158;BR-153/SP;Sul;Colisão Traseira;2;;1;;;;;;;;3;;;;
23/07/2010;22:06:00;82;com vítima;57;BR-153/SP;Sul;Colisão com Objeto Fixo;;;;1;;;;;;;0;;;;1
23/07/2010;07:09:00;16;sem vítima;59;BR-153/SP;Norte;Queda de Moto;;;;1;;;;;;;1;;;;
23/07/2010;21:30:00;80;sem vítima;75;BR-153/SP;Norte;Colisão Transversal;1;;;1;;;;;;;2;;;;
23/07/2010;14:09:00;46;com vítima;329,70001220703125;BR-153/SP;Norte;Colisão Traseira;;;;1;;;;;;1;1;;1;;
24/07/2010;23:18:00;105;com vítima;257,70001220703125;BR-153/SP;Sul;Atropelamento de Animal;1;;;;;;;;;;0;1;;;
25/07/2010;01:14:00;2;sem vítima;64;BR-153/SP;Norte;Saída de Pista;1;;;;;;;;;;1;;;;
25/07/2010;16:10:00;55;com vítima;74,9000015258789;BR-153/SP;Norte;Colisão Transversal;1;;1;;;;;;;;2;1;;;
25/07/2010;08:04:00;16;sem vítima;100,5;BR-153/SP;Norte;Saída de Pista;1;;;;;;;;;;1;;;;
25/07/2010;19:26:00;68;com vítima;287;BR-153/SP;Sul;Colisão Transversal;2;;;;;;;;;1;3;2;;1;
26/07/2010;23:09:00;80;sem vítima;99;BR-153/SP;Norte;Colisão Transversal;;;1;;;;;;;1;3;;;;
27/07/2010;09:15:00;19;com vítima;57;BR-153/SP;Norte;Colisão Lateral;3;;1;;;;;;;1;2;7;1;3;
27/07/2010;17:55:00;57;com vítima;75;BR-153/SP;Norte;Colisão Transversal;;;;2;;;;;;;0;2;;;
29/07/2010;18:14:00;96;sem vítima;58,79999923706055;BR-153/SP;Norte;Colisão Lateral;1;;;;1;;;;;;2;;;;
29/07/2010;07:53:00;26;sem vítima;62;BR-153/SP;Sul;Colisão Traseira;1;;;;;;;;;1;2;;;;
29/07/2010;08:19:00;30;com vítima;75;BR-153/SP;Norte;Colisão Transversal;;;1;;;;;;;1;1;1;;;
29/07/2010;16:23:00;87;com vítima;273,20001220703125;BR-153/SP;Sul;Choque contra objeto na faixa de rolamento;;;;1;;;;;;;0;1;;;
30/07/2010;18:30:00;94;sem vítima;15,5;BR-153/SP;Norte;Atropelamento de Animal;1;;;;;;;;;;1;;;;
30/07/2010;13:30:00;61;com vítima;53;BR-153/SP;Sul;Choque contra objeto na faixa de rolamento;1;;1;;;;;;;;2;2;;;
30/07/2010;18:46:00;96;sem vítima;57;BR-153/SP;Norte;Saída de Pista;1;;1;;;;;;;;1;;;;
30/07/2010;14:33:00;67;sem vítima;61;BR-153/SP;Sul;Tombamento;;;1;;;;;;;;1;;;;
31/07/2010;04:47:00;7;sem vítima;14;BR-153/SP;Sul;Capotamento;1;;;;;;;;;;2;;;;
31/07/2010;02:30:00;5;sem vítima;60,79999923706055;BR-153/SP;Sul;Capotamento;1;;;;;;;;;;1;;;;
31/07/2010;06:11:00;8;sem vítima;70;BR-153/SP;Norte;Saída de Pista;1;;;;;;;;;;2;;;;
31/07/2010;01:33:00;2;sem vítima;302,79998779296875;BR-153/SP;Norte;Colisão Traseira;1;;2;;;;;;;;4;;;;
01/08/2010;15:32:00;86;sem vítima;90,9000015258789;BR-153/SP;Norte;Colisão Lateral;1;;1;;;;;;;;2;;;;
01/08/2010;01:39:00;8;com vítima;185,60000610351562;BR-153/SP;Norte;Queda de Moto;;;;1;;;;;;;0;1;;;
02/08/2010;19:05:00;108;com vítima;44,09000015258789;BR-153/SP;Sul;Queda de Moto;;;;1;;;;;;;0;2;;;
02/08/2010;07:57:00;36;sem vítima;171;BR-153/SP;Sul;Colisão Lateral;1;;1;;;;;;;;2;;;;
03/08/2010;03:57:00;8;sem vítima;25;BR-153/SP;Sul;Colisão com Objeto Fixo;1;;;;;;;;;;1;;;;
03/08/2010;18:46:00;90;sem vítima;58;BR-153/SP;Sul;Colisão Transversal;2;;;;;;;;;;2;;;;
03/08/2010;11:15:00;51;com vítima;107,9000015258789;BR-153/SP;Sul;Colisão Transversal;1;;1;;;;;;;;2;;;1;
04/08/2010;18:36:00;107;sem vítima;2;BR-153/SP;Norte;Tombamento;;;1;;;;;;;;1;;;;
04/08/2010;15:36:00;94;sem vítima;55,5;BR-153/SP;Norte;Colisão Transversal;2;;;;;;;;;;6;;;;
04/08/2010;19:11:00;116;sem vítima;150;BR-153/SP;Norte;Choque contra objeto na faixa de rolamento;;;;;;;;;;1;1;;;;
04/08/2010;19:11:00;115;sem vítima;150,5;BR-153/SP;Norte;Choque contra objeto na faixa de rolamento;1;;;;;;;;;;1;;;;
04/08/2010;20:34:00;124;sem vítima;287;BR-153/SP;Sul;Colisão Lateral;1;;;;;1;;;;;2;;;;
05/08/2010;07:13:00;9;com vítima;58,79999923706055;BR-153/SP;Sul;Colisão Transversal;2;;;;;;;;;;2;1;;;
05/08/2010;18:22:00;59;sem vítima;87;BR-153/SP;Norte;Atropelamento de Animal;1;;;;;;;;;;1;;;;
05/08/2010;09:00:00;21;sem vítima;330,20001220703125;BR-153/SP;Norte;Colisão Traseira;1;;1;;;;;;;;5;;;;
06/08/2010;04:22:00;17;com vítima;2;BR-153/SP;Norte;Colisão Traseira;;;1;;;;;;;1;1;2;;;
06/08/2010;13:55:00;65;com vítima;55,79999923706055;BR-153/SP;Norte;Colisão Transversal;1;;;1;;;;;;;1;2;;;
06/08/2010;13:55:00;66;sem vítima;56;BR-153/SP;Norte;Colisão Traseira;2;;;;;;;;;;2;;;;
06/08/2010;08:55:00;42;com vítima;109;BR-153/SP;Sul;Capotamento;;;;;;;;;;1;0;1;;;
06/08/2010;01:33:00;7;com vítima;142;BR-153/SP;Sul;Queda de Moto;;;;1;;;;;;;0;1;;;
06/08/2010;20:04:00;91;sem vítima;230;BR-153/SP;Norte;Colisão Traseira;1;;;;;1;;;;;2;;;;
06/08/2010;16:07:00;73;sem vítima;304,20001220703125;BR-153/SP;Sul;Capotamento;;;;;;;;;;1;1;;;;
07/08/2010;17:09:00;73;sem vítima;65;BR-153/SP;Norte;Colisão Lateral;2;;;;;;;;;;2;;;;
07/08/2010;19:58:00;89;com vítima;147,5;BR-153/SP;Sul;Colisão Traseira;2;;;;;;;;;;1;3;;;
07/08/2010;20:14:00;92;com vítima;147,5;BR-153/SP;Sul;Atropelamento  de Pedestre;;;;1;;;;;;;0;2;;;
08/08/2010;18:52:00;98;sem vítima;258;BR-153/SP;Norte;Colisão Lateral;1;;;;;1;;;;;2;;;;
09/08/2010;18:55:00;75;com vítima;71,69999694824219;BR-153/SP;Norte;Colisão Transversal;2;;;;;;;;;;1;1;;;
09/08/2010;19:14:00;78;sem vítima;72;BR-153/SP;Norte;Colisão Traseira;2;;;;;;;;;1;3;;;;
09/08/2010;14:00:00;53;sem vítima;111,19999694824219;BR-153/SP;Norte;Colisão Traseira;2;;;;;;;;;;2;;;;
09/08/2010;21:05:00;87;com vítima;279,79998779296875;BR-153/SP;Norte;Saída de Pista;;;1;;;;;;;;0;;1;;
10/08/2010;07:56:00;28;sem vítima;62;BR-153/SP;Sul;Engavetamento;5;;;;;;;;;;5;;;;
10/08/2010;08:00:00;29;sem vítima;62,900001525878906;BR-153/SP;Sul;Colisão Traseira;2;;;;;;;;;;2;;;;
10/08/2010;12:36:00;64;sem vítima;265;BR-153/SP;Sul;Saída de Pista;;;1;;;;;;;;2;;;;
11/08/2010;20:33:00;105;com vítima;71;BR-153/SP;Sul;Colisão Transversal;2;;;;;;;;;;0;4;;;
11/08/2010;06:17:00;12;com vítima;71,5;BR-153/SP;Norte;Colisão Traseira;1;;1;;;;;;;;1;;1;;
11/08/2010;17:50:00;93;com vítima;93,9000015258789;BR-153/SP;Norte;Capotamento;;;;;;;;;;1;0;;1;;
11/08/2010;13:12:00;60;com vítima;115,5;BR-153/SP;Norte;Queda de Moto;;;;1;;;;;;;0;1;;;
12/08/2010;14:07:00;56;sem vítima;58;BR-153/SP;Sul;Colisão Lateral;1;;1;;;;;;;;2;;;;
12/08/2010;18:30:00;85;sem vítima;58;BR-153/SP;Sul;Colisão Transversal;1;;;;;;;;;1;2;;;;
13/08/2010;18:28:00;85;com vítima;30;BR-153/SP;Norte;Colisão Transversal;;;;1;;;;;;1;1;1;;;
13/08/2010;05:51:00;10;com vítima;39;BR-153/SP;Norte;Colisão Lateral;1;;1;;;;;;;;4;1;;;
13/08/2010;19:41:00;89;com vítima;76,5;BR-153/SP;Sul;Tombamento;1;;;;;;;;;;1;1;;;
13/08/2010;13:23:00;58;sem vítima;256,79998779296875;BR-153/SP;Sul;Colisão Transversal;3;;;;;;;;;;3;;;;
14/08/2010;21:11:00;91;sem vítima;256;BR-153/SP;Sul;Colisão com Objeto Fixo;1;;;;;;;;;;1;;;;
14/08/2010;15:00:00;66;sem vítima;257,29998779296875;BR-153/SP;Norte;Colisão Traseira;2;;;;;;;;;;2;;;;
15/08/2010;00:05:00;1;com vítima;2;BR-153/SP;Sul;Colisão Transversal;2;;;;;;;;;;1;2;;;
15/08/2010;03:52:00;12;com vítima;56;BR-153/SP;Norte;Saída de Pista;1;;;;;;;;;;0;2;;;
15/08/2010;20:49:00;88;sem vítima;108,19999694824219;BR-153/SP;Norte;Colisão Traseira;2;;;;;;;;;;4;;;;
15/08/2010;18:51:00;77;sem vítima;210;BR-153/SP;Norte;Saída de Pista;1;;;;;;;;;;1;;;;
16/08/2010;19:15:00;79;sem vítima;64,5999984741211;BR-153/SP;Norte;Colisão Traseira;;;;1;;1;;;;;3;;;;
17/08/2010;15:31:00;77;com vítima;58,79999923706055;BR-153/SP;Sul;Colisão Transversal;1;;;1;;;;;;;1;1;;;
17/08/2010;16:43:00;81;com vítima;58,79999923706055;BR-153/SP;Norte;Colisão Transversal;1;;;1;;;;;;;2;1;;;
18/08/2010;08:06:00;15;com vítima;57;BR-153/SP;Norte;Colisão Traseira;1;;;;1;1;;;;;3;1;;;
18/08/2010;00:00:00;1;com vítima;57,099998474121094;BR-153/SP;Sul;Colisão Frontal;1;;1;;;;;;;;1;;;;1
19/08/2010;08:47:00;30;sem vítima;339,4200134277344;BR-153/SP;Norte;Colisão Transversal;;;1;;;;;;;1;2;;;;
21/08/2010;20:05:00;100;sem vítima;61;BR-153/SP;Norte;Colisão Traseira;1;;;;;;;;;1;2;;;;
21/08/2010;16:50:00;110;sem vítima;74;BR-153/SP;Sul;Colisão Traseira;1;;;;;;;;;1;2;;;;