data;horario;n_da_ocorrencia;tipo_de_ocorrencia;km;trecho;sentido;tipo_de_acidente;automovel;bicicleta;caminhao;moto;onibus;outros;tracao_animal;transporte_de_cargas_especiais;trator_maquinas;utilitarios;ilesos;levemente_feridos;moderadamente_feridos;gravemente_feridos;mortos
31/10/2010;20:12:00;67;sem vítima;272;BR-153/SP;Norte;Saída de Pista;;;1;;;;;;;;1;;;;
31/10/2010;20:56:00;73;com vítima;273;BR-153/SP;Norte;Saída de Pista;1;;;;;;;;;;1;1;;;
31/10/2010;14:07:00;42;sem vítima;284,79998779296875;BR-153/SP;Norte;Saída de Pista;;;1;;;;;;;;1;;;;
01/11/2010;18:35:00;53;com vítima;182;BR-153/SP;Sul;Colisão Transversal;1;;;;;;;;;1;1;1;1;1;
02/11/2010;22:14:00;76;sem vítima;58,79999923706055;BR-153/SP;Norte;Colisão Transversal;1;;;1;;;;;;;2;;;;
02/11/2010;10:23:00;41;sem vítima;61,79999923706055;BR-153/SP;Norte;Colisão Traseira;2;;;;;;;;;;3;;;;
02/11/2010;11:00:00;44;sem vítima;114;BR-153/SP;Sul;Colisão Lateral;1;;1;;;;;;;;4;;;;
02/11/2010;15:43:00;53;com vítima;230;BR-153/SP;Sul;Colisão Transversal;1;;1;;;;;;;1;4;;;;1
03/11/2010;22:15:00;103;sem vítima;137,5;BR-153/SP;Sul;Colisão Lateral;;;2;;;;;;;;3;;;;
04/11/2010;20:10:00;86;com vítima;60,29999923706055;BR-153/SP;Norte;Colisão Lateral;1;;1;;;;;;;;1;1;;;
04/11/2010;00:33:00;4;com vítima;339;BR-153/SP;Norte;Colisão com Objeto Fixo;;;;1;;;;;;;0;1;;;
05/11/2010;07:41:00;18;sem vítima;55,900001525878906;BR-153/SP;Norte;Colisão Traseira;2;;;;;;;;;;4;;;;
05/11/2010;10:15:00;33;com vítima;58,79999923706055;BR-153/SP;Norte;Colisão Transversal;1;;;1;;;;;;;1;1;;;
06/11/2010;01:08:00;8;sem vítima;55,79999923706055;BR-153/SP;Sul;Colisão com Objeto Fixo;1;;;;;;;;;;1;;;;
06/11/2010;05:07:00;17;com vítima;71,9000015258789;BR-153/SP;Norte;Colisão Traseira;2;;;;;;;;;;2;1;;;
06/11/2010;15:47:00;66;com vítima;108,19999694824219;BR-153/SP;Sul;Colisão Frontal;2;;;;;;;;;;0;1;1;;1
07/11/2010;23:45:00;102;sem vítima;96,30000305175781;BR-153/SP;Norte;Colisão com Objeto Fixo;3;;;;1;;;;;;4;;;;
07/11/2010;21:28:00;88;sem vítima;256;BR-153/SP;Norte;Colisão Transversal;2;;;;;;;;;;2;;;;
08/11/2010;03:50:00;11;sem vítima;61,5;BR-153/SP;Sul;Atropelamento de Animal;1;;;;;;;;;;2;;;;
08/11/2010;18:50:00;68;sem vítima;217;BR-153/SP;Norte;Colisão Traseira;;;;;1;;;;;1;2;;;;
08/11/2010;14:57:00;50;com vítima;217,1999969482422;BR-153/SP;Norte;Colisão Transversal;;;1;;;;;;;1;1;;;;1
09/11/2010;14:56:00;57;com vítima;71,69999694824219;BR-153/SP;Norte;Colisão Frontal;1;;1;;;;;;;1;0;2;;;2
09/11/2010;22:30:00;91;com vítima;82;BR-153/SP;Norte;Colisão Lateral;1;;1;;;;;;;;2;1;;;1
09/11/2010;22:19:00;90;sem vítima;82,9000015258789;BR-153/SP;Norte;Saída de Pista;;;1;;;;;;;;1;;;;
09/11/2010;22:15:00;89;com vítima;83;BR-153/SP;Norte;Saída de Pista;;;1;;;;;;;;1;1;;;
09/11/2010;19:09:00;79;com vítima;91;BR-153/SP;Norte;Colisão com Objeto Fixo;;;;;;1;;;;1;1;2;;;
09/11/2010;16:23:00;61;com vítima;271;BR-153/SP;Sul;Capotamento;1;;;;;;;;;;0;1;;;
09/11/2010;06:20:00;16;sem vítima;322,6000061035156;BR-153/SP;Norte;Saída de Pista;;;;;;;;;;1;2;;;;
10/11/2010;15:46:00;54;sem vítima;20,700000762939453;BR-153/SP;Norte;Colisão Traseira;;;;;;1;;;;1;3;;;;
10/11/2010;02:16:00;5;com vítima;158;BR-153/SP;Norte;Saída de Pista;1;;;;;;;;;;1;1;;;
10/11/2010;18:11:00;65;sem vítima;183,8000030517578;BR-153/SP;Norte;Colisão com Objeto Fixo;1;;;;;;;;;;1;;;;
11/11/2010;13:43:00;47;sem vítima;45,79999923706055;BR-153/SP;Norte;Colisão Traseira;2;;;;;;;;;;3;;;;
11/11/2010;18:34:00;60;sem vítima;74;BR-153/SP;Norte;Colisão Traseira;1;;;;;;;;;1;2;;;;
11/11/2010;14:25:00;48;sem vítima;192;BR-153/SP;Sul;Colisão Transversal;1;;;;;;;;;1;2;;;;
12/11/2010;19:12:00;64;com vítima;67,5;BR-153/SP;Norte;Colisão Transversal;2;;;;;;;;;;4;1;;;
12/11/2010;00:39:00;5;sem vítima;83,30000305175781;BR-153/SP;Sul;Atropelamento de Animal;1;;;;;;;;;;1;;;;
12/11/2010;10:21:00;34;com vítima;274,29998779296875;BR-153/SP;Norte;Colisão Lateral;;;1;1;;;;;;;1;;;1;
13/11/2010;07:04:00;22;com vítima;193;BR-153/SP;Norte;Colisão Lateral;1;;;;;;;;;1;3;1;;;
14/11/2010;23:10:00;87;sem vítima;17;BR-153/SP;Norte;Capotamento;;;;;;;;;;1;3;;;;
14/11/2010;18:40:00;66;sem vítima;27;BR-153/SP;Sul;Saída de Pista;1;;;;;;;;;;5;;;;
14/11/2010;17:48:00;63;com vítima;56;BR-153/SP;Sul;Colisão com Objeto Fixo;;;;1;;;;;;;1;;;1;
14/11/2010;20:09:00;73;com vítima;119;BR-153/SP;Norte;Colisão Traseira;;;;1;;1;;;;;1;;;;1
15/11/2010;07:03:00;14;sem vítima;35;BR-153/SP;Sul;Colisão Traseira;;;2;;;;;;;;2;;;;
15/11/2010;07:13:00;17;sem vítima;61;BR-153/SP;Norte;Saída de Pista;1;;;;;;;;;;1;;;;
15/11/2010;21:45:00;97;com vítima;93;BR-153/SP;Sul;Colisão Traseira;2;;;;;;;;;;4;3;;;
17/11/2010;09:33:00;33;com vítima;58;BR-153/SP;Norte;Engavetamento;2;;;;;;;;;2;3;2;;;
17/11/2010;17:39:00;64;sem vítima;58;BR-153/SP;Norte;Colisão Transversal;1;;1;;;;;;;;2;;;;
17/11/2010;19:35:00;75;sem vítima;280;BR-153/SP;Norte;Colisão Transversal;1;;2;;;;;;;;3;;;;
17/11/2010;02:46:00;8;com vítima;328;BR-153/SP;Norte;Tombamento;;;1;;;;;;;;0;1;;;
17/11/2010;03:09:00;10;sem vítima;339;BR-153/SP;Norte;Capotamento;1;;;;;;;;;;1;;;;
19/11/2010;20:41:00;89;com vítima;31,700000762939453;BR-153/SP;Norte;Colisão Frontal;;;1;1;;;;;;;1;;;;1
19/11/2010;18:55:00;78;sem vítima;47,5;BR-153/SP;Norte;Colisão Traseira;3;;;;;;;;;;3;;;;
19/11/2010;19:19:00;81;sem vítima;47,5;BR-153/SP;Norte;Colisão Traseira;;;1;1;;;;;;;2;;;;
19/11/2010;16:08:00;65;com vítima;257;BR-153/SP;Sul;Colisão Lateral;1;;1;;;;;;;;2;3;;;
19/11/2010;01:50:00;1;sem vítima;274,5;BR-153/SP;Norte;Queda de carga sobre a pista;;;1;;;;;;;;1;;;;
19/11/2010;15:07:00;60;com vítima;278,8999938964844;BR-153/SP;Norte;Colisão Transversal;;;1;;;;;;;1;1;1;;;
20/11/2010;20:36:00;75;com vítima;7;BR-153/SP;Norte;Colisão Transversal;;;;1;;1;;;;;1;;1;;
20/11/2010;12:40:00;39;sem vítima;58;BR-153/SP;Norte;Colisão Transversal;;;1;1;;;;;;;2;;;;
20/11/2010;00:43:00;2;com vítima;193;BR-153/SP;Sul;Capotamento;1;;;;;;;;;;0;1;;;
20/11/2010;01:00:00;3;com vítima;228;BR-153/SP;Norte;Atropelamento de Animal;1;;;;;;;;;;3;1;;;
21/11/2010;06:03:00;17;com vítima;6;BR-153/SP;Sul;Colisão Transversal;1;;;;;1;;;;;1;1;;;
21/11/2010;21:09:00;102;sem vítima;45;BR-153/SP;Norte;Colisão Lateral;;;2;;;;;;;;2;;;;
21/11/2010;04:49:00;13;sem vítima;338;BR-153/SP;Norte;Queda de Moto;;;;1;;;;;;;1;;;;
22/11/2010;09:54:00;35;com vítima;18,5;BR-153/SP;Norte;Colisão Frontal;2;;;;;;;;;;1;2;;;
22/11/2010;20:57:00;77;sem vítima;72,5;BR-153/SP;Norte;Saída de Pista;;;1;;;;;;;;2;;;;
22/11/2010;14:26:00;54;sem vítima;211;BR-153/SP;Sul;Tombamento;;;;;;;;;;1;2;;;;
23/11/2010;10:04:00;37;com vítima;75,5999984741211;BR-153/SP;Norte;Colisão Transversal;;;1;;;;;;;1;1;;;;1
24/11/2010;07:01:00;13;sem vítima;35;BR-153/SP;Norte;Colisão Traseira;;;;;2;;;;;;93;;;;
24/11/2010;03:10:00;3;com vítima;274;BR-153/SP;Norte;Tombamento;;;1;;;;;;;;0;1;;;
25/11/2010;13:01:00;49;sem vítima;55,099998474121094;BR-153/SP;Sul;Queda de Moto;;;;1;;;;;;;1;;;;
25/11/2010;21:42:00;89;com vítima;80,05000305175781;BR-153/SP;Norte;Queda de Moto;;;;1;;;;;;;1;1;;;
25/11/2010;17:51:00;68;com vítima;257;BR-153/SP;Norte;Atropelamento de Ciclista;1;1;;;;;;;;;1;1;;;
26/11/2010;20:27:00;93;com vítima;42;BR-153/SP;Norte;Colisão Lateral;1;;1;;;;;;;2;4;;1;;
26/11/2010;01:17:00;5;com vítima;140,1999969482422;BR-153/SP;Norte;Saída de Pista;;;;;;;;;;1;0;4;;;
26/11/2010;12:30:00;50;com vítima;182,1999969482422;BR-153/SP;Sul;Colisão Transversal;1;;1;;;;;;;;3;1;;;
27/11/2010;17:38:00;69;sem vítima;59,29999923706055;BR-153/SP;Sul;Colisão Lateral;2;;;;;;;;;;2;;;;
27/11/2010;03:06:00;4;com vítima;69,5;BR-153/SP;Norte;Capotamento;1;;;;;;;;;;0;1;;;
27/11/2010;21:48:00;89;com vítima;345;BR-153/SP;Norte;Queda de Moto;;;;1;;;;;;;0;2;;;
28/11/2010;03:13:00;9;sem vítima;67;BR-153/SP;Norte;Colisão Traseira;;;1;;;;;;;1;2;;;;
29/11/2010;13:37:00;63;sem vítima;33;BR-153/SP;Norte;Colisão Lateral;1;;1;;;;;;;;2;;;;
30/11/2010;03:00:00;5;sem vítima;61,900001525878906;BR-153/SP;Sul;Saída de Pista;1;;;;;;;;;;1;;;;
30/11/2010;04:48:00;14;sem vítima;72,69999694824219;BR-153/SP;Norte;Colisão Traseira;;;2;;;;;;;;2;;;;
01/12/2010;17:19:00;60;sem vítima;169;BR-153/SP;Norte;Colisão Traseira;;;2;;;;;;;;2;;;;
02/12/2010;20:38:00;88;sem vítima;57,79999923706055;BR-153/SP;Norte;Colisão com Objeto Fixo;1;;;;;;;;;;6;;;;
02/12/2010;09:39:00;32;sem vítima;58,79999923706055;BR-153/SP;Norte;Colisão Transversal;;;1;;;;;;;1;2;;;;
02/12/2010;07:19:00;16;com vítima;62;BR-153/SP;Norte;Queda de Moto;;;;1;;;;;;;0;1;;;
02/12/2010;18:11:00;74;sem vítima;174;BR-153/SP;Norte;Colisão Traseira;1;;1;;;;;;;;2;;;;
03/12/2010;14:17:00;49;sem vítima;185;BR-153/SP;Norte;Colisão Traseira;;;;;;;;;;2;5;;;;
03/12/2010;17:11:00;66;com vítima;274;BR-153/SP;Norte;Queda de Moto;;;;1;;;;;;;0;1;;;
04/12/2010;22:09:00;90;sem vítima;195,10000610351562;BR-153/SP;Sul;Saída de Pista;1;;;;;;;;;;1;;;;
05/12/2010;03:43:00;16;com vítima;71,5;BR-153/SP;Sul;Colisão Traseira;1;;;1;;;;;;;1;;;;1
05/12/2010;21:11:00;86;sem vítima;79,4000015258789;BR-153/SP;Norte;Colisão Lateral;1;;;;;;;;;;1;;;;
05/12/2010;01:23:00;5;com vítima;112;BR-153/SP;Sul;Queda de Moto;;;;1;;;;;;;0;1;;;
05/12/2010;17:38:00;74;sem vítima;230;BR-153/SP;Sul;Saída de Pista;1;;;;;;;;;;1;;;;
05/12/2010;22:23:00;90;sem vítima;302,3999938964844;BR-153/SP;Norte;Colisão Traseira;2;;;;;;;;;;5;;;;
06/12/2010;21:13:00;89;sem vítima;73;BR-153/SP;Norte;Colisão Transversal;1;;;;;;;;;1;3;;;;
06/12/2010;09:08:00;31;com vítima;85,0999984741211;BR-153/SP;Sul;Saída de Pista;1;;;;;1;;;;;2;1;;;
07/12/2010;08:14:00;20;com vítima;46;BR-153/SP;Sul;Saída de Pista;1;;;;;;;;;;2;1;;;
08/12/2010;07:19:00;15;com vítima;37,70000076293945;BR-153/SP;Sul;Colisão Transversal;2;;;;;;;;;;2;3;;;
08/12/2010;23:57:00;118;sem vítima;56;BR-153/SP;Norte;Colisão Lateral;1;;;;;;;;;1;4;;;;
08/12/2010;05:57:00;14;com vítima;61,70000076293945;BR-153/SP;Sul;Colisão Traseira;1;;;1;;;;;;;1;2;;;
08/12/2010;20:50:00;107;sem vítima;146,60000610351562;BR-153/SP;Sul;Colisão Traseira;1;;;;1;;;;;;2;;;;
08/12/2010;16:42:00;83;com vítima;174,72000122070312;BR-153/SP;Norte;Colisão Traseira;;;1;1;;;;;;;1;1;;;
09/12/2010;03:19:00;6;com vítima;161;BR-153/SP;Sul;Colisão com Objeto Fixo;;;;;;;;;;1;1;1;;;
09/12/2010;17:28:00;87;sem vítima;298;BR-153/SP;Sul;Choque contra objeto na faixa de rolamento;1;;;;;;;;;;2;;;;
09/12/2010;15:01:00;76;sem vítima;314,1000061035156;BR-153/SP;Sul;Colisão Traseira;1;;1;;;;;;;;2;;;;
10/12/2010;17:19:00;98;com vítima;57;BR-153/SP;Norte;Colisão Traseira;;;;1;;;;;;1;1;1;;;
10/12/2010;20:45:00;113;com vítima;70;BR-153/SP;Sul;Colisão Traseira;1;;;1;;;;;;;1;1;;;
10/12/2010;02:31:00;6;com vítima;110;BR-153/SP;Sul;Saída de Pista;1;;;;;;;;;;0;1;;;
10/12/2010;05:42:00;8;sem vítima;174,6999969482422;BR-153/SP;Norte;Colisão Transversal;2;;;;;;;;;;3;;;;
11/12/2010;08:54:00;19;sem vítima;208,10000610351562;BR-153/SP;Sul;Choque contra objeto na faixa de rolamento;1;;;;;;;;;;1;;;;
11/12/2010;03:03:00;6;sem vítima;256;BR-153/SP;Norte;Colisão com Objeto Fixo;1;;;;;;;;;;1;;;;
12/12/2010;22:48:00;81;com vítima;112;BR-153/SP;Norte;Colisão Traseira;;;;1;;;;;;;0;2;;;
12/12/2010;13:49:00;46;sem vítima;274,5;BR-153/SP;Sul;Outros;;;1;;;;;;;;1;;;;
13/12/2010;12:50:00;49;com vítima;61,79999923706055;BR-153/SP;Norte;Queda de Moto;;;;1;;;;;;;0;1;;;
13/12/2010;16:10:00;64;com vítima;70;BR-153/SP;Sul;Colisão traseira;1;;;;;;;;;1;2;1;;;
13/12/2010;17:06:00;72;sem vítima;75,9000015258789;BR-153/SP;Sul;Colisão Transversal;;;2;;;;;;;;2;;;;
13/12/2010;02:47:00;6;com vítima;103;BR-153/SP;Norte;Queda de Moto;;;;1;;;;;;;0;;1;;
13/12/2010;08:07:00;21;sem vítima;167,39999389648438;BR-153/SP;Sul;Atropelamento de Animal;;;;;;;;;;1;2;;;;
13/12/2010;13:19:00;52;sem vítima;343;BR-153/SP;Norte;Saída de Pista;1;;;;;;;;;;3;;;;
14/12/2010;08:32:00;19;sem vítima;182;BR-153/SP;Norte;Colisão Transversal;2;;;;;;;;;;4;;;;
15/12/2010;14:15:00;64;sem vítima;56;BR-153/SP;Sul;Colisão Traseira;2;;;;;;;;;;6;;;;
15/12/2010;14:09:00;63;sem vítima;189;BR-153/SP;Sul;Colisão Traseira;;;2;;;;;;;;2;;;;
15/12/2010;07:52:00;19;sem vítima;331;BR-153/SP;Sul;Colisão Lateral;1;;1;;;;;;;;2;;;;
16/12/2010;21:10:00;78;com vítima;71,19999694824219;BR-153/SP;Sul;Colisão Transversal;;;;1;;;;;;1;1;1;;;
16/12/2010;11:13:00;34;com vítima;256;BR-153/SP;Sul;Colisão Transversal;1;;;1;;;;;;;1;1;;;
17/12/2010;08:10:00;14;sem vítima;62;BR-153/SP;Sul;Engavetamento;3;;;;;;;;;;3;;;;
17/12/2010;11:13:00;33;sem vítima;87;BR-153/SP;Norte;Colisão Lateral;;;2;;;;;;;;2;;;;
18/12/2010;16:17:00;83;sem vítima;47;BR-153/SP;Sul;Saída de Pista;;;1;;;;;;;;3;;;;
18/12/2010;03:38:00;8;com vítima;80;BR-153/SP;Norte;Saída de Pista;1;;;;;;;;;;0;;;1;
19/12/2010;23:55:00;99;com vítima;178;BR-153/SP;Norte;Colisão Traseira;;;1;1;;;;;;;1;;1;;
20/12/2010;11:46:00;47;com vítima;58;BR-153/SP;Norte;Colisão Transversal;;;;2;;;;;;;0;2;;;
20/12/2010;18:20:00;70;com vítima;108;BR-153/SP;Sul;Colisão Transversal;;;;1;1;;;;;;1;1;;;
20/12/2010;13:16:00;53;sem vítima;174;BR-153/SP;Norte;Colisão Traseira;2;;;;;;;;;;2;;;;
20/12/2010;05:59:00;16;com vítima;175;BR-153/SP;Norte;Colisão Frontal;1;;;;;;;;;1;1;2;;;
20/12/2010;11:53:00;48;com vítima;183;BR-153/SP;Sul;Queda de Moto;;;;1;;;;;;;0;1;;;
21/12/2010;08:02:00;28;sem vítima;62,5;BR-153/SP;Sul;Engavetamento;2;;;;;;;;;2;4;;;;
21/12/2010;21:21:00;85;sem vítima;100;BR-153/SP;Sul;Choque contra objeto na faixa de rolamento;1;;;;;;;;;;1;;;;
21/12/2010;04:34:00;18;com vítima;309,5;BR-153/SP;Sul;Colisão Traseira;;;2;;;;;;;;2;1;;;
21/12/2010;23:31:00;95;com vítima;338,8999938964844;BR-153/SP;Norte;Capotamento;1;;;;;;;;;;0;1;;;
22/12/2010;06:32:00;9;sem vítima;52;BR-153/SP;Sul;Colisão Lateral;;;2;;;;;;;;2;;;;
23/12/2010;11:35:00;62;sem vítima;61,79999923706055;BR-153/SP;Norte;Colisão Traseira;3;;;;;;;;;;3;;;;
23/12/2010;14:40:00;80;com vítima;74,69999694824219;BR-153/SP;Norte;Colisão Frontal;1;;;;;;;;;1;1;5;;;
23/12/2010;10:46:00;53;sem vítima;185;BR-153/SP;Norte;Colisão Transversal;2;;;;;;;;;;4;;;;
23/12/2010;12:06:00;67;com vítima;257,3999938964844;BR-153/SP;Norte;Colisão Transversal;;;;1;;;;;;1;2;1;;;
24/12/2010;17:27:00;87;sem vítima;10,199999809265137;BR-153/SP;Norte;Saída de Pista;;;1;;;;;;;;1;;;;
24/12/2010;03:58:00;11;sem vítima;19;BR-153/SP;Norte;Saída de Pista;;;1;;;;;;;;1;;;;
24/12/2010;04:41:00;12;com vítima;73,80000305175781;BR-153/SP;Norte;Saída de Pista;1;;;;;;;;;;0;1;;;
24/12/2010;12:17:00;54;sem vítima;256,8999938964844;BR-153/SP;Sul;Colisão Transversal;2;;;;;;;;;;2;;;;
25/12/2010;16:57:00;45;com vítima;85;BR-153/SP;Norte;Saída de Pista;;;;;;;;;;1;3;1;;;
25/12/2010;07:31:00;15;sem vítima;296,1000061035156;BR-153/SP;Sul;Saída de Pista;1;;;;;;;;;;2;;;;
25/12/2010;08:47:00;19;sem vítima;296,20001220703125;BR-153/SP;Sul;Saída de Pista;1;;;;;;;;;;1;;;;
26/12/2010;15:23:00;45;com vítima;74,0999984741211;BR-153/SP;Norte;Saída de Pista;1;;;;;;;;;;1;3;;;
27/12/2010;12:22:00;45;sem vítima;60,79999923706055;BR-153/SP;Sul;Colisão Traseira;2;;;;;;;;;;3;;;;
28/12/2010;11:40:00;45;sem vítima;58,79999923706055;BR-153/SP;Norte;Colisão Transversal;;;;;;;;;;2;2;;;;
29/12/2010;18:30:00;89;sem vítima;61,5;BR-153/SP;Sul;Colisão Lateral;1;;;;;;;;;1;2;;;;
29/12/2010;12:33:00;52;sem vítima;116,30000305175781;BR-153/SP;Norte;Saída de Pista;;;;;;;;;;1;1;;;;
29/12/2010;21:02:00;98;com vítima;269,3999938964844;BR-153/SP;Norte;Queda de Moto;;;;1;;;;;;;0;1;;;
29/12/2010;21:53:00;103;sem vítima;338;BR-153/SP;Norte;Saída de Pista;1;;;;;;;;;;1;;;;
30/12/2010;23:04:00;111;sem vítima;26,200000762939453;BR-153/SP;Norte;Colisão Lateral;2;;;;;;;;;1;5;;;;
30/12/2010;17:13:00;84;com vítima;179,10000610351562;BR-153/SP;Norte;Colisão Transversal;1;;;1;;;;;;;1;1;;;
30/12/2010;23:08:00;112;com vítima;339;BR-153/SP;Norte;Tombamento;;;1;;;;;;;;0;1;;;
02/02/2011;21:29:00;118;sem vítima;25;BR-153/SP;Norte;Colisão Transversal;1;;1;;;;;;;;4;;;;
02/02/2011;08:44:00;24;sem vítima;47;BR-153/SP;Norte;Choque contra objeto na faixa de rolamento;1;;;;;;;;;;1;;;;
02/02/2011;17:46:00;102;sem vítima;53,79999923706055;BR-153/SP;Norte;Engavetamento;3;;;;;;;;;;4;;;;
02/02/2011;05:28:00;13;com vítima;65;BR-153/SP;Sul;Atropelamento  de Pedestre;1;;1;;;;;;;;1;;;;1
02/02/2011;21:51:00;120;com vítima;228;BR-153/SP;Norte;Queda de carga sobre a pista;;;;1;;;;;;;0;1;;;
03/02/2011;16:15:00;83;com vítima;67;BR-153/SP;Sul;Colisão Transversal;1;;;1;;;;;;;1;1;;;
03/02/2011;18:06:00;97;com vítima;81;BR-153/SP;Norte;Colisão Lateral;1;;1;;;;;;;;1;1;;;
04/02/2011;15:32:00;69;sem vítima;38;BR-153/SP;Norte;Colisão Traseira;;;2;;;;;;;;2;;;;
04/02/2011;17:28:00;90;sem vítima;46;BR-153/SP;Norte;Colisão Traseira;1;;2;;;;;;;;3;;;;
04/02/2011;23:04:00;114;com vítima;55;BR-153/SP;Sul;Atropelamento  de Pedestre;;;;1;;;;;;;1;;1;;
05/02/2011;04:39:00;16;com vítima;52;BR-153/SP;Norte;Saída de Pista;1;;;;;;;;;;1;2;;;
05/02/2011;13:54:00;54;com vítima;55;BR-153/SP;Norte;Queda de Moto;;;;1;;;;;;;1;;1;;
05/02/2011;09:48:00;34;com vítima;182;BR-153/SP;Sul;Colisão Transversal;;;1;1;;;;;;;1;1;;;
05/02/2011;23:13:00;105;com vítima;279,6000061035156;BR-153/SP;Norte;Saída de Pista;1;;;;;;;;;;3;1;;;
06/02/2011;08:33:00;17;sem vítima;1;BR-153/SP;Sul;Colisão Traseira;;;2;;;;;;;;3;;;;
06/02/2011;17:24:00;88;sem vítima;3;BR-153/SP;Norte;Colisão Traseira;1;;1;;;;;;;1;3;;;;
06/02/2011;19:35:00;107;sem vítima;35;BR-153/SP;Norte;Colisão Traseira;2;;;;;;;;;;2;;;;
06/02/2011;17:37:00;90;sem vítima;58;BR-153/SP;Norte;Colisão Transversal;1;;1;;;;;;;;3;;;;
07/02/2011;15:37:00;80;com vítima;32,900001525878906;BR-153/SP;Norte;Capotamento;1;;;;;;;;;;0;1;;;
07/02/2011;06:55:00;25;com vítima;76;BR-153/SP;Sul;Colisão Transversal;2;;;;;;;;;;2;1;;;
07/02/2011;12:34:00;64;sem vítima;328,79998779296875;BR-153/SP;Sul;Saída de Pista;1;;;;;;;;;;1;;;;
08/02/2011;08:10:00;27;sem vítima;20,5;BR-153/SP;Norte;Colisão Lateral;2;;;;;;;;;;2;;;;
08/02/2011;09:10:00;34;com vítima;30,299999237060547;BR-153/SP;Norte;Colisão Transversal;1;;1;;;;;;;;2;;;2;
08/02/2011;23:21:00;104;com vítima;58,79999923706055;BR-153/SP;Sul;Colisão Transversal;1;;;1;;;;;;;2;1;;;
08/02/2011;07:59:00;24;sem vítima;62;BR-153/SP;Norte;Colisão Traseira;3;;;;;;;;;;3;;;;
08/02/2011;19:42:00;94;com vítima;67,0999984741211;BR-153/SP;Norte;Queda de Moto;;;;1;;;;;;;0;1;;;
08/02/2011;23:38:00;105;sem vítima;72,5;BR-153/SP;Sul;Colisão Transversal;2;;;;;;;;;;6;;;;
09/02/2011;05:58:00;12;com vítima;60,5;BR-153/SP;Norte;Colisão Traseira;;;1;;;;;;;1;1;1;;;
09/02/2011;07:23:00;15;sem vítima;204,89999389648438;BR-153/SP;Norte;Colisão Traseira;2;;;;;;;;;;2;;;;
10/02/2011;14:34:00;84;sem vítima;15,5;BR-153/SP;Norte;Colisão Traseira;;;2;;;;;;;;2;;;;
10/02/2011;06:47:00;16;sem vítima;61,900001525878906;BR-153/SP;Sul;Colisão Traseira;1;;;;;;;;;1;2;;;;
10/02/2011;07:25:00;78;com vítima;61,900001525878906;BR-153/SP;Sul;Engavetamento;4;;;;;;;;;1;6;1;;;
10/02/2011;06:47:00;9;sem vítima;62;BR-153/SP;Sul;Colisão Traseira;2;;;;;;;;;;3;;;;
10/02/2011;07:25:00;77;com vítima;62,20000076293945;BR-153/SP;Sul;Colisão Traseira;1;;;1;;;;;;;1;1;;;
10/02/2011;06:47:00;17;sem vítima;62,400001525878906;BR-153/SP;Sul;Engavetamento;2;;;;;;;;;1;3;;;;
10/02/2011;06:47:00;13;sem vítima;62,70000076293945;BR-153/SP;Sul;Colisão Traseira;1;;;;;;;;;1;2;;;;
10/02/2011;07:00:00;76;sem vítima;62,79999923706055;BR-153/SP;Sul;Colisão Traseira;1;;;;;;;;;1;2;;;;
10/02/2011;06:45:00;14;com vítima;63;BR-153/SP;Sul;Engavetamento;4;;;;;;;;;;3;2;;;
10/02/2011;10:22:00;48;com vítima;68;BR-153/SP;Sul;Choque contra objeto na faixa de rolamento;1;;;;;1;;;;;1;1;;;
10/02/2011;17:13:00;96;sem vítima;70;BR-153/SP;Norte;Colisão com Objeto Fixo;1;;;;;;;;;;1;;;;
10/02/2011;20:49:00;119;sem vítima;230;BR-153/SP;Sul;Saída de Pista;1;;;;;;;;;;1;;;;
11/02/2011;13:41:00;42;com vítima;65,5;BR-153/SP;Sul;Queda de Moto;;;;1;;;;;;;0;2;;;
11/02/2011;21:00:00;77;sem vítima;72,19999694824219;BR-153/SP;Sul;Colisão Traseira;2;;;;;;;;;;5;;;;
12/02/2011;21:43:00;107;sem vítima;13;BR-153/SP;Sul;Colisão Traseira;;;2;;;;;;;;2;;;;
12/02/2011;21:06:00;103;sem vítima;26,100000381469727;BR-153/SP;Norte;Colisão Traseira;;;2;;;;;;;;2;;;;
12/02/2011;09:26:00;36;sem vítima;97;BR-153/SP;Sul;Colisão Lateral;2;;;;;;;;;;2;;;;