data;horario;n_da_ocorrencia;tipo_de_ocorrencia;km;trecho;sentido;tipo_de_acidente;automovel;bicicleta;caminhao;moto;onibus;outros;tracao_animal;transporte_de_cargas_especiais;trator_maquinas;utilitarios;ilesos;levemente_feridos;moderadamente_feridos;gravemente_feridos;mortos
27/04/2011;18:35:00;82;com vítima;49,400001525878906;BR-153/SP;Norte;Colisão Transversal;1;;;1;;;;;;;2;1;1;;
28/04/2011;10:13:00;28;sem vítima;8,5;BR-153/SP;Norte;Colisão Traseira;1;;1;;;;;;;;2;;;;
28/04/2011;22:27:00;90;sem vítima;61;BR-153/SP;Norte;Colisão Transversal;;;2;;;;;;;;3;;;;
28/04/2011;17:03:00;66;sem vítima;98,5;BR-153/SP;Sul;Colisão Traseira;;;2;;;;;;;;2;;;;
29/04/2011;21:23:00;80;com vítima;75,0999984741211;BR-153/SP;Norte;Colisão Traseira;1;;1;;;;;;;;3;1;;;
30/04/2011;06:54:00;18;sem vítima;55,20000076293945;BR-153/SP;Sul;Saída de Pista;1;;;;;;;;;;1;;;;
01/05/2011;17:37:00;67;com vítima;52;BR-153/SP;Sul;Colisão Lateral;2;;;;;;;;;;0;4;;;
01/05/2011;02:04:00;4;sem vítima;58,79999923706055;BR-153/SP;Norte;Saída de Pista;;;;;;;;;;1;1;;;;
01/05/2011;05:17:00;12;com vítima;60,5;BR-153/SP;Norte;Queda de Moto;;;;1;;;;;;;0;1;;;
01/05/2011;12:15:00;41;com vítima;174,39999389648438;BR-153/SP;Norte;Colisão Transversal;2;;;;;;;;;;1;2;;;
02/05/2011;20:00:00;94;com vítima;31;BR-153/SP;Sul;Colisão Transversal;1;;;;;;;;;1;0;5;;;
02/05/2011;11:11:00;57;sem vítima;71,0999984741211;BR-153/SP;Sul;Colisão Traseira;;;1;;;;;;;1;2;;;;
02/05/2011;13:06:00;67;sem vítima;174,39999389648438;BR-153/SP;Norte;Colisão Transversal;1;;1;;;;;;;;2;;;;
02/05/2011;18:11:00;89;com vítima;257,29998779296875;BR-153/SP;Sul;Colisão Lateral;1;;;1;;;;;;;1;1;;;
02/05/2011;17:55:00;87;sem vítima;327;BR-153/SP;Norte;Atropelamento de Animal;1;;;;;;;;;;1;;;;
03/05/2011;10:16:00;37;com vítima;52;BR-153/SP;Sul;Colisão Transversal;1;;;;;;;;;1;1;1;;;
03/05/2011;08:29:00;23;sem vítima;90;BR-153/SP;Sul;Saída de Pista;1;;;;;;;;;;1;;;;
04/05/2011;13:07:00;38;sem vítima;35;BR-153/SP;Norte;Colisão Traseira;1;;1;;;;;;;;2;;;;
05/05/2011;19:02:00;90;com vítima;54;BR-153/SP;Norte;Tombamento;;;1;;;;;;;;0;;1;;
05/05/2011;18:09:00;85;sem vítima;193;BR-153/SP;Norte;Colisão com Objeto Fixo;1;;1;;;;;;;;2;;;;
06/05/2011;07:23:00;18;sem vítima;58,20000076293945;BR-153/SP;Norte;Colisão Traseira;1;;;1;;;;;;;2;;;;
07/05/2011;13:51:00;48;com vítima;75;BR-153/SP;Norte;Colisão Transversal;2;;;;;;;;;;3;2;;;
07/05/2011;10:45:00;34;sem vítima;99;BR-153/SP;Norte;Colisão Traseira;2;;;;;;;;;;2;;;;
07/05/2011;03:01:00;8;sem vítima;321;BR-153/SP;Norte;Saída de Pista;1;;;;;;;;;;2;;;;
08/05/2011;07:03:00;18;com vítima;63,0620002746582;BR-153/SP;Norte;Colisão Traseira;2;;;;;;;;;;2;1;;;
08/05/2011;19:29:00;64;com vítima;71,80000305175781;BR-153/SP;Norte;Colisão Traseira;1;;;1;;;;;;;5;1;;;
08/05/2011;14:43:00;40;com vítima;96;BR-153/SP;Sul;Atropelamento  de Pedestre;1;;;;;;;;;;4;;;;1
08/05/2011;08:37:00;20;sem vítima;99;BR-153/SP;Norte;Colisão Traseira;;;2;;;;;;;;2;;;;
08/05/2011;17:55:00;53;com vítima;105,69999694824219;BR-153/SP;Norte;Colisão Transversal;;;;2;;;;;;;1;1;;;
08/05/2011;21:51:00;75;sem vítima;147,5;BR-153/SP;Sul;Colisão Lateral;;;2;;;;;;;;3;;;;
08/05/2011;06:55:00;17;com vítima;170,60000610351562;BR-153/SP;Sul;Colisão Traseira;1;;1;;;;;;;;1;1;;;
09/05/2011;11:26:00;50;com vítima;70;BR-153/SP;Norte;Tombamento;;;1;;;;;;;;0;1;;;
10/05/2011;08:33:00;27;com vítima;41,599998474121094;BR-153/SP;Norte;Colisão Frontal;1;;;;;1;;;;1;2;;;1;
11/05/2011;23:09:00;89;sem vítima;62,20000076293945;BR-153/SP;Sul;Colisão Traseira;1;;;;;;;;;;1;;;;
12/05/2011;18:14:00;55;sem vítima;31;BR-153/SP;Norte;Colisão Transversal;1;;;;;;;;;1;2;;;;
12/05/2011;06:29:00;17;com vítima;50;BR-153/SP;Norte;Queda de Moto;;;;1;;;;;;;0;;;1;
12/05/2011;08:26:00;25;sem vítima;56;BR-153/SP;Norte;Colisão Traseira;1;;;;;1;;;;;2;;;;
12/05/2011;09:01:00;31;sem vítima;62,79999923706055;BR-153/SP;Sul;Engavetamento;5;;;;;;;;;2;11;;;;
12/05/2011;15:04:00;49;com vítima;71;BR-153/SP;Norte;Colisão Frontal;1;;1;;;;;;;;1;;;;1
12/05/2011;02:05:00;9;sem vítima;274,5;BR-153/SP;Norte;Tombamento;;;1;;;;;;;;1;;;;
13/05/2011;19:25:00;89;sem vítima;26,5;BR-153/SP;Norte;Colisão Lateral;1;;;;;;;;;;1;;;;
13/05/2011;22:01:00;101;com vítima;57,099998474121094;BR-153/SP;Norte;Queda de Moto;;;;1;;1;;;;;1;1;1;;
13/05/2011;01:20:00;4;com vítima;61;BR-153/SP;Norte;Capotamento;1;;;;;;;;;;0;1;;;
13/05/2011;20:23:00;95;com vítima;69,69999694824219;BR-153/SP;Sul;Saída de Pista;1;;;;;;;;;;0;1;;;
13/05/2011;17:25:00;79;sem vítima;75;BR-153/SP;Sul;Atropelamento de Animal;;;;;;;;;;1;1;;;;
13/05/2011;15:37:00;67;com vítima;161,3000030517578;BR-153/SP;Sul;Colisão Transversal;1;;;1;;;;;;;2;1;;;
13/05/2011;08:06:00;24;com vítima;274;BR-153/SP;Norte;Queda de Moto;;;;2;;;;;;;1;1;;;
14/05/2011;18:50:00;77;com vítima;71;BR-153/SP;Sul;Colisão Transversal;1;;;1;;;;;;;1;;;;1
14/05/2011;06:52:00;17;sem vítima;142;BR-153/SP;Sul;Saída de Pista;1;;;;;;;;;;1;;;;
14/05/2011;20:51:00;87;com vítima;221;BR-153/SP;Norte;Atropelamento  de Pedestre;;;;;;;;;;;0;;1;;
14/05/2011;18:15:00;76;sem vítima;288,6000061035156;BR-153/SP;Sul;Incidente;1;;1;;;;;;;;2;;;;
15/05/2011;02:38:00;5;sem vítima;39,599998474121094;BR-153/SP;Norte;Saída de Pista;1;;;;;;;;;;1;;;;
15/05/2011;19:37:00;72;com vítima;77,5;BR-153/SP;Norte;Colisão Frontal;2;;;;;;;;;;1;4;;1;
15/05/2011;03:03:00;6;sem vítima;298,79998779296875;BR-153/SP;Norte;Colisão Lateral;1;;;;;1;;;;;5;;;;
17/05/2011;16:40:00;68;sem vítima;35;BR-153/SP;Sul;Colisão Traseira;;;2;;;1;;;;;3;;;;
17/05/2011;14:55:00;59;com vítima;43,599998474121094;BR-153/SP;Norte;Capotamento;1;;;;;;;;;;0;4;;;
17/05/2011;05:42:00;9;sem vítima;45,70000076293945;BR-153/SP;Norte;Colisão Lateral;1;;;;;;;;;1;2;;;;
17/05/2011;09:33:00;27;sem vítima;69,5;BR-153/SP;Norte;Colisão Transversal;1;;1;;;;;;;;2;;;;
17/05/2011;19:20:00;79;com vítima;339,5;BR-153/SP;Sul;Colisão Transversal;;;;1;;;;;;1;1;;1;;
18/05/2011;12:35:00;52;sem vítima;154,10000610351562;BR-153/SP;Norte;Colisão com Objeto Fixo;2;;;;;;;;;;2;;;;
18/05/2011;19:44:00;89;sem vítima;219;BR-153/SP;Sul;Tombamento;;;;;;;;;;1;1;;;;
19/05/2011;18:17:00;86;com vítima;99;BR-153/SP;Sul;Colisão Frontal;1;;;1;;;;;;;1;;1;;
20/05/2011;08:06:00;22;sem vítima;58;BR-153/SP;Norte;Colisão Transversal;1;;1;;;;;;;;3;;;;
20/05/2011;07:08:00;15;sem vítima;59,79999923706055;BR-153/SP;Sul;Queda de Moto;;;;1;;;;;;;1;;;;
20/05/2011;18:51:00;80;sem vítima;174,39999389648438;BR-153/SP;Norte;Colisão Transversal;1;;;;;;;;;1;4;;;;
20/05/2011;18:22:00;75;com vítima;256;BR-153/SP;Norte;Colisão Transversal;1;;;1;;;;;;;1;1;;;
20/05/2011;08:44:00;28;com vítima;279,8999938964844;BR-153/SP;Norte;Capotamento;2;;;;;;;;;;1;1;;;
21/05/2011;04:57:00;9;com vítima;0;BR-153/SP;Norte;Colisão Frontal;1;;1;;;;;;;;1;1;;;
21/05/2011;09:02:00;25;sem vítima;183;BR-153/SP;Norte;Colisão Traseira;1;;;;;1;;;;;2;;;;
22/05/2011;18:34:00;72;com vítima;59;BR-153/SP;Sul;Engavetamento;3;;;;;1;;;;;3;2;1;;
22/05/2011;18:06:00;71;com vítima;106,69999694824219;BR-153/SP;Norte;Colisão Transversal;2;;;;;;;;;;1;3;;;
22/05/2011;18:52:00;74;sem vítima;112;BR-153/SP;Sul;Colisão Traseira;1;;;;;1;;;;;3;;;;
22/05/2011;09:08:00;25;sem vítima;182,8000030517578;BR-153/SP;Norte;Colisão Traseira;1;;1;;;;;;;;2;;;;
22/05/2011;06:17:00;7;sem vítima;195;BR-153/SP;Norte;Saída de Pista;1;;;;;;;;;;1;;;;
23/05/2011;10:03:00;25;com vítima;74;BR-153/SP;Norte;Choque contra objeto na faixa de rolamento;;;;1;;;;;;;0;1;;;
23/05/2011;14:24:00;46;sem vítima;144;BR-153/SP;Norte;Colisão Traseira;;;2;;;;;;;;3;;;;
23/05/2011;12:05:00;37;com vítima;285,70001220703125;BR-153/SP;Norte;Queda de Moto;;;;1;;;;;;;0;1;;;
24/05/2011;22:03:00;75;sem vítima;35;BR-153/SP;Sul;Colisão na Praça - Cancela;;;1;;;;;;;;1;;;;
24/05/2011;08:45:00;20;sem vítima;58;BR-153/SP;Norte;Colisão Transversal;2;;;;;;;;;;2;;;;
24/05/2011;08:10:00;14;sem vítima;174;BR-153/SP;Norte;Colisão Transversal;1;;1;;;;;;;;2;;;;
25/05/2011;20:46:00;84;com vítima;40,005001068115234;BR-153/SP;Norte;Colisão Traseira;;;1;;;;;;;1;1;1;;;
26/05/2011;11:36:00;38;com vítima;29;BR-153/SP;Norte;Queda de Moto;;;;1;;;;;;;0;2;;;
26/05/2011;10:08:00;33;com vítima;256;BR-153/SP;Norte;Colisão Transversal;;;1;1;;;;;;;1;1;;;
26/05/2011;18:29:00;76;sem vítima;256;BR-153/SP;Sul;Queda de Moto;;;;1;;;;;;;1;;;;
27/05/2011;18:29:00;75;com vítima;47,5;BR-153/SP;Norte;Queda de Moto;;;;1;;;;;;;0;1;;;
27/05/2011;16:59:00;70;sem vítima;58,79999923706055;BR-153/SP;Norte;Colisão Transversal;1;;;1;;;;;;;2;;;;
27/05/2011;13:03:00;50;sem vítima;63;BR-153/SP;Norte;Colisão Traseira;2;;;;;;;;;;4;;;;
27/05/2011;05:46:00;16;com vítima;67,0999984741211;BR-153/SP;Sul;Colisão Lateral;1;;1;;;;;;;;1;1;;;
27/05/2011;19:16:00;79;com vítima;75;BR-153/SP;Sul;Queda de Moto;;;;1;;;;;;;0;1;;;
27/05/2011;19:19:00;80;sem vítima;81;BR-153/SP;Norte;Colisão Transversal;1;;1;;;;;;;;2;;;;
28/05/2011;18:49:00;67;sem vítima;56;BR-153/SP;Norte;Colisão Traseira;2;;;;;;;;;;2;;;;
28/05/2011;09:53:00;32;sem vítima;58;BR-153/SP;Norte;Colisão Transversal;1;;;1;;;;;;;3;;;;
28/05/2011;20:38:00;82;com vítima;192,6999969482422;BR-153/SP;Norte;Queda de Moto;;;;1;;1;;;;;1;1;;;
28/05/2011;10:19:00;34;com vítima;342,79998779296875;BR-153/SP;Sul;Atropelamento de Ciclista;1;1;;;;;;;;;4;1;;;
29/05/2011;20:26:00;74;sem vítima;19;BR-153/SP;Norte;Colisão Lateral;2;;;;;;;;;;5;;;;
29/05/2011;03:12:00;10;sem vítima;47,900001525878906;BR-153/SP;Sul;Colisão Traseira;1;;1;;;;;;;;5;;;;
29/05/2011;18:10:00;59;com vítima;57;BR-153/SP;Sul;Colisão Transversal;2;;;;;;;;;;2;2;;;
29/05/2011;11:39:00;40;com vítima;84;BR-153/SP;Norte;Colisão Lateral;1;;1;;;2;;;;;3;;1;;
29/05/2011;11:49:00;41;sem vítima;84;BR-153/SP;Sul;Engavetamento;3;;;;;;;;;;4;;;;
30/05/2011;14:01:00;60;com vítima;37;BR-153/SP;Norte;Colisão com Objeto Fixo;;;1;;;;;;;;0;1;;;
30/05/2011;07:33:00;20;sem vítima;70;BR-153/SP;Norte;Colisão Traseira;3;;;;;;;;;;6;;;;
30/05/2011;07:04:00;15;com vítima;335;BR-153/SP;Sul;Colisão Traseira;2;;;;;;;;;;0;3;;;
31/05/2011;18:42:00;73;sem vítima;62,599998474121094;BR-153/SP;Sul;Colisão Traseira;1;;;;;;;;;1;2;;;;
01/06/2011;02:50:00;93;sem vítima;58,79999923706055;BR-153/SP;Norte;Colisão Traseira;2;;;;;;;;;;2;;;;
01/06/2011;17:13:00;68;com vítima;63,900001525878906;BR-153/SP;Norte;Choque contra objeto na faixa de rolamento;;1;;1;;;;;;;1;1;;;
01/06/2011;11:47:00;46;com vítima;106,5;BR-153/SP;Norte;Colisão Transversal;;;;2;;;;;;;0;3;;;
01/06/2011;19:03:00;73;com vítima;174,39999389648438;BR-153/SP;Norte;Queda de Moto;;;;1;;;;;;;0;1;;;
02/06/2011;07:05:00;11;com vítima;55,79999923706055;BR-153/SP;Norte;Colisão Transversal;1;1;;;;;;;;;4;1;;;
02/06/2011;07:54:00;17;com vítima;74,80000305175781;BR-153/SP;Norte;Colisão Transversal;1;;;1;;;;;;;1;1;;;
03/06/2011;17:46:00;69;com vítima;27,799999237060547;BR-153/SP;Norte;Colisão Transversal;;;;1;;;;;;1;2;;;;1
03/06/2011;20:20:00;83;sem vítima;58,70000076293945;BR-153/SP;Norte;Colisão Transversal;;;;;;;;;;2;2;;;;
03/06/2011;08:11:00;20;com vítima;62,20000076293945;BR-153/SP;Sul;Engavetamento;2;;;1;;;;;;1;3;1;;;
03/06/2011;06:54:00;13;sem vítima;62,5;BR-153/SP;Sul;Colisão Traseira;1;;;;;;;;;1;2;;;;
03/06/2011;07:53:00;18;sem vítima;62,5;BR-153/SP;Sul;Colisão Traseira;2;;;;;;;;;;2;;;;
03/06/2011;18:34:00;73;com vítima;155,5;BR-153/SP;Sul;Colisão Transversal;1;;;;;;;;;1;0;2;1;1;
04/06/2011;10:17:00;28;com vítima;25;BR-153/SP;Norte;Colisão Transversal;;;;1;;;;;;1;1;;1;;
04/06/2011;21:58:00;72;com vítima;58;BR-153/SP;Norte;Queda de Moto;;;;1;;;;;;;0;1;;;
04/06/2011;04:35:00;13;sem vítima;147;BR-153/SP;Norte;Colisão Transversal;1;;1;;;;;;;;2;;;;
04/06/2011;19:24:00;60;sem vítima;261,79998779296875;BR-153/SP;Norte;Colisão Lateral;1;;1;;;;;;;;3;;;;
05/06/2011;16:14:00;73;sem vítima;34,900001525878906;BR-153/SP;Sul;Colisão Traseira;2;;;;;;;;;;3;;;;
05/06/2011;18:39:00;84;sem vítima;183,8000030517578;BR-153/SP;Sul;Colisão Lateral;;;1;;;;;;;1;2;;;;
05/06/2011;16:48:00;75;com vítima;187;BR-153/SP;Norte;Capotamento;1;;;;;;;;;;0;1;;;
05/06/2011;03:08:00;15;sem vítima;257;BR-153/SP;Sul;Colisão Traseira;2;;;;;;;;;;2;;;;
06/06/2011;20:35:00;76;com vítima;58,79999923706055;BR-153/SP;Sul;Queda de Moto;1;;;1;;;;;;;1;2;;;
07/06/2011;14:04:00;54;com vítima;53,79999923706055;BR-153/SP;Norte;Colisão Transversal;;;1;1;;;;;;;1;;;;1
07/06/2011;09:24:00;24;com vítima;55;BR-153/SP;Norte;Colisão Traseira;1;;1;;;;;;;;1;1;;;
07/06/2011;20:26:00;81;sem vítima;69;BR-153/SP;Sul;Colisão Traseira;1;;;;;1;;;;;3;;;;
07/06/2011;18:39:00;73;sem vítima;110;BR-153/SP;Norte;Atropelamento de Animal;;;;;1;;;;;;1;;;;
07/06/2011;16:53:00;65;com vítima;208,85000610351562;BR-153/SP;Norte;Queda de Moto;;;;1;;;;;;;0;1;;;
08/06/2011;23:48:00;82;sem vítima;35,5;BR-153/SP;Sul;Capotamento;1;;;;;;;;;;1;;;;
08/06/2011;15:14:00;56;sem vítima;46,5;BR-153/SP;Norte;Colisão Traseira;2;;;;;;;;;;2;;;;
08/06/2011;20:04:00;69;sem vítima;261;BR-153/SP;Norte;Colisão Traseira;2;;1;;;1;;;;;7;;;;
08/06/2011;06:33:00;12;com vítima;261,6000061035156;BR-153/SP;Norte;Capotamento;;;;;;;;;;1;0;1;;;
09/06/2011;12:59:00;48;sem vítima;48;BR-153/SP;Norte;Tombamento;;;1;;;;;;;;2;;;;
09/06/2011;17:57:00;76;sem vítima;75;BR-153/SP;Sul;Colisão Traseira;1;;1;;;;;;;;2;;;;
09/06/2011;15:17:00;67;com vítima;230;BR-153/SP;Norte;Saída de Pista;1;;;;;;;;;;1;1;1;;
09/06/2011;04:38:00;12;sem vítima;319;BR-153/SP;Sul;Saída de Pista;1;;;;;;;;;;1;;;;
10/06/2011;23:49:00;144;com vítima;4,699999809265137;BR-153/SP;Sul;Saída de Pista;1;;;;;;;;;;0;1;;;
10/06/2011;18:21:00;115;sem vítima;60,5;BR-153/SP;Sul;Colisão Traseira;2;;;;;;;;;1;3;;;;
10/06/2011;18:50:00;119;sem vítima;61,5;BR-153/SP;Sul;Colisão Traseira;2;;;;;;;;;;2;;;;
10/06/2011;18:34:00;118;com vítima;63,79999923706055;BR-153/SP;Sul;Engavetamento;5;;2;;;;;;;1;12;1;;;
10/06/2011;19:22:00;125;com vítima;65,19999694824219;BR-153/SP;Norte;Queda de Moto;;;;1;;;;;;;0;1;;;
10/06/2011;00:05:00;1;sem vítima;100;BR-153/SP;Norte;Saída de Pista;1;;;;;;;;;;3;;;;
10/06/2011;17:06:00;104;com vítima;230;BR-153/SP;Norte;Colisão com Objeto Fixo;1;;;;;;;;;;1;1;;;
10/06/2011;18:18:00;114;com vítima;256,20001220703125;BR-153/SP;Norte;Colisão Transversal;1;;;1;;;;;;;1;1;;;
11/06/2011;21:05:00;88;com vítima;58,70000076293945;BR-153/SP;Norte;Colisão Transversal;;;1;;;;;;;1;2;1;1;;
11/06/2011;02:27:00;8;sem vítima;71;BR-153/SP;Norte;Colisão Transversal;1;;;;;1;;;;;2;;;;
11/06/2011;02:30:00;6;sem vítima;230;BR-153/SP;Sul;Tombamento;1;;;;;;;;;;1;;;;
11/06/2011;13:06:00;53;com vítima;274,3999938964844;BR-153/SP;Norte;Tombamento;;;1;;;;;;;;0;;;1;
12/06/2011;03:45:00;10;com vítima;277,5;BR-153/SP;Norte;Saída de Pista;1;;;;;;;;;;0;1;;;
12/06/2011;16:16:00;75;com vítima;286,79998779296875;BR-153/SP;Sul;Colisão Traseira;;;;;;;;;;2;7;2;;;
13/06/2011;06:39:00;15;sem vítima;61,5;BR-153/SP;Sul;Queda de Moto;;;;1;;;;;;;1;;;;
13/06/2011;05:35:00;9;sem vítima;75;BR-153/SP;Sul;Saída de Pista;1;;;;;;;;;;2;;;;
13/06/2011;06:38:00;14;com vítima;75;BR-153/SP;Sul;Colisão Traseira;1;;;1;;;;;;;1;1;;;
13/06/2011;23:51:00;102;com vítima;166,89999389648438;BR-153/SP;Sul;Atropelamento de Animal;1;;;;;;;;;;1;1;;;
13/06/2011;09:51:00;32;sem vítima;185,3000030517578;BR-153/SP;Sul;Saída de Pista;1;;;;;;;;;1;4;;;;
13/06/2011;06:15:00;13;com vítima;263,29998779296875;BR-153/SP;Norte;Saída de Pista;1;;;;;;;;;;3;1;;;
14/06/2011;11:18:00;51;sem vítima;12;BR-153/SP;Norte;Saída de Pista;;;1;;;;;;;;1;;;;
14/06/2011;17:45:00;90;com vítima;52;BR-153/SP;Sul;Queda de Moto;;;;1;;;;;;;0;1;;;
14/06/2011;07:04:00;15;com vítima;61;BR-153/SP;Norte;Engavetamento;5;;;;;1;;;;;7;1;;;
14/06/2011;07:04:00;21;sem vítima;61;BR-153/SP;Norte;Colisão Traseira;2;;;;;;;;;;2;;;;
14/06/2011;17:50:00;91;com vítima;75,9000015258789;BR-153/SP;Sul;Queda de Moto;;;;1;;;;;;;1;1;;;
15/06/2011;08:51:00;30;sem vítima;17;BR-153/SP;Sul;Engavetamento;2;;1;;;;;;;1;6;;;;
15/06/2011;18:21:00;83;sem vítima;33,099998474121094;BR-153/SP;Norte;Colisão Lateral;;;1;;;;;;;1;3;;;;
15/06/2011;11:41:00;45;sem vítima;59;BR-153/SP;Sul;Colisão Lateral;1;1;;;;;;;;;2;;;;
15/06/2011;23:28:00;105;sem vítima;268,1000061035156;BR-153/SP;Sul;Colisão com Objeto Fixo;;;1;;;;;;;;1;;;;
16/06/2011;08:02:00;16;sem vítima;62;BR-153/SP;Norte;Engavetamento;2;;;;;;;;;1;3;;;;
16/06/2011;18:36:00;64;sem vítima;91,5;BR-153/SP;Norte;Colisão Lateral;;;1;;1;;;;;;3;;;;
16/06/2011;09:52:00;28;sem vítima;122;BR-153/SP;Norte;Colisão Lateral;;;1;;;;;;;1;2;;;;
16/06/2011;20:01:00;74;com vítima;174;BR-153/SP;Norte;Colisão Transversal;1;;1;;;;;;;;1;1;;;
17/06/2011;16:27:00;50;sem vítima;58;BR-153/SP;Norte;Colisão Transversal;1;;;1;;;;;;;2;;;;
17/06/2011;17:24:00;53;sem vítima;63;BR-153/SP;Norte;Colisão Traseira;;;;;;;;;;2;3;;;;
17/06/2011;10:20:00;31;sem vítima;264;BR-153/SP;Norte;Colisão com Objeto Fixo;;;1;;;;;;;;1;;;;
17/06/2011;13:21:00;40;sem vítima;280;BR-153/SP;Norte;Colisão Transversal;2;;;;;;;;;;2;;;;
18/06/2011;21:50:00;97;sem vítima;67;BR-153/SP;Sul;Incidente;2;;;;;;;;;;3;;;;
18/06/2011;10:46:00;39;sem vítima;217;BR-153/SP;Norte;Colisão Traseira;1;;;;;1;;;;;2;;;;
19/06/2011;11:36:00;48;com vítima;52;BR-153/SP;Norte;Queda de Moto;;;;1;;;;;;;0;1;;;
19/06/2011;23:29:00;86;sem vítima;61,5;BR-153/SP;Norte;Queda de Moto;;;;1;;;;;;;2;;;;
19/06/2011;18:44:00;75;com vítima;91;BR-153/SP;Norte;Queda de Moto;;;;1;;;;;;;0;1;1;;
20/06/2011;07:48:00;17;com vítima;61;BR-153/SP;Sul;Colisão Traseira;2;;;;;;;;;;3;1;;;
20/06/2011;13:00:00;48;com vítima;61;BR-153/SP;Norte;Queda de Moto;;;;1;;;;;;;0;1;;;
20/06/2011;20:01:00;76;sem vítima;62;BR-153/SP;Sul;Colisão Lateral;;;2;;;;;;;;2;;;;
20/06/2011;07:54:00;18;sem vítima;62,5;BR-153/SP;Norte;Colisão Traseira;;;;1;;;;;;1;2;;;;
20/06/2011;09:16:00;24;com vítima;71;BR-153/SP;Norte;Colisão Traseira;1;;;1;;;;;;;1;2;;;
21/06/2011;15:48:00;49;com vítima;31;BR-153/SP;Norte;Colisão Lateral;;;;1;;;;;;1;1;;1;;
21/06/2011;09:29:00;16;sem vítima;35;BR-153/SP;Sul;Colisão Traseira;;;2;;;;;;;;2;;;;
21/06/2011;11:37:00;32;sem vítima;217;BR-153/SP;Sul;Colisão Traseira;2;;;;;;;;;;2;;;;
21/06/2011;10:26:00;25;com vítima;280,70001220703125;BR-153/SP;Norte;Capotamento;2;;;;;;;;;;2;1;;;
22/06/2011;07:18:00;16;sem vítima;62,70000076293945;BR-153/SP;Sul;Engavetamento;2;;;;;;;;;1;3;;;;
22/06/2011;19:42:00;71;com vítima;118,5;BR-153/SP;Norte;Colisão Frontal;1;;;1;;;;;;;0;1;;1;
22/06/2011;04:54:00;13;com vítima;119;BR-153/SP;Norte;Colisão Traseira;;;1;;;;;;;1;2;1;;;
22/06/2011;08:52:00;26;com vítima;257;BR-153/SP;Norte;Queda de Moto;;;;1;;;;;;;0;1;;;
23/06/2011;09:04:00;22;sem vítima;98;BR-153/SP;Sul; INCIDENTE - Colisão na Praça - Cancela;;;2;;;;;;;;2;;;;
23/06/2011;19:18:00;70;com vítima;174,39999389648438;BR-153/SP;Norte;Colisão Transversal;;;;;;;;;;2;1;3;;;
24/06/2011;19:34:00;62;sem vítima;70,5;BR-153/SP;Sul;Colisão Traseira;3;;;;;;;;;;3;;;;
24/06/2011;21:04:00;73;sem vítima;109;BR-153/SP;Norte;Engavetamento;4;;;;;;;;;;13;;;;
24/06/2011;00:33:00;3;sem vítima;114;BR-153/SP;Sul;Atropelamento de Animal;1;;;;;;;;;;1;;;;
25/06/2011;21:32:00;71;sem vítima;60;BR-153/SP;Norte;Atropelamento de Animal;1;;;;;;;;;;1;;;;
25/06/2011;02:46:00;11;com vítima;84;BR-153/SP;Norte;Capotamento;1;;;;;;;;;;0;3;;;
26/06/2011;09:13:00;35;sem vítima;256;BR-153/SP;Norte;Colisão Traseira;1;;;1;;;;;;;2;;;;
27/06/2011;20:02:00;73;com vítima;5,199999809265137;BR-153/SP;Norte;Saída de Pista;1;;;;;;;;;;0;1;;;
28/06/2011;15:51:00;63;com vítima;10;BR-153/SP;Norte;Choque contra objeto na faixa de rolamento;;;;1;;;;;;;0;1;;;
29/06/2011;08:23:00;18;sem vítima;12,600000381469727;BR-153/SP;Norte;Colisão Traseira;2;;;;;;;;;;3;;;;
29/06/2011;20:12:00;61;com vítima;40,900001525878906;BR-153/SP;Norte;Queda de Moto;;;;1;;;;;;;0;1;;;
29/06/2011;10:36:00;30;sem vítima;62,29999923706055;BR-153/SP;Norte;Engavetamento;;;;;;;;;;3;3;;;;
29/06/2011;10:51:00;32;com vítima;63;BR-153/SP;Norte;Colisão Traseira;2;;;;;;;;;;2;1;;;
29/06/2011;01:36:00;4;sem vítima;200;BR-153/SP;Norte;Colisão com Objeto Fixo;1;;;;;;;;;;1;;;;
30/06/2011;19:44:00;69;com vítima;58,79999923706055;BR-153/SP;Norte;Colisão Transversal;1;;;1;;;;;;;2;1;;;
01/07/2011;09:32:00;28;com vítima;340;BR-153/SP;Sul;Colisão Frontal;1;;1;;;;;;;;1;1;1;;