data;horario;n_da_ocorrencia;tipo_de_ocorrencia;km;trecho;sentido;tipo_de_acidente;automovel;bicicleta;caminhao;moto;onibus;outros;tracao_animal;transporte_de_cargas_especiais;trator_maquinas;utilitarios;ilesos;levemente_feridos;moderadamente_feridos;gravemente_feridos;mortos
02/07/2011;20:40:00;87;sem vítima;58;BR-153/SP;Norte;Colisão Transversal;2;;;;;;;;;;7;;;;
02/07/2011;18:56:00;69;sem vítima;80;BR-153/SP;Norte;Colisão Traseira;1;;1;;1;;;;;;5;;;;
02/07/2011;13:11:00;41;com vítima;172;BR-153/SP;Sul;Saída de Pista;1;;;;;;;;;;0;;2;;
03/07/2011;17:21:00;72;com vítima;61;BR-153/SP;Norte;Colisão Lateral;;;;1;;;;;;;0;;1;;
03/07/2011;15:00:00;65;sem vítima;264;BR-153/SP;Norte;Colisão Traseira;;;2;;;;;;;;2;;;;
04/07/2011;07:01:00;9;sem vítima;72;BR-153/SP;Norte;Colisão Lateral;1;;;;1;;;;;;3;;;;
04/07/2011;22:49:00;83;com vítima;307,79998779296875;BR-153/SP;Sul;Saída de Pista;;;;;;;;;;1;0;1;;;
05/07/2011;00:10:00;2;com vítima;20;BR-153/SP;Norte;Saída de Pista;;;;;;;;;;1;0;1;;;
05/07/2011;07:38:00;14;com vítima;58;BR-153/SP;Norte;Colisão Transversal;;;1;1;;;;;;;1;;2;;
06/07/2011;18:42:00;61;com vítima;35,79999923706055;BR-153/SP;Norte;Colisão Transversal;;;;1;;;;;;1;2;1;;;
06/07/2011;07:33:00;13;sem vítima;87;BR-153/SP;Norte;Engavetamento;;;3;;;;;;;;3;;;;
07/07/2011;13:56:00;41;com vítima;174,39999389648438;BR-153/SP;Norte;Colisão Transversal;2;;;;;;;;;;0;1;1;;
07/07/2011;06:17:00;11;sem vítima;258;BR-153/SP;Sul;Atropelamento de Animal;;;1;;;;;;;;2;;;;
08/07/2011;20:01:00;72;sem vítima;17,700000762939453;BR-153/SP;Sul;Colisão Lateral;1;;2;;;;;;;;8;;;;
08/07/2011;13:32:00;43;sem vítima;58,70000076293945;BR-153/SP;Norte;Colisão Transversal;1;;1;;;;;;;;2;;;;
08/07/2011;20:36:00;76;com vítima;59;BR-153/SP;Sul;Saída de Pista;;;;;;;;;;1;0;;1;;
08/07/2011;03:46:00;9;com vítima;69;BR-153/SP;Sul;Saída de Pista;1;;;;;;;;;;0;1;;;
08/07/2011;17:03:00;61;sem vítima;211;BR-153/SP;Norte;Engavetamento;2;;1;;;;;;;;5;;;;
08/07/2011;18:52:00;66;com vítima;256,1000061035156;BR-153/SP;Sul;Colisão Transversal;1;;;1;;;;;;;3;1;;;
09/07/2011;04:07:00;5;com vítima;61,70000076293945;BR-153/SP;Norte;Atropelamento de Ciclista;;2;;1;;1;;;;;3;1;1;;
09/07/2011;21:13:00;76;com vítima;271,8999938964844;BR-153/SP;Norte;Queda de Moto;;;1;1;;1;;;;1;4;1;;;
10/07/2011;13:57:00;36;com vítima;22,700000762939453;BR-153/SP;Norte;Colisão Traseira;1;;2;;;;;;;;4;1;;;
10/07/2011;06:59:00;11;sem vítima;38;BR-153/SP;Norte;Colisão Traseira;1;;;;;1;;;;;3;;;;
10/07/2011;04:53:00;4;sem vítima;119;BR-153/SP;Norte;Colisão Lateral;1;;1;;;;;;;;2;;;;
10/07/2011;17:24:00;53;sem vítima;195;BR-153/SP;Norte;Saída de Pista;1;;;;;;;;;;1;;;;
11/07/2011;15:09:00;54;sem vítima;32,5;BR-153/SP;Sul;Saída de Pista;1;;;;;1;;;;;3;;;;
11/07/2011;13:12:00;42;com vítima;48;BR-153/SP;Sul;Saída de Pista;1;;;;;;;;;;0;1;;;
11/07/2011;22:57:00;88;com vítima;99;BR-153/SP;Norte;Colisão Transversal;1;;1;;;;;;;;3;;1;;
12/07/2011;11:26:00;42;sem vítima;78;BR-153/SP;Norte;Colisão Transversal;;;2;;;;;;;;2;;;;
13/07/2011;10:10:00;31;com vítima;66;BR-153/SP;Sul;Colisão Lateral;1;;;1;;;;;;;1;2;;;
13/07/2011;18:55:00;57;sem vítima;152;BR-153/SP;Norte;Colisão Traseira;2;;;;;;;;;;8;;;;
13/07/2011;02:27:00;3;com vítima;172,8000030517578;BR-153/SP;Norte;Atropelamento de Animal;;;;1;1;;;;;;1;1;;;
13/07/2011;07:48:00;18;sem vítima;174;BR-153/SP;Norte;Colisão Transversal;2;;;;;;;;;;2;;;;
14/07/2011;15:00:00;51;com vítima;27,700000762939453;BR-153/SP;Norte;Colisão Transversal;;;2;;;;;;;;2;1;;;
14/07/2011;11:10:00;39;com vítima;62;BR-153/SP;Norte;Colisão Traseira;1;;1;;;;;;;;1;2;;;
14/07/2011;17:25:00;64;sem vítima;62;BR-153/SP;Norte;Colisão Traseira;1;;;;;;;;;1;2;;;;
14/07/2011;16:44:00;61;com vítima;82;BR-153/SP;Norte;Colisão Transversal;3;;;;;;;;;;4;4;;;
15/07/2011;22:53:00;96;sem vítima;25,5;BR-153/SP;Sul;Colisão Transversal;1;;1;;;;;;;;3;;;;
15/07/2011;11:05:00;36;com vítima;70;BR-153/SP;Sul;Colisão Traseira;2;;;;1;;;;;;3;1;;;
15/07/2011;16:49:00;66;com vítima;89;BR-153/SP;Sul;Colisão Lateral;3;;1;;;;;;;;7;1;;;
15/07/2011;16:11:00;64;sem vítima;292,79998779296875;BR-153/SP;Norte;Tombamento;;;1;;;;;;;;1;;;;
16/07/2011;19:13:00;69;sem vítima;73;BR-153/SP;Norte;Colisão Traseira;2;;;;;;;;;;6;;;;
16/07/2011;07:04:00;11;sem vítima;195;BR-153/SP;Norte;Colisão com Objeto Fixo;1;;;;;;;;;;1;;;;
17/07/2011;11:32:00;34;sem vítima;0;BR-153/SP;Norte;Colisão Traseira;2;;;;;;;;;;2;;;;
17/07/2011;11:58:00;39;com vítima;58;BR-153/SP;Norte;Colisão Transversal;1;;;1;;;;;;;1;1;;;
17/07/2011;00:36:00;2;sem vítima;230;BR-153/SP;Sul;Saída de Pista;1;;;;;;;;;;2;;;;
17/07/2011;01:00:00;4;com vítima;327;BR-153/SP;Sul;Saída de Pista;1;;;;;;;;;;2;1;1;1;
18/07/2011;19:56:00;78;sem vítima;35,79999923706055;BR-153/SP;Sul;Colisão Lateral;1;;1;;;;;;;;5;;;;
18/07/2011;17:46:00;63;com vítima;58;BR-153/SP;Sul;Colisão Traseira;1;;;1;;;;;;;1;1;;;
18/07/2011;18:26:00;69;sem vítima;72;BR-153/SP;Norte;Colisão Transversal;;;1;;;;;;;1;2;;;;
19/07/2011;12:46:00;41;com vítima;27;BR-153/SP;Norte;Choque contra objeto na faixa de rolamento;2;;;;;1;;;;;2;;;;1
19/07/2011;16:23:00;57;sem vítima;35,79999923706055;BR-153/SP;Sul;Colisão Traseira;;;1;;;;;;;1;2;;;;
19/07/2011;08:41:00;23;sem vítima;55,900001525878906;BR-153/SP;Norte;Colisão Traseira;1;;1;;;;;;;;4;;;;
19/07/2011;07:30:00;19;sem vítima;58;BR-153/SP;Norte;Queda de Moto;;;;1;;;;;;;1;;;;
19/07/2011;07:55:00;21;com vítima;62;BR-153/SP;Norte;Colisão Traseira;2;;;1;;;;;;;2;2;;;
19/07/2011;07:55:00;61;sem vítima;62;BR-153/SP;Norte;Colisão Traseira;2;;;;;;;;;;2;;;;
20/07/2011;07:59:00;18;com vítima;58;BR-153/SP;Norte;Colisão Transversal;1;;1;;;;;;;;1;1;;;
21/07/2011;15:20:00;62;sem vítima;71,5999984741211;BR-153/SP;Sul;Colisão Lateral;;;;;1;1;;;;;2;;;;
22/07/2011;21:09:00;91;sem vítima;111;BR-153/SP;Sul;Atropelamento de Animal;1;;1;;;;;;;;6;;;;
22/07/2011;01:03:00;2;sem vítima;193,39999389648438;BR-153/SP;Norte;Atropelamento de Animal;1;;;;;;;;;;1;;;;
23/07/2011;21:44:00;93;com vítima;57,400001525878906;BR-153/SP;Norte;Colisão Frontal;1;;;1;;;;;;;2;;;;1
23/07/2011;03:54:00;9;sem vítima;62;BR-153/SP;Norte;Colisão Traseira;;;;1;;;;;;1;2;;;;
23/07/2011;22:19:00;95;sem vítima;189;BR-153/SP;Norte;Colisão Traseira;2;;;;;;;;;;4;;;;
24/07/2011;19:35:00;77;sem vítima;85,30000305175781;BR-153/SP;Norte;Choque contra objeto na faixa de rolamento;1;1;;;;;;;;;5;;;;
24/07/2011;00:59:00;4;com vítima;195;BR-153/SP;Sul;Saída de Pista;;;;1;;;;;;;0;;2;;
25/07/2011;20:35:00;52;com vítima;107,5;BR-153/SP;Sul;Colisão Transversal;1;;;;;;;;;1;2;3;1;;
25/07/2011;04:58:00;7;com vítima;154,5;BR-153/SP;Sul;Colisão Lateral;;;1;;;;;;;1;0;2;3;1;
26/07/2011;14:30:00;48;sem vítima;3,5;BR-153/SP;Norte;Colisão Lateral;1;;;;;2;;;;;4;;;;
26/07/2011;18:41:00;65;com vítima;29,799999237060547;BR-153/SP;Norte;Colisão Lateral;1;;;;;;;;;;0;1;1;;
26/07/2011;16:16:00;56;com vítima;182,1999969482422;BR-153/SP;Norte;Colisão Transversal;1;;1;;;;;;;;1;1;;;
27/07/2011;17:24:00;72;com vítima;58;BR-153/SP;Norte;Colisão Transversal;;;;1;;;;;;1;1;1;;;
27/07/2011;16:31:00;66;sem vítima;61,5;BR-153/SP;Norte;Colisão Traseira;1;;1;;;;;;;;2;;;;
27/07/2011;07:38:00;21;sem vítima;62;BR-153/SP;Sul;Colisão Traseira;2;;;;;1;;;;;3;;;;
27/07/2011;11:30:00;43;sem vítima;77;BR-153/SP;Norte;Colisão com Objeto Fixo;1;;;;;;;;;;1;;;;
27/07/2011;18:29:00;77;sem vítima;111;BR-153/SP;Sul;Colisão com Objeto Fixo;;;1;;;;;;;;1;;;;
28/07/2011;17:02:00;54;com vítima;51,099998474121094;BR-153/SP;Norte;Choque contra objeto na faixa de rolamento;;;;1;;;;;;;1;1;;;
28/07/2011;19:19:00;64;com vítima;182;BR-153/SP;Sul;Colisão Transversal;1;;1;;;;;;;;2;3;;;
29/07/2011;06:57:00;20;com vítima;52;BR-153/SP;Sul;Colisão Transversal;2;;;;;;;;;;0;2;;;
29/07/2011;18:58:00;69;com vítima;70;BR-153/SP;Sul;Colisão Traseira;1;;;1;;;;;;;3;1;;;
30/07/2011;21:51:00;109;com vítima;63,5;BR-153/SP;Sul;Colisão Traseira;;;1;1;;;;;;;1;1;;;
30/07/2011;04:32:00;9;com vítima;94,80000305175781;BR-153/SP;Sul;Colisão Frontal;;;1;1;;;;;;;1;;;;1
30/07/2011;23:03:00;113;sem vítima;338,79998779296875;BR-153/SP;Sul;Saída de Pista;1;;;;;;;;;;2;;;;
31/07/2011;12:08:00;39;sem vítima;25;BR-153/SP;Norte;Choque contra objeto na faixa de rolamento;1;;1;;;;;;;;2;;;;
31/07/2011;18:55:00;66;com vítima;107;BR-153/SP;Sul;Atropelamento  de Pedestre;1;;;;;;;;;;1;;1;;
31/07/2011;18:45:00;65;com vítima;174,39999389648438;BR-153/SP;Norte;Colisão Transversal;2;;;;;;;;;;0;4;;;
01/08/2011;21:41:00;86;com vítima;61,599998474121094;BR-153/SP;Norte;Queda de Moto;;;;1;;1;;;;;1;2;;;
01/08/2011;06:58:00;17;sem vítima;62,099998474121094;BR-153/SP;Norte;Engavetamento;4;;;;;1;;;;;6;;;;
01/08/2011;18:23:00;75;sem vítima;72;BR-153/SP;Sul;Colisão Transversal;;;1;;;;;;;1;2;;;;
02/08/2011;18:37:00;46;com vítima;70;BR-153/SP;Sul;Colisão Traseira;2;;;;;;;;;;5;1;;;
02/08/2011;19:00:00;47;sem vítima;70;BR-153/SP;Sul;Colisão Traseira;1;;;;;;;;;1;2;;;;
02/08/2011;19:10:00;48;sem vítima;72;BR-153/SP;Norte;Queda de Moto;;;;1;;;;;;;1;;;;
02/08/2011;22:21:00;56;sem vítima;85;BR-153/SP;Norte;Colisão Traseira;1;;;;;1;;;;;2;;;;
03/08/2011;07:33:00;10;com vítima;61;BR-153/SP;Norte;Queda de Moto;;;;1;;;;;;;0;1;;;
03/08/2011;06:59:00;8;sem vítima;61,900001525878906;BR-153/SP;Sul;Engavetamento;3;;;;;;;;;;3;;;;
04/08/2011;19:39:00;78;com vítima;76,19999694824219;BR-153/SP;Sul;Queda de Moto;;;;1;;;;;;;0;1;;;
04/08/2011;11:52:00;39;com vítima;182,6999969482422;BR-153/SP;Norte;Colisão Transversal;;;1;;;;;;;1;1;1;;;
04/08/2011;16:06:00;58;sem vítima;276;BR-153/SP;Norte;Colisão Lateral;;;2;;1;;;;;;15;;;;
05/08/2011;19:21:00;68;com vítima;191,3000030517578;BR-153/SP;Sul;Colisão Frontal;2;;1;;;;;;;;3;2;;;
06/08/2011;20:20:00;98;com vítima;58;BR-153/SP;Sul;Colisão Transversal;1;;;1;;;;;;;1;1;;;
06/08/2011;19:36:00;91;com vítima;210,5;BR-153/SP;Norte;Colisão Traseira;1;;;;;;;;;1;4;2;;;
07/08/2011;00:26:00;2;sem vítima;18,299999237060547;BR-153/SP;Norte;Saída de Pista;1;;;;;;;;;;1;;;;
07/08/2011;23:54:00;110;com vítima;26,5;BR-153/SP;Sul;Colisão Frontal;1;;;1;;;;;;;1;1;;;
07/08/2011;18:50:00;89;com vítima;114;BR-153/SP;Norte;Colisão Traseira;2;;;;;;;;;;1;5;;;
07/08/2011;01:09:00;5;com vítima;326,8500061035156;BR-153/SP;Norte;Colisão Transversal;2;;;;;;;;;;1;2;;;
08/08/2011;07:51:00;16;sem vítima;58;BR-153/SP;Norte;Colisão Traseira;1;;;1;;;;;;;3;;;;
08/08/2011;07:41:00;11;sem vítima;58,400001525878906;BR-153/SP;Norte;Colisão Traseira;2;;;;;;;;;;6;;;;
08/08/2011;07:55:00;23;sem vítima;58,5;BR-153/SP;Norte;Colisão Traseira;2;;;;;;;;;;2;;;;
08/08/2011;07:43:00;13;sem vítima;59;BR-153/SP;Norte;Colisão Traseira;1;;;1;;;;;;1;4;;;;
08/08/2011;13:50:00;49;sem vítima;183;BR-153/SP;Norte;Outros;1;;;;;;;;;;2;;;;
09/08/2011;03:51:00;11;com vítima;12,5;BR-153/SP;Norte;Saída de Pista;1;;;;;;;;;;0;1;1;;
09/08/2011;15:08:00;59;com vítima;45,79999923706055;BR-153/SP;Norte;Saída de Pista;;;;;;1;;;;1;4;1;;;
09/08/2011;07:13:00;16;com vítima;72;BR-153/SP;Sul;Colisão Traseira;1;;;1;;;;;;;3;1;;;
09/08/2011;06:09:00;14;com vítima;174,39999389648438;BR-153/SP;Norte;Queda de Moto;;;;1;;;;;;;0;1;;;
10/08/2011;07:40:00;20;com vítima;183;BR-153/SP;Norte;Queda de Moto;;;;1;;;;;;;0;1;;;
11/08/2011;11:20:00;44;sem vítima;62,29999923706055;BR-153/SP;Norte;Colisão Traseira;1;;1;;;;;;;;3;;;;
11/08/2011;16:08:00;72;sem vítima;69;BR-153/SP;Norte;Colisão Lateral;;;1;;;;;;;1;2;;;;
11/08/2011;18:54:00;85;com vítima;70,4000015258789;BR-153/SP;Sul;Colisão Traseira;1;;;1;;;;;;;1;;;;1
11/08/2011;16:36:00;76;com vítima;71,0999984741211;BR-153/SP;Norte;Engavetamento;3;;1;;;;;;;;6;3;;;
11/08/2011;13:15:00;57;sem vítima;72,94999694824219;BR-153/SP;Norte;Colisão Transversal;;;1;;;;;;;1;2;;;;
11/08/2011;19:42:00;91;sem vítima;75;BR-153/SP;Norte;Colisão Lateral;1;;1;;;;;;;;2;;;;
11/08/2011;22:21:00;105;sem vítima;284;BR-153/SP;Sul;Queda de Moto;;;;1;;;;;;;1;;;;
12/08/2011;01:11:00;6;com vítima;162,6999969482422;BR-153/SP;Sul;Colisão Frontal;1;;1;;;;;;;;0;1;;1;1
12/08/2011;18:46:00;66;com vítima;256;BR-153/SP;Norte;Colisão Traseira;1;;;1;;;;;;;1;1;;;
13/08/2011;18:44:00;80;com vítima;46;BR-153/SP;Sul;Saída de Pista;;;;;;;;;;1;2;1;;1;
13/08/2011;11:19:00;42;com vítima;106;BR-153/SP;Norte;Colisão Traseira;;;2;;;;;;;;1;2;;;
13/08/2011;00:13:00;1;com vítima;338,79998779296875;BR-153/SP;Norte;Saída de Pista;1;;;;;;;;;;3;;2;;
14/08/2011;02:13:00;6;com vítima;63,099998474121094;BR-153/SP;Norte;Colisão Lateral;;;;1;;1;;;;;1;2;;;
14/08/2011;18:07:00;106;com vítima;92;BR-153/SP;Norte;Colisão Lateral;2;;1;;;;;;;;3;1;;;
14/08/2011;03:59:00;10;sem vítima;109;BR-153/SP;Norte;Colisão Traseira;1;;;;;1;;;;;4;;;;
14/08/2011;17:40:00;101;com vítima;112;BR-153/SP;Norte;Colisão Traseira;2;;;;;;;;;;3;1;;;
15/08/2011;07:03:00;11;sem vítima;62,400001525878906;BR-153/SP;Norte;Colisão Transversal;1;;;;;;;;;1;3;;;;
15/08/2011;07:13:00;13;sem vítima;62,900001525878906;BR-153/SP;Norte;Colisão Traseira;1;;;;;;;;;1;4;;;;
15/08/2011;21:01:00;90;com vítima;62,900001525878906;BR-153/SP;Sul;Colisão Traseira;;;1;;;;;;;1;1;1;;;
15/08/2011;14:49:00;58;sem vítima;75;BR-153/SP;Norte;Colisão Lateral;2;;;;;;;;;;4;;;;
15/08/2011;02:49:00;3;com vítima;155;BR-153/SP;Norte;Colisão Traseira;1;;1;;;;;;;;1;1;;;
15/08/2011;10:35:00;28;sem vítima;257,5;BR-153/SP;Sul;Queda de Moto;;;;1;;;;;;;1;;;;
16/08/2011;18:34:00;73;sem vítima;88;BR-153/SP;Sul;Queda de Moto;;;;1;;;;;;;1;;;;
16/08/2011;20:40:00;85;com vítima;331;BR-153/SP;Sul;Colisão Lateral;1;;;1;;;;;;;1;1;;;
17/08/2011;20:12:00;81;sem vítima;66,9000015258789;BR-153/SP;Sul;Colisão Lateral;2;;;;;;;;;;2;;;;
17/08/2011;17:47:00;72;com vítima;112;BR-153/SP;Norte;Colisão Lateral;;;1;1;;;;;;;1;1;;;
18/08/2011;11:01:00;45;sem vítima;58;BR-153/SP;Norte;Colisão Transversal;1;;1;;;;;;;;2;;;;
18/08/2011;17:56:00;92;sem vítima;256;BR-153/SP;Norte;Colisão Transversal;1;;;;;;;;;1;2;;;;
18/08/2011;19:22:00;94;com vítima;256,3999938964844;BR-153/SP;Norte;Queda de Moto;;;;1;;;;;;;0;1;;;
19/08/2011;21:27:00;97;com vítima;64,5999984741211;BR-153/SP;Norte;Colisão Traseira;1;;1;;;;;;;;2;1;;;
19/08/2011;22:56:00;104;com vítima;71,94999694824219;BR-153/SP;Norte;Colisão Transversal;1;;1;;;;;;;1;2;1;1;;
20/08/2011;16:19:00;54;com vítima;58;BR-153/SP;Norte;Colisão Transversal;2;;;;;;;;;;2;1;;;
20/08/2011;12:54:00;43;com vítima;207,5;BR-153/SP;Norte;Capotamento;1;;;;;;;;;;1;1;;;
20/08/2011;12:01:00;39;sem vítima;278,79998779296875;BR-153/SP;Norte;Colisão Lateral;;;1;;;;;;;1;2;;;;
21/08/2011;02:11:00;10;com vítima;40;BR-153/SP;Norte;Capotamento;1;;;;;;;;;;0;1;;;
21/08/2011;05:34:00;15;com vítima;51;BR-153/SP;Norte;Colisão Frontal;2;;;;;;;;;;3;2;;;
21/08/2011;20:51:00;76;com vítima;56;BR-153/SP;Norte;Colisão Transversal;2;;;;;;;;;;5;2;;;
21/08/2011;17:00:00;59;com vítima;70;BR-153/SP;Norte;Saída de Pista;1;;;;;;;;;;0;2;;;
21/08/2011;19:10:00;72;sem vítima;100;BR-153/SP;Norte;Saída de Pista;1;;;;;;;;;;1;;;;
22/08/2011;08:01:00;14;com vítima;62;BR-153/SP;Sul;Colisão Traseira;;;;1;;;;;;1;1;1;;;
23/08/2011;20:59:00;89;sem vítima;58,79999923706055;BR-153/SP;Norte;Colisão Transversal;1;;;;;;;;;1;6;;;;
24/08/2011;08:52:00;27;com vítima;62,29999923706055;BR-153/SP;Norte;Engavetamento;2;;;;;;;;;1;4;1;;;
24/08/2011;06:59:00;16;com vítima;62,79999923706055;BR-153/SP;Sul;Colisão Traseira;;;1;;2;;;;;;2;1;;;
24/08/2011;00:19:00;1;sem vítima;98;BR-153/SP;Sul;Capotamento;1;;;;;;;;;;2;;;;
25/08/2011;19:03:00;64;sem vítima;3;BR-153/SP;Sul;Colisão Traseira;;;1;;;;;;;1;3;;;;
25/08/2011;08:30:00;19;sem vítima;14,699999809265137;BR-153/SP;Sul;Colisão Lateral;;;2;;;;;;;;2;;;;
25/08/2011;15:42:00;55;sem vítima;56,900001525878906;BR-153/SP;Norte;Colisão Traseira;1;;;;1;;;;;;3;;;;
25/08/2011;15:49:00;56;com vítima;67,5;BR-153/SP;Norte;Colisão Lateral;1;;1;;;;;;;;1;2;;;
25/08/2011;04:42:00;5;sem vítima;183,8000030517578;BR-153/SP;Norte;Colisão Traseira;;;2;;;;;;;;3;;;;
26/08/2011;19:02:00;88;com vítima;111;BR-153/SP;Norte;Queda de Moto;;;;1;;;;;;;0;1;;;
26/08/2011;08:50:00;39;sem vítima;299;BR-153/SP;Norte;Colisão Traseira;;;1;;;1;;;;;2;;;;
27/08/2011;20:13:00;82;com vítima;58,79999923706055;BR-153/SP;Norte;Colisão Transversal;1;;1;;;;;;;;1;1;;;
27/08/2011;16:34:00;64;com vítima;67,0999984741211;BR-153/SP;Sul;Colisão Frontal;1;;1;;;;;;;;1;;;;1
27/08/2011;05:38:00;12;sem vítima;95;BR-153/SP;Sul;Colisão Traseira;1;;;;;;;;;1;3;;;;
27/08/2011;06:47:00;16;sem vítima;120;BR-153/SP;Norte;Colisão Transversal;1;;;;;;;;;1;2;;;;
27/08/2011;20:33:00;85;com vítima;228;BR-153/SP;Norte;Queda de Moto;;;;1;;;;;;;0;1;;;
27/08/2011;03:08:00;6;com vítima;292,3999938964844;BR-153/SP;Norte;Capotamento;1;;;;;;;;;;0;1;;;
28/08/2011;19:14:00;93;com vítima;0;BR-153/SP;Norte;Colisão Traseira;1;;1;;1;;;;;;4;1;;;
28/08/2011;16:34:00;82;com vítima;54,900001525878906;BR-153/SP;Norte;Queda de Moto;;;;1;;;;;;;1;1;;;
28/08/2011;03:51:00;13;sem vítima;124;BR-153/SP;Sul;Colisão Lateral;;;1;;;;;;;1;3;;;;
28/08/2011;17:11:00;86;com vítima;154,8000030517578;BR-153/SP;Norte;Capotamento;1;;;;;;;;;;0;5;1;;
28/08/2011;00:18:00;5;com vítima;171,5;BR-153/SP;Sul;Queda de Moto;;;;1;;;;;;;0;1;;;
28/08/2011;18:40:00;92;com vítima;205;BR-153/SP;Norte;Colisão Traseira;1;;1;;;;;;;;1;1;;;
28/08/2011;03:15:00;11;com vítima;269,79998779296875;BR-153/SP;Sul;Capotamento;1;;;;;;;;;;0;;1;;
29/08/2011;07:15:00;21;com vítima;76;BR-153/SP;Norte;Queda de Moto;;;;1;;;;;;;0;1;;;
29/08/2011;19:14:00;85;com vítima;82;BR-153/SP;Norte;Colisão Lateral;1;;;1;;;;;;;4;1;;;
29/08/2011;08:05:00;26;sem vítima;98;BR-153/SP;Norte;Colisão Transversal;1;;;;;;;;;1;2;;;;
30/08/2011;15:23:00;71;com vítima;256;BR-153/SP;Sul;Queda de Moto;;;;1;;;;;;;0;1;;;
31/08/2011;19:47:00;83;com vítima;27,700000762939453;BR-153/SP;Norte;Colisão Transversal;1;;1;1;;;;;;;2;;1;;1
31/08/2011;18:26:00;76;sem vítima;96;BR-153/SP;Sul;Colisão Transversal;1;;;;;;;;;1;2;;;;
31/08/2011;17:23:00;69;sem vítima;161;BR-153/SP;Norte;Colisão Lateral;1;;1;;;;;;;;3;;;;
31/08/2011;22:40:00;93;com vítima;327;BR-153/SP;Norte;Saída de Pista;1;;;;;;;;;;0;2;;;
01/09/2011;11:55:00;29;com vítima;41;BR-153/SP;Norte;Saída de Pista;;;;1;;;;;;;0;;1;;
01/09/2011;20:31:00;79;sem vítima;59,2;BR-153/SP;Sul;Colisão Lateral;;;1;;;;;;;2;3;;;;
01/09/2011;06:27:00;11;com vítima;71;BR-153/SP;Norte;Colisão Transversal;;;;1;;;;;;1;1;1;;;
01/09/2011;16:57:00;61;sem vítima;87,2;BR-153/SP;Norte;Colisão Traseira;1;;;;;;;;;1;3;;;;
02/09/2011;19:15:00;103;com vítima;52,2;BR-153/SP;Sul;Colisão Lateral;;;;2;;;;;;;1;1;;;
02/09/2011;07:12:00;18;com vítima;69,9;BR-153/SP;Norte;Queda de Moto;;;;1;;;;;;;0;1;;;
02/09/2011;13:28:00;66;sem vítima;190;BR-153/SP;Sul;Colisão Traseira;2;;1;;;;;;;;3;;;;
03/09/2011;00:38:00;1;com vítima;57,8;BR-153/SP;Norte;Colisão Frontal;2;;;;;;;;;;4;;2;;
04/09/2011;21:35:00;90;sem vítima;27;BR-153/SP;Sul;Saída de Pista;1;;;;;;;;;;6;;;;
04/09/2011;06:27:00;15;com vítima;61,9;BR-153/SP;Sul;Queda de Moto;;;;1;;;;;;;0;;;1;
04/09/2011;19:07:00;79;com vítima;109;BR-153/SP;Norte;Colisão Traseira;2;;;;;;;;;;1;1;;;
05/09/2011;22:22:00;117;com vítima;56,6;BR-153/SP;Norte;Saída de Pista;1;;;;;;;;;;0;1;;;
05/09/2011;09:12:00;37;com vítima;56,9;BR-153/SP;Norte;Saída de Pista;;;1;;;;;;;;0;1;;;
05/09/2011;07:43:00;23;com vítima;71;BR-153/SP;Norte;Colisão Traseira;1;;;1;;;;;;;3;2;;;
05/09/2011;09:06:00;34;com vítima;327;BR-153/SP;Sul;Colisão Transversal;1;;1;;;;;;;;0;3;;;
06/09/2011;14:50:00;71;com vítima;72;BR-153/SP;Norte;Queda de Moto;;;;1;;;;;;;0;1;;;
06/09/2011;06:39:00;16;com vítima;154;BR-153/SP;Norte;Queda de Moto;;;;1;;;;;;;0;;1;;
07/09/2011;05:41:00;14;sem vítima;0;BR-153/SP;Norte;Colisão Lateral;1;;;;;1;;;;;2;;;;
07/09/2011;10:27:00;32;com vítima;22,65;BR-153/SP;Norte;Colisão Frontal;1;;1;;;;;;;;2;;;1;
07/09/2011;11:56:00;35;com vítima;215;BR-153/SP;Norte;Colisão Frontal;2;;;;;;;;;;1;1;;2;
08/09/2011;18:54:00;92;sem vítima;59,5;BR-153/SP;Sul;Saída de Pista;1;;;;;;;;;;1;;;;
08/09/2011;13:14:00;54;sem vítima;96;BR-153/SP;Norte;Colisão Lateral;;;;;;;;;;2;3;;;;
08/09/2011;08:39:00;23;com vítima;108;BR-153/SP;Norte;Colisão Traseira;2;;;;;;;;;;2;2;;;
09/09/2011;18:42:00;91;com vítima;58,8;BR-153/SP;Norte;Colisão Transversal;2;;;;;;;;;;1;2;;;