data;horario;n_da_ocorrencia;tipo_de_ocorrencia;km;trecho;sentido;tipo_de_acidente;automovel;bicicleta;caminhao;moto;onibus;outros;tracao_animal;transporte_de_cargas_especiais;trator_maquinas;utilitarios;ilesos;levemente_feridos;moderadamente_feridos;gravemente_feridos;mortos
27/04/2012;09:41:00;56;com vítima;67,2;BR-153/SP;Sul;Colisão Transversal;1;;;1;;;;;;;1;;2;;
27/04/2012;18:46:00;119;sem vítima;71;BR-153/SP;Norte;Engavetamento;2;;;;;;;;;1;4;;;;
27/04/2012;11:01:00;71;com vítima;84;BR-153/SP;Norte;Engavetamento;1;;1;;;;;;;2;5;1;;;
28/04/2012;23:31:00;136;sem vítima;0;BR-153/SP;Norte;Colisão Transversal;1;;;;;;;;;1;3;;;;
28/04/2012;08:49:00;36;sem vítima;75;BR-153/SP;Sul;Colisão Transversal;1;;;;;;;;;1;3;;;;
28/04/2012;07:18:00;20;com vítima;274,5;BR-153/SP;Norte;Queda de Moto;;;;1;;;;;;;1;1;;;
29/04/2012;17:18:00;63;sem vítima;63;BR-153/SP;Sul;Saída de Pista;1;;;;;;;;;;1;;;;
29/04/2012;13:33:00;47;sem vítima;67;BR-153/SP;Norte;Colisão Lateral;1;;;;;1;;;;;4;;;;
29/04/2012;03:47:00;8;sem vítima;218,1;BR-153/SP;Norte;Colisão Traseira;2;;;;;;;;;;2;;;;
29/04/2012;21:19:00;74;com vítima;347,3;BR-153/SP;Sul;Atropelamento  de Pedestre;;;;;1;;;;;;1;;;;1
30/04/2012;11:35:00;62;sem vítima;63;BR-153/SP;Sul;Colisão Traseira;1;;;;;;;;;1;2;;;;
30/04/2012;08:40:00;41;sem vítima;270;BR-153/SP;Sul;Colisão Traseira;1;;1;;;;;;;;6;;;;
02/05/2012;14:59:00;82;com vítima;5;BR-153/SP;Norte;Colisão Transversal;;;1;1;;;;;;;1;;;1;1
02/05/2012;13:00:00;73;com vítima;34,5;BR-153/SP;Sul;Colisão Lateral;2;;;;;;;;;;1;1;1;;
02/05/2012;06:36:00;11;sem vítima;302,1;BR-153/SP;Norte;Colisão Transversal;2;;;;;;;;;;2;;;;
03/05/2012;08:59:00;42;sem vítima;256;BR-153/SP;Norte;Colisão Traseira;1;;;1;;;;;;;2;;;;
03/05/2012;12:39:00;96;com vítima;256;BR-153/SP;Norte;Colisão Transversal;1;;;1;;;;;;;1;1;;;
04/05/2012;20:42:00;144;com vítima;58,8;BR-153/SP;Norte;Colisão Transversal;1;;;;1;;;;;;1;1;;;
04/05/2012;12:00:00;96;sem vítima;72;BR-153/SP;Norte;Colisão Lateral;2;;;;;;;;;;3;;;;
04/05/2012;19:11:00;134;sem vítima;91;BR-153/SP;Sul;Choque contra objeto na faixa de rolamento;1;;;;;1;;;;;2;;;;
04/05/2012;15:18:00;112;sem vítima;98;BR-153/SP;Sul;Colisão Traseira;2;;;;;;;;;;2;;;;
04/05/2012;18:38:00;129;sem vítima;111;BR-153/SP;Sul;Engavetamento;3;;;;;;;;;;8;;;;
05/05/2012;14:24:00;165;sem vítima;51;BR-153/SP;Norte;Capotamento;1;;;;;;;;;;1;;;;
05/05/2012;09:22:00;111;sem vítima;57;BR-153/SP;Norte;Colisão Traseira;2;;;;;;;;;;2;;;;
05/05/2012;08:52:00;105;com vítima;58,8;BR-153/SP;Norte;Colisão Transversal;1;;;1;;;;;;;1;1;;;
05/05/2012;14:41:00;167;sem vítima;72;BR-153/SP;Norte;Engavetamento;3;;;;;;;;;;3;;;;
05/05/2012;05:46:00;77;com vítima;174;BR-153/SP;Norte;Colisão Transversal;1;;;1;;;;;;;1;1;;;
05/05/2012;10:06:00;122;sem vítima;257;BR-153/SP;Norte;Colisão Traseira;2;;;;;;;;;;2;;;;
06/05/2012;17:45:00;82;com vítima;7,8;BR-153/SP;Norte;Saída de Pista;;;1;;;;;;;;0;1;;;
06/05/2012;08:04:00;28;sem vítima;53,2;BR-153/SP;Norte;Saída de Pista;1;;;;;;;;;;5;;;;
06/05/2012;10:44:00;42;sem vítima;56;BR-153/SP;Norte;Colisão Traseira;;;;;;;;;;2;2;;;;
06/05/2012;20:42:00;91;com vítima;257,3;BR-153/SP;Norte;Colisão Transversal;;;;;;1;;;;1;2;1;;;
07/05/2012;18:46:00;91;sem vítima;58,7;BR-153/SP;Sul;Colisão Lateral;1;;1;;;;;;;;2;;;;
07/05/2012;14:00:00;74;sem vítima;87;BR-153/SP;Norte;Colisão Traseira;1;;;;;;;;;1;2;;;;
07/05/2012;10:15:00;51;sem vítima;183,8;BR-153/SP;Norte;Colisão Traseira;;;2;;;;;;;;2;;;;
07/05/2012;06:18:00;14;sem vítima;259;BR-153/SP;Norte;Colisão Traseira;;;1;;;;;;;1;2;;;;
10/05/2012;10:19:00;51;sem vítima;60,8;BR-153/SP;Norte;Colisão Traseira;2;;;;;;;;;;2;;;;
10/05/2012;07:22:00;16;sem vítima;62,7;BR-153/SP;Sul;Colisão Traseira;;;;1;;1;;;;;2;;;;
10/05/2012;07:22:00;19;com vítima;62,7;BR-153/SP;Norte;Colisão Traseira;2;;;;;;;;;;2;1;;;
10/05/2012;07:24:00;17;sem vítima;63;BR-153/SP;Sul;Colisão Lateral;;;;1;;1;;;;;2;;;;
10/05/2012;09:05:00;34;sem vítima;288,8;BR-153/SP;Sul;Saída de Pista;1;;;;;;;;;;2;;;;
11/05/2012;22:22:00;141;sem vítima;37,2;BR-153/SP;Norte;Colisão Transversal;1;;;;;;;;;1;4;;;;
11/05/2012;18:15:00;117;com vítima;58;BR-153/SP;Sul;Colisão Transversal;;;;2;;;;;;;0;2;;;
11/05/2012;07:30:00;21;sem vítima;62;BR-153/SP;Sul;Colisão Traseira;3;;;;;;;;;;6;;;;
11/05/2012;10:37:00;54;sem vítima;72;BR-153/SP;Sul;Colisão Traseira;1;;;;;1;;;;;4;;;;
11/05/2012;03:01:00;6;sem vítima;73;BR-153/SP;Norte;Capotamento;;;;;;;;;;1;1;;;;
11/05/2012;08:01:00;29;sem vítima;174;BR-153/SP;Norte;Colisão Transversal;1;;1;;;;;;;;2;;;;
11/05/2012;02:50:00;5;sem vítima;199;BR-153/SP;Norte;Colisão Traseira;1;;;;;1;;;;;2;;;;
12/05/2012;15:02:00;74;sem vítima;35;BR-153/SP;Sul;Colisão Traseira;1;;1;;;;;;;;2;;;;
12/05/2012;14:43:00;73;com vítima;46;BR-153/SP;Sul;Saída de Pista;;;;;;;;;;1;0;1;;;
12/05/2012;06:28:00;15;com vítima;47;BR-153/SP;Norte;Atropelamento  de Pedestre;;;;;;1;;;;;1;;;;1
12/05/2012;19:53:00;108;com vítima;58,7;BR-153/SP;Sul;Colisão Transversal;1;;;;;;;;;1;5;1;;;
12/05/2012;05:07:00;11;com vítima;71;BR-153/SP;Norte;Colisão Frontal;;;1;;;;;;;1;1;1;;;
12/05/2012;19:46:00;107;com vítima;83,4;BR-153/SP;Sul;Outros;1;;1;;;;;;;;1;;;2;1
13/05/2012;05:55:00;7;com vítima;72;BR-153/SP;Norte;Colisão Transversal;1;;;;;1;;;;;1;1;;;
13/05/2012;19:02:00;101;sem vítima;75,2;BR-153/SP;Sul;Colisão Traseira;1;;;;;1;;;;;2;;;;
14/05/2012;14:44:00;118;com vítima;58,8;BR-153/SP;Norte;Colisão Transversal;2;;;;;;;;;;2;1;;;
14/05/2012;07:19:00;17;sem vítima;61;BR-153/SP;Sul;Colisão Traseira;1;;;;;1;;;;;2;;;;
14/05/2012;07:40:00;24;sem vítima;65;BR-153/SP;Sul;Choque contra objeto na faixa de rolamento;1;;;;;;;;;;1;;;;
15/05/2012;18:00:00;159;sem vítima;62,9;BR-153/SP;Sul;Engavetamento;3;;;;;;;;;;4;;;;
15/05/2012;18:37:00;165;com vítima;108;BR-153/SP;Norte;Colisão Transversal;1;;;1;;;;;;;1;1;;;
16/05/2012;07:11:00;12;com vítima;7,3;BR-153/SP;Norte;Saída de Pista;1;;;;;;;;;;0;2;;;
16/05/2012;13:52:00;91;com vítima;57;BR-153/SP;Norte;Colisão Traseira;1;;1;;;;;;;;2;2;1;1;
16/05/2012;07:51:00;27;sem vítima;62;BR-153/SP;Sul;Colisão Traseira;3;;;;;;;;;;3;;;;
16/05/2012;18:16:00;107;sem vítima;62;BR-153/SP;Sul;Colisão Traseira;1;;;;;;;;;1;2;;;;
16/05/2012;06:56:00;10;com vítima;256;BR-153/SP;Norte;Atropelamento de Ciclista;1;1;;;;;;;;;1;1;;;
17/05/2012;14:05:00;97;com vítima;30,1;BR-153/SP;Sul;Colisão Transversal;5;;;;;;;;;;7;1;1;;
17/05/2012;15:13:00;103;com vítima;128,6;BR-153/SP;Sul;Colisão Lateral;1;;1;;;;;;;;1;4;;;
17/05/2012;17:21:00;116;com vítima;257,1;BR-153/SP;Norte;Colisão Traseira;;;1;1;;;;;;;1;1;;;
17/05/2012;17:54:00;122;com vítima;257,2;BR-153/SP;Sul;Colisão Lateral;2;;;;;;;;;;1;1;;;
17/05/2012;07:13:00;24;sem vítima;337,7;BR-153/SP;Sul;Saída de Pista;1;;;;;;;;;;3;;;;
18/05/2012;16:57:00;156;sem vítima;11,1;BR-153/SP;Norte;Colisão Lateral;;;2;;;;;;;;2;;;;
18/05/2012;19:59:00;172;com vítima;44;BR-153/SP;Sul;Colisão Frontal;2;;1;;;;;;;;1;1;3;2;
18/05/2012;07:35:00;23;sem vítima;64;BR-153/SP;Sul;Saída de Pista;1;;;;;;;;;;1;;;;
18/05/2012;02:47:00;10;com vítima;72,5;BR-153/SP;Norte;Colisão Traseira;;;1;1;;;;;;;1;1;;;
18/05/2012;04:08:00;11;sem vítima;87;BR-153/SP;Norte;Saída de Pista;1;;;;;;;;;;1;;;;
18/05/2012;19:36:00;168;sem vítima;268,1;BR-153/SP;Sul;Engavetamento;;;3;;;;;;;;3;;;;
18/05/2012;16:31:00;152;sem vítima;275,6;BR-153/SP;Sul;Colisão Traseira;2;;;;;;;;;;7;;;;
19/05/2012;03:29:00;9;com vítima;31;BR-153/SP;Norte;Atropelamento de Animal;;;1;;;;;;;;1;1;;;
19/05/2012;06:58:00;16;sem vítima;71;BR-153/SP;Sul;Colisão Traseira;2;;;;;;;;;;2;;;;
19/05/2012;19:29:00;76;com vítima;256,9;BR-153/SP;Norte;Colisão Transversal;1;;;1;;;;;;;1;1;;;
20/05/2012;18:38:00;83;sem vítima;58;BR-153/SP;Sul;Colisão Transversal;;;;1;;;;;;1;2;;;;
21/05/2012;07:43:00;26;sem vítima;62,4;BR-153/SP;Sul;Colisão Traseira;2;;;;;;;;;;3;;;;
21/05/2012;08:04:00;30;sem vítima;62,5;BR-153/SP;Norte;Colisão Traseira;1;;;;;;;;;1;4;;;;
21/05/2012;11:50:00;74;sem vítima;64;BR-153/SP;Norte;Colisão Traseira;1;;;;;1;;;;;2;;;;
21/05/2012;09:18:00;48;com vítima;72,8;BR-153/SP;Norte;Outros;2;;1;;;;;;;;1;;;2;
22/05/2012;17:20:00;127;sem vítima;63;BR-153/SP;Norte;Colisão Traseira;3;;;;;;;;;;8;;;;
22/05/2012;11:17:00;73;com vítima;112;BR-153/SP;Sul;Saída de Pista;1;;;;;;;;;;0;;1;;
23/05/2012;08:20:00;33;sem vítima;60,9;BR-153/SP;Sul;Colisão Traseira;2;;;;;;;;;;4;;;;
23/05/2012;08:06:00;28;sem vítima;63;BR-153/SP;Sul;Engavetamento;3;;;;;;;;;;3;;;;
23/05/2012;16:11:00;86;sem vítima;183,3;BR-153/SP;Sul;Colisão Traseira;1;;1;;;;;;;;2;;;;
23/05/2012;11:07:00;61;sem vítima;274,5;BR-153/SP;Norte;Colisão Lateral;1;;1;;;;;;;;4;;;;
24/05/2012;14:30:00;81;sem vítima;58;BR-153/SP;Sul;Colisão Transversal;1;;;1;;;;;;;2;;;;
24/05/2012;21:01:00;108;sem vítima;63;BR-153/SP;Sul;Colisão Transversal;1;;;;;1;;;;;2;;;;
24/05/2012;19:05:00;102;com vítima;75;BR-153/SP;Norte;Queda de Moto;;;;1;;;;;;;0;1;;;
24/05/2012;12:04:00;69;sem vítima;256;BR-153/SP;Sul;Colisão Transversal;1;;;1;;;;;;;2;;;;
24/05/2012;22:24:00;116;sem vítima;256;BR-153/SP;Norte;Colisão Transversal;1;;1;;;;;;;;3;;;;
24/05/2012;14:30:00;82;sem vítima;274,5;BR-153/SP;Sul;Saída de Pista;;;1;;;;;;;;1;;;;
25/05/2012;18:05:00;97;com vítima;52;BR-153/SP;Norte;Colisão Transversal;1;;;1;;;;;;;1;;;1;
25/05/2012;17:21:00;94;sem vítima;53,5;BR-153/SP;Sul;Colisão Traseira;;;2;;;;;;;;2;;;;
25/05/2012;16:11:00;87;sem vítima;258;BR-153/SP;Norte;Incidente;;;1;;;;;;;;1;;;;
26/05/2012;16:23:00;135;com vítima;45,5;BR-153/SP;Norte;Capotamento;1;;;;;;;;;;0;1;;;
26/05/2012;21:39:00;162;sem vítima;113,5;BR-153/SP;Sul;Colisão Lateral;1;;;;;1;;;;;2;;;;
27/05/2012;13:53:00;49;sem vítima;14;BR-153/SP;Sul;Colisão Traseira;1;;;;;1;;;;;2;;;;
27/05/2012;06:52:00;15;sem vítima;33;BR-153/SP;Norte;Saída de Pista;1;;;;;;;;;;1;;;;
27/05/2012;14:24:00;50;com vítima;57,6;BR-153/SP;Norte;Colisão Frontal;2;;;;;;;;;;0;;2;2;3
27/05/2012;19:00:00;81;com vítima;215;BR-153/SP;Sul;Choque contra objeto na faixa de rolamento;1;;1;;;;;;;;1;5;;;
28/05/2012;08:09:00;28;sem vítima;62;BR-153/SP;Sul;Colisão Traseira;1;;;;;1;;;;;2;;;;
28/05/2012;05:38:00;13;com vítima;107;BR-153/SP;Sul;Atropelamento  de Pedestre;;;1;;;;;;;;1;1;;;1
29/05/2012;17:23:00;122;com vítima;55;BR-153/SP;Norte;Colisão Transversal;;;1;;;;;;;1;0;;1;1;
29/05/2012;12:22:00;75;sem vítima;58;BR-153/SP;Norte;Colisão Traseira;1;;;;;1;;;;;3;;;;
29/05/2012;16:27:00;119;sem vítima;72,2;BR-153/SP;Norte;Colisão Traseira;1;;;;;;;;;1;3;;;;
29/05/2012;06:53:00;7;sem vítima;132;BR-153/SP;Norte;Atropelamento de Animal;1;;;;;;;;;;5;;;;
30/05/2012;12:18:00;99;sem vítima;35,4;BR-153/SP;Norte;Colisão Lateral;;;;1;;1;;;;;3;;;;
30/05/2012;17:31:00;145;sem vítima;339;BR-153/SP;Norte;Saída de Pista;;;1;;;;;;;;1;;;;
31/05/2012;16:51:00;91;sem vítima;35,8;BR-153/SP;Norte;Colisão Traseira;1;;;;;;;;;1;5;;;;
31/05/2012;17:56:00;99;sem vítima;58;BR-153/SP;Norte;Colisão Transversal;1;;;1;;;;;;;2;;;;
31/05/2012;13:07:00;67;com vítima;73,9;BR-153/SP;Norte;Colisão Transversal;1;;;;;;;;;1;0;;;3;1
31/05/2012;18:48:00;100;com vítima;275;BR-153/SP;Norte;Queda de Moto;;;;1;;;;;;;0;1;;;
01/06/2012;06:02:00;26;sem vítima;7;BR-153/SP;Norte;Colisão Frontal;;;1;;;1;;;;1;4;;;;
01/06/2012;09:21:00;43;sem vítima;61,5;BR-153/SP;Norte;Colisão Traseira;;;;;;;;;;2;2;;;;
01/06/2012;04:33:00;22;com vítima;68;BR-153/SP;Sul;Saída de Pista;1;;;;;;;;;;0;1;;;
01/06/2012;10:58:00;61;com vítima;71;BR-153/SP;Sul;Colisão Transversal;1;;1;;;;;;;;1;1;;1;
02/06/2012;00:07:00;1;sem vítima;56;BR-153/SP;Sul;Saída de Pista;1;;;;;;;;;;1;;;;
02/06/2012;10:17:00;48;sem vítima;64;BR-153/SP;Norte;Colisão Lateral;;;1;;;;;;;1;3;;;;
03/06/2012;07:45:00;17;sem vítima;171;BR-153/SP;Norte;Colisão Lateral;;;1;;;;;;;1;2;;;;
04/06/2012;11:05:00;49;com vítima;62;BR-153/SP;Norte;Saída de Pista;1;;;;;;;;;;0;1;;;
04/06/2012;18:10:00;92;com vítima;64,5;BR-153/SP;Norte;Capotamento;1;;;;;;;;;;0;1;;;
05/06/2012;07:23:00;20;sem vítima;59,8;BR-153/SP;Sul;Engavetamento;4;;;;;;;;;;4;;;;
05/06/2012;07:39:00;24;sem vítima;61;BR-153/SP;Norte;Colisão Lateral;1;;1;;;;;;;;2;;;;
05/06/2012;06:48:00;17;sem vítima;61,2;BR-153/SP;Sul;Engavetamento;1;;2;;;;;;;;3;;;;
05/06/2012;06:48:00;48;sem vítima;61,2;BR-153/SP;Sul;Colisão Traseira;1;;1;;;;;;;;2;;;;
05/06/2012;17:55:00;98;sem vítima;72;BR-153/SP;Norte;Colisão Traseira;2;;;;;;;;;;3;;;;
05/06/2012;06:45:00;16;sem vítima;89,5;BR-153/SP;Norte;Colisão com Objeto Fixo;;;;;;;;;;1;1;;;;
06/06/2012;22:18:00;155;sem vítima;42;BR-153/SP;Norte;Choque contra objeto na faixa de rolamento;2;;;;;;;;;;3;;;;
06/06/2012;06:51:00;7;com vítima;47,5;BR-153/SP;Norte;Colisão com Objeto Fixo;;;1;;1;;;;;;2;3;;;
06/06/2012;18:31:00;136;sem vítima;71,5;BR-153/SP;Norte;Colisão Traseira;;;2;;;;;;;;2;;;;
06/06/2012;15:29:00;113;sem vítima;71,6;BR-153/SP;Norte;Colisão Transversal;1;;1;;;;;;;;3;;;;
06/06/2012;15:52:00;116;sem vítima;76;BR-153/SP;Norte;Saída de Pista;;;1;;;;;;;;1;;;;
06/06/2012;15:01:00;109;sem vítima;89;BR-153/SP;Norte;Capotamento;1;;;;;;;;;;1;;;;
06/06/2012;19:39:00;142;com vítima;185;BR-153/SP;Norte;Capotamento;1;;;;;;;;;;0;3;;;
07/06/2012;19:33:00;109;com vítima;53;BR-153/SP;Norte;Saída de Pista;1;;;;;;;;;;0;;1;1;
07/06/2012;15:25:00;61;sem vítima;58;BR-153/SP;Norte;Colisão Transversal;2;;;;;;;;;;3;;;;
07/06/2012;19:54:00;111;sem vítima;96;BR-153/SP;Norte;Choque contra objeto na faixa de rolamento;1;;;;;1;;;;1;3;;;;
08/06/2012;16:56:00;74;sem vítima;58,1;BR-153/SP;Norte;Colisão Traseira;2;;;;;;;;;;2;;;;
08/06/2012;19:24:00;85;sem vítima;262,1;BR-153/SP;Sul;Colisão Traseira;1;;;;;;;;;;1;;;;
09/06/2012;20:47:00;135;sem vítima;35,8;BR-153/SP;Norte;Colisão com Objeto Fixo;1;;;;;1;;;;;3;;;;
09/06/2012;11:57:00;74;sem vítima;100,3;BR-153/SP;Sul;Saída de Pista;1;;;;;;;;;;1;;;;
09/06/2012;01:41:00;3;com vítima;273,3;BR-153/SP;Norte;Saída de Pista;1;;;;;;;;;;1;5;;;
10/06/2012;01:47:00;7;sem vítima;34,8;BR-153/SP;Norte;Colisão Traseira;2;;;;;;;;;;3;;;;
12/06/2012;19:35:00;133;sem vítima;61,9;BR-153/SP;Sul;Colisão Traseira;2;;;;;;;;;;3;;;;
12/06/2012;20:21:00;143;sem vítima;61,93;BR-153/SP;Sul;Colisão Traseira;1;;;;1;;;;;;2;;;;
12/06/2012;21:48:00;155;sem vítima;61,95;BR-153/SP;Sul;Colisão Traseira;2;;;;;;;;;;2;;;;
12/06/2012;19:46:00;137;com vítima;62,7;BR-153/SP;Sul;Colisão Traseira;1;;;;;;;;;1;2;1;;;
12/06/2012;20:11:00;141;sem vítima;174;BR-153/SP;Sul;Colisão Transversal;2;;;;;;;;;;2;;;;
12/06/2012;08:58:00;32;sem vítima;195,8;BR-153/SP;Sul;Saída de Pista;1;;;;;;;;;;1;;;;
13/06/2012;08:04:00;16;sem vítima;14,8;BR-153/SP;Norte;Colisão com Objeto Fixo;;;1;;;;;;;;1;;;;
13/06/2012;12:19:00;77;com vítima;257;BR-153/SP;Norte;Atropelamento de Ciclista;1;1;;;;;;;;;1;1;;;
14/06/2012;01:26:00;5;com vítima;27,5;BR-153/SP;Norte;Queda de Moto;;;;1;;;;;;;0;;2;;
14/06/2012;12:32:00;95;com vítima;57;BR-153/SP;Norte;Saída de Pista;;;1;;;;;;;;0;;1;;
14/06/2012;14:18:00;108;sem vítima;144;BR-153/SP;Norte;Saída de Pista;;;1;;;;;;;;1;;;;
15/06/2012;06:42:00;10;com vítima;116;BR-153/SP;Norte;Colisão Traseira;;;1;1;;;;;;;1;1;;;
15/06/2012;19:22:00;147;com vítima;167;BR-153/SP;Norte;Colisão Frontal;1;;;;;;;;;1;0;;;;2
15/06/2012;17:32:00;136;sem vítima;174;BR-153/SP;Sul;Colisão Traseira;2;;;;;;;;;;4;;;;
15/06/2012;11:14:00;82;sem vítima;343;BR-153/SP;Sul;Colisão Lateral;;;2;;;;;;;1;4;;;;
16/06/2012;12:14:00;56;sem vítima;62;BR-153/SP;Sul;Colisão Traseira;2;;;;;;;;;;2;;;;
16/06/2012;21:06:00;110;sem vítima;73;BR-153/SP;Sul;Colisão Transversal;1;;1;;;;;;;;3;;;;
16/06/2012;11:21:00;51;com vítima;98,5;BR-153/SP;Sul;Colisão na Praça - Submarino;;;1;;;;;;;;1;1;;;
16/06/2012;07:49:00;24;sem vítima;199,5;BR-153/SP;Sul;Capotamento;1;;;;;;;;;;1;;;;
16/06/2012;02:09:00;7;com vítima;339;BR-153/SP;Sul;Colisão Lateral;1;;;1;;;;;;;5;1;;;
17/06/2012;09:19:00;34;sem vítima;41;BR-153/SP;Norte;Colisão Transversal;2;;;;;;;;;;6;;;;
17/06/2012;02:45:00;8;sem vítima;195,1;BR-153/SP;Sul;Saída de Pista;1;;;;;;;;;;2;;;;
18/06/2012;08:15:00;33;com vítima;27;BR-153/SP;Norte;Colisão Transversal;1;;;;;;;;;1;0;2;;;
18/06/2012;07:11:00;19;com vítima;107;BR-153/SP;Norte;Colisão Transversal;1;;;;;;;;;1;1;1;;;
18/06/2012;14:16:00;99;sem vítima;286,7;BR-153/SP;Norte;Colisão Traseira;;;1;1;;;;;;;2;;;;
19/06/2012;07:47:00;25;sem vítima;71;BR-153/SP;Norte;Colisão Lateral;1;;;1;;;;;;;2;;;;
19/06/2012;07:06:00;17;com vítima;269,3;BR-153/SP;Sul;Colisão Lateral;;;2;;;;;;;;0;2;;;
19/06/2012;22:30:00;137;com vítima;343,5;BR-153/SP;Sul;Saída de Pista;;;1;;;;;;;;0;1;;;
20/06/2012;09:34:00;46;sem vítima;93,2;BR-153/SP;Sul;Saída de Pista;1;;;;;;;;;;1;;;;
20/06/2012;18:37:00;119;sem vítima;179;BR-153/SP;Norte;Colisão Lateral;;;2;;;;;;;;3;;;;
20/06/2012;08:58:00;39;sem vítima;188,5;BR-153/SP;Norte;Colisão Lateral;1;;;;;;;;;1;2;;;;
20/06/2012;19:15:00;132;com vítima;255;BR-153/SP;Norte;Atropelamento  de Pedestre;;;;1;;;;;;;1;1;;;
20/06/2012;06:47:00;17;com vítima;275;BR-153/SP;Norte;Atropelamento de Animal;;;;1;;;;;;;0;1;;;
21/06/2012;23:37:00;171;com vítima;58;BR-153/SP;Sul;Saída de Pista;;;;;;;;;;1;1;1;;;
21/06/2012;07:36:00;26;com vítima;71,6;BR-153/SP;Norte;Queda de Moto;;;;1;;;;;;;0;1;;;
22/06/2012;01:44:00;11;sem vítima;147;BR-153/SP;Norte;Saída de Pista;1;;;;;;;;;;1;;;;
23/06/2012;20:21:00;128;com vítima;114;BR-153/SP;Norte;Colisão Traseira;1;;;1;;1;;;;;3;;1;;
23/06/2012;19:32:00;125;sem vítima;138,5;BR-153/SP;Sul;Atropelamento de Animal;1;;;;;;;;;;1;;;;
23/06/2012;16:52:00;113;sem vítima;257,3;BR-153/SP;Norte;Colisão Transversal;3;;;;;;;;;;5;;;;
23/06/2012;03:11:00;14;com vítima;274,8;BR-153/SP;Norte;Capotamento;;;;;;;;;;2;1;1;;;
24/06/2012;09:26:00;34;com vítima;326;BR-153/SP;Norte;Queda de Moto;;;;1;;;;;;;0;1;;;
25/06/2012;12:29:00;77;sem vítima;35,8;BR-153/SP;Norte;Colisão Traseira;;;1;;;;;;;1;2;;;;
25/06/2012;08:03:00;31;com vítima;58,8;BR-153/SP;Norte;Colisão Transversal;;;;;;;;;;2;2;2;;;
25/06/2012;07:56:00;29;sem vítima;63;BR-153/SP;Sul;Colisão Traseira;1;;;;;1;;;;;2;;;;
25/06/2012;18:25:00;118;com vítima;72;BR-153/SP;Sul;Colisão Lateral;;;1;1;;;;;;;1;;1;;
26/06/2012;11:39:00;90;com vítima;41,9;BR-153/SP;Norte;Colisão Transversal;1;;;1;;;;;;;1;1;;;
27/06/2012;22:28:00;164;sem vítima;35,8;BR-153/SP;Norte;Colisão Lateral;;;1;;;;;;;1;8;;;;
27/06/2012;17:16:00;130;com vítima;58,8;BR-153/SP;Norte;Atropelamento de Ciclista;;1;1;;;;;;;;1;1;;;
27/06/2012;07:59:00;28;com vítima;62;BR-153/SP;Sul;Engavetamento;3;;;;;;;;;1;3;;1;;
27/06/2012;17:21:00;131;sem vítima;64;BR-153/SP;Norte;Colisão Lateral;2;;;;;;;;;;3;;;;
27/06/2012;18:03:00;138;com vítima;75;BR-153/SP;Norte;Queda de Moto;;;;1;;;;;;;0;1;;;
28/06/2012;07:39:00;28;sem vítima;77;BR-153/SP;Sul;Atropelamento de Animal;1;;;;;;;;;;1;;;;
28/06/2012;13:26:00;74;sem vítima;79;BR-153/SP;Sul;Colisão Transversal;1;;1;;;;;;;;3;;;;
28/06/2012;15:15:00;81;sem vítima;99;BR-153/SP;Norte;Colisão Transversal;1;;1;;;;;;;;3;;;;
28/06/2012;05:40:00;17;sem vítima;111;BR-153/SP;Norte;Saída de Pista;1;;;;;;;;;;1;;;;
28/06/2012;18:37:00;104;sem vítima;153;BR-153/SP;Norte;Colisão Transversal;1;;;;;;;;;1;4;;;;
28/06/2012;21:32:00;124;com vítima;182;BR-153/SP;Norte;Colisão Transversal;1;;1;;;;;;;;1;2;;;
29/06/2012;05:19:00;16;com vítima;72;BR-153/SP;Norte;Colisão Frontal;1;;1;;;;;;;;1;;;1;
29/06/2012;07:37:00;37;com vítima;73;BR-153/SP;Norte;Colisão Traseira;;;;1;;;;;;1;1;;1;;
29/06/2012;12:45:00;75;sem vítima;110;BR-153/SP;Norte;Colisão Traseira;2;;;;;;;;;;4;;;;
29/06/2012;08:44:00;47;com vítima;189;BR-153/SP;Norte;Colisão Traseira;1;;;1;;;;;;;1;1;;;
30/06/2012;22:54:00;178;sem vítima;21,3;BR-153/SP;Sul;Colisão com Objeto Fixo;1;;;;;;;;;;1;;;;
30/06/2012;10:49:00;76;sem vítima;55;BR-153/SP;Norte;Queda de Moto;;;;1;;1;;;;;2;;;;
30/06/2012;10:09:00;68;com vítima;62,8;BR-153/SP;Sul;Colisão Lateral;1;;1;;;;;;;;1;1;;;
30/06/2012;08:58:00;48;sem vítima;222;BR-153/SP;Sul;Choque contra objeto na faixa de rolamento;1;;1;;;;;;;;2;;;;
01/07/2012;09:43:00;78;com vítima;14,8;BR-153/SP;Norte;Colisão Traseira;1;;2;;;;;;;;2;;;1;1
02/07/2012;13:07:00;80;sem vítima;52,6;BR-153/SP;Norte;Colisão Lateral;;;1;;;;;;;1;5;;;;
02/07/2012;08:39:00;34;sem vítima;62,2;BR-153/SP;Sul;Engavetamento;1;;1;;;;;;;1;4;;;;