data;horario;n_da_ocorrencia;tipo_de_ocorrencia;km;trecho;sentido;tipo_de_acidente;automovel;bicicleta;caminhao;moto;onibus;outros;tracao_animal;transporte_de_cargas_especiais;trator_maquinas;utilitarios;ilesos;levemente_feridos;moderadamente_feridos;gravemente_feridos;mortos
07/11/2012;09:27:00;46;com vítima;77,5;BR-153/SP;Norte;Colisão Frontal;1;;;;;;;;;2;1;;1;1;1
08/11/2012;11:05:00;87;com vítima;11,5;BR-153/SP;Sul;Capotamento;;;;;;;;;;1;0;1;;;
08/11/2012;01:58:00;6;sem vítima;15;BR-153/SP;Norte;Saída de Pista;1;;;;;;;;;;3;;;;
08/11/2012;10:54:00;84;com vítima;52,2;BR-153/SP;Norte;Colisão Traseira;;;1;;;;;;;1;1;1;;;
08/11/2012;13:04:00;103;sem vítima;162;BR-153/SP;Sul;Incêndio;;;1;;;;;;;;1;;;;
08/11/2012;13:56:00;109;sem vítima;183,8;BR-153/SP;Norte;Saída de Pista;;;;;;;;;;1;1;;;;
08/11/2012;13:54:00;108;sem vítima;190,1;BR-153/SP;Sul;Colisão Traseira;;;1;;;1;;;;;2;;;;
10/11/2012;09:57:00;57;com vítima;17,5;BR-153/SP;Sul;Colisão Frontal;1;;1;;;;;;;1;2;;;;1
10/11/2012;06:18:00;17;com vítima;32;BR-153/SP;Norte;Capotamento;1;;;;;;;;;;0;1;;;
10/11/2012;20:50:00;131;com vítima;58;BR-153/SP;Sul;Colisão Lateral;;;;1;1;;;;;;2;1;;;
10/11/2012;09:07:00;45;sem vítima;89;BR-153/SP;Norte;Colisão Traseira;3;;;;;;;;;;8;;;;
10/11/2012;19:36:00;123;sem vítima;287;BR-153/SP;Sul;Colisão Traseira;1;;1;;;;;;;;2;;;;
11/11/2012;16:28:00;84;sem vítima;25;BR-153/SP;Sul;Colisão Lateral;;;1;;;1;;;;;2;;;;
11/11/2012;12:56:00;59;sem vítima;58;BR-153/SP;Sul;Colisão Lateral;2;;;;;;;;;;5;;;;
11/11/2012;00:17:00;1;com vítima;190,3;BR-153/SP;Sul;Tombamento de Moto;;;;1;;;;;;;0;2;;;
12/11/2012;05:06:00;6;sem vítima;74;BR-153/SP;Sul;Choque contra objeto na faixa de rolamento;1;;;;;1;;;;;2;;;;
12/11/2012;08:13:00;28;com vítima;120;BR-153/SP;Norte;Colisão Transversal;2;;;;;;;;;;4;1;;;
12/11/2012;06:28:00;9;com vítima;325;BR-153/SP;Norte;Choque contra Objeto Fixo;;;1;;;;;;;;1;1;;;
13/11/2012;07:51:00;29;sem vítima;62;BR-153/SP;Norte;Colisão Traseira;2;;;;;;;;;;2;;;;
13/11/2012;15:59:00;139;sem vítima;133;BR-153/SP;Norte;Engavetamento;1;;2;;;;;;;;11;;;;
13/11/2012;16:18:00;141;sem vítima;133,5;BR-153/SP;Norte;Colisão Traseira;;;2;;;;;;;;2;;;;
14/11/2012;09:38:00;51;com vítima;34;BR-153/SP;Sul;Tombamento de Moto;;;1;1;;;;;;;1;1;;;
14/11/2012;18:01:00;145;com vítima;70;BR-153/SP;Sul;Colisão Transversal;;;1;;;;;;;1;2;2;1;;
14/11/2012;18:41:00;151;sem vítima;70;BR-153/SP;Sul;Engavetamento;3;;;;;;;;;1;8;;;;
14/11/2012;17:41:00;144;com vítima;75;BR-153/SP;Sul;Colisão Transversal;2;;;;;;;;;;1;3;;;
15/11/2012;19:14:00;100;sem vítima;116;BR-153/SP;Sul;Colisão Lateral;;;;;;1;;;;1;5;;;;
15/11/2012;21:12:00;108;com vítima;135,2;BR-153/SP;Sul;Saída de Pista;;;1;;;;;;;;0;2;;;
16/11/2012;14:57:00;93;sem vítima;27;BR-153/SP;Norte;Colisão Transversal;2;;;;;;;;;;7;;;;
16/11/2012;08:14:00;40;sem vítima;62,3;BR-153/SP;Sul;Colisão Traseira;1;;;;;;;;;2;3;;;;
16/11/2012;17:05:00;110;sem vítima;146;BR-153/SP;Norte;Choque contra objeto na faixa de rolamento;1;;;;;;;;;;1;;;;
17/11/2012;12:45:00;95;sem vítima;65;BR-153/SP;Norte;Colisão Lateral;1;;;;;;;;;1;6;;;;
17/11/2012;12:36:00;92;com vítima;73,2;BR-153/SP;Norte;Colisão Lateral;2;;;;;1;;;;;2;1;;;
17/11/2012;13:11:00;97;sem vítima;79;BR-153/SP;Norte;Colisão Lateral;1;;;;;1;;;;;3;;;;
17/11/2012;22:55:00;141;sem vítima;115,5;BR-153/SP;Norte;Colisão Transversal;1;;;;;;;;;1;3;;;;
18/11/2012;18:40:00;104;com vítima;274,5;BR-153/SP;Sul;Tombamento;;;1;;;;;;;;0;1;;;
19/11/2012;20:54:00;143;com vítima;0,5;BR-153/SP;Sul;Colisão Frontal;1;;;1;1;1;;;;;3;2;;;
19/11/2012;14:51:00;105;com vítima;58;BR-153/SP;Norte;Colisão Transversal;2;;;;;;;;;;3;3;;;
19/11/2012;16:09:00;115;sem vítima;120;BR-153/SP;Norte;Colisão Transversal;1;;1;;;;;;;;2;;;;
20/11/2012;04:46:00;6;sem vítima;72;BR-153/SP;Sul;Colisão Transversal;;;1;;;;;;;1;2;;;;
20/11/2012;18:59:00;150;sem vítima;96;BR-153/SP;Norte;Choque contra objeto na faixa de rolamento;;;2;;;;;;;;2;;;;
20/11/2012;10:58:00;90;sem vítima;205,6;BR-153/SP;Sul;Tombamento;;;1;;;;;;;;1;;;;
21/11/2012;16:31:00;144;sem vítima;10,9;BR-153/SP;Norte;Colisão Lateral;1;;1;;;;;;;;2;;;;
21/11/2012;08:03:00;50;sem vítima;58,9;BR-153/SP;Norte;Colisão Transversal;2;;;;;;;;;;2;;;;
21/11/2012;14:38:00;133;com vítima;256;BR-153/SP;Norte;Colisão Transversal;;1;;1;;;;;;;0;2;;;
23/11/2012;17:22:00;129;com vítima;10;BR-153/SP;Norte;Colisão Lateral;;;1;1;;;;;;;1;;1;;
23/11/2012;21:48:00;153;com vítima;61;BR-153/SP;Sul;Tombamento de Moto;;;;1;;;;;;;0;;1;;
23/11/2012;18:24:00;133;sem vítima;64;BR-153/SP;Norte;Colisão Lateral;2;;;;;1;;;;;3;;;;
23/11/2012;20:27:00;147;sem vítima;68,7;BR-153/SP;Norte;Colisão Traseira;;;1;;;;;;;1;2;;;;
23/11/2012;23:28:00;158;sem vítima;227;BR-153/SP;Norte;Choque contra objeto na faixa de rolamento;1;;;;;;;;;;4;;;;
23/11/2012;13:36:00;108;com vítima;273,9;BR-153/SP;Norte;Tombamento;;;1;;;;;;;;0;1;;;
24/11/2012;00:14:00;2;com vítima;71,05;BR-153/SP;Sul;Colisão Transversal;;;;;;;;;;2;1;1;1;;
25/11/2012;05:33:00;15;sem vítima;60,1;BR-153/SP;Norte;Saída de Pista;1;;;;;;;;;;1;;;;
25/11/2012;10:53:00;48;sem vítima;74;BR-153/SP;Sul;Colisão Lateral;1;;1;;;;;;;;2;;;;
26/11/2012;17:32:00;134;sem vítima;71;BR-153/SP;Norte;Colisão Transversal;1;;1;;;;;;;;2;;;;
27/11/2012;09:09:00;50;sem vítima;108;BR-153/SP;Norte;Saída de Pista;1;;;;;;;;;;1;;;;
27/11/2012;20:54:00;128;sem vítima;221,3;BR-153/SP;Sul;Colisão Lateral;;;2;;;;;;;;2;;;;
28/11/2012;11:03:00;90;com vítima;57,4;BR-153/SP;Norte;Tombamento;;;;;;;;;;2;1;1;;;
28/11/2012;02:39:00;10;sem vítima;76,9;BR-153/SP;Norte;Atropelamento de Animal;;;1;;;;;;;;1;;;;
29/11/2012;23:54:00;162;com vítima;55,8;BR-153/SP;Sul;Choque contra Objeto Fixo;;;;1;;;;;;;0;;;1;
29/11/2012;13:37:00;98;com vítima;56;BR-153/SP;Norte;Colisão Lateral;;;;1;1;;;;;;1;1;;;
29/11/2012;13:25:00;96;com vítima;60;BR-153/SP;Norte;Saída de Pista;1;;;;;;;;;;0;1;;;
29/11/2012;14:07:00;103;com vítima;161;BR-153/SP;Norte;Colisão Transversal;1;;1;;;;;;;;1;;1;;
29/11/2012;11:38:00;82;sem vítima;227;BR-153/SP;Norte;Colisão Traseira;;;1;;;;;;;1;3;;;;
30/11/2012;18:28:00;147;sem vítima;61;BR-153/SP;Sul;Colisão Traseira;1;;;;;1;;;;;2;;;;
30/11/2012;18:07:00;143;sem vítima;62,2;BR-153/SP;Sul;Engavetamento;1;;;;;;;;;4;5;;;;
30/11/2012;18:40:00;148;com vítima;64;BR-153/SP;Norte;Engavetamento;1;;;1;;1;;;;;2;;1;;
30/11/2012;02:39:00;6;com vítima;71;BR-153/SP;Sul;Tombamento de Moto;;;;1;;;;;;;0;1;;;
30/11/2012;09:42:00;62;com vítima;335,5;BR-153/SP;Sul;Saída de Pista;1;;;;;;;;;;0;1;;;
01/12/2012;21:49:00;107;com vítima;15,7;BR-153/SP;Sul;Colisão Frontal;1;;1;;;;;;;;2;;2;;
01/12/2012;16:17:00;76;sem vítima;145;BR-153/SP;Norte;Colisão Transversal;1;;1;;;;;;;;3;;;;
01/12/2012;14:19:00;64;sem vítima;155;BR-153/SP;Norte;Colisão Traseira;2;;;;;;;;;;4;;;;
02/12/2012;19:26:00;79;sem vítima;35,8;BR-153/SP;Norte;Colisão Traseira;;;2;;;;;;;;3;;;;
02/12/2012;00:34:00;2;sem vítima;107;BR-153/SP;Norte;Colisão Traseira;1;;;;;1;;;;;5;;;;
02/12/2012;05:13:00;13;sem vítima;110,7;BR-153/SP;Norte;Colisão Traseira;1;;;;;;;;;1;3;;;;
02/12/2012;00:48:00;3;sem vítima;269,5;BR-153/SP;Norte;Incidente;;;;1;;;;;;;2;;;;
03/12/2012;15:24:00;141;com vítima;41,5;BR-153/SP;Norte;Tombamento de Moto;;;;1;;;;;;;0;1;1;;
03/12/2012;17:11:00;151;sem vítima;62,5;BR-153/SP;Sul;Engavetamento;3;;;;;1;;;;;4;;;;
03/12/2012;21:43:00;178;com vítima;74,2;BR-153/SP;Sul;Tombamento de Moto;;;;1;;;;;;;0;1;;;
03/12/2012;07:33:00;56;com vítima;75;BR-153/SP;Norte;Colisão Lateral;1;;;1;;;;;;;1;2;;;
03/12/2012;13:58:00;122;com vítima;256,5;BR-153/SP;Sul;Colisão Lateral;;;;2;;;;;;;0;2;;;
04/12/2012;10:05:00;68;com vítima;108;BR-153/SP;Norte;Colisão Lateral;;;1;;;;;;;1;1;2;;;
04/12/2012;18:30:00;143;sem vítima;146;BR-153/SP;Norte;Capotamento;1;;;;;;;;;;3;;;;
05/12/2012;07:32:00;33;sem vítima;110;BR-153/SP;Norte;Tombamento;;;;;;;;;;;1;;;;
06/12/2012;13:01:00;69;sem vítima;67;BR-153/SP;Norte;Colisão Traseira;1;;;1;;;;;;;2;;;;
06/12/2012;00:04:00;1;com vítima;121,5;BR-153/SP;Sul;Colisão Frontal;;;2;;;;;;;;0;;1;;1
07/12/2012;08:14:00;36;com vítima;60;BR-153/SP;Norte;Colisão Traseira;1;;;1;;;;;;;1;1;;;
07/12/2012;08:02:00;33;sem vítima;61;BR-153/SP;Sul;Colisão Transversal;2;;;;;;;;;;2;;;;
07/12/2012;23:41:00;164;sem vítima;118;BR-153/SP;Norte;Colisão Traseira;2;;;;;;;;;;3;;;;
08/12/2012;05:58:00;13;com vítima;67;BR-153/SP;Sul;Colisão Transversal;;;1;1;;;;;;;1;;;;1
08/12/2012;20:30:00;106;com vítima;112,3;BR-153/SP;Norte;Engavetamento;3;;;;;;;;;;8;2;;;
08/12/2012;22:59:00;117;sem vítima;256,4;BR-153/SP;Sul;Colisão Lateral;1;;1;;;;;;;;2;;;;
09/12/2012;10:21:00;33;sem vítima;31,2;BR-153/SP;Norte;Colisão Transversal;1;;1;;;;;;;;2;;;;
09/12/2012;06:17:00;11;sem vítima;63;BR-153/SP;Norte;Saída de Pista;1;;;;;;;;;;1;;;;
09/12/2012;17:44:00;89;com vítima;73;BR-153/SP;Sul;Colisão Lateral;;;;1;;1;;;;;1;2;;;
09/12/2012;18:15:00;97;sem vítima;73;BR-153/SP;Norte;Colisão Transversal;1;;;1;;;;;;;2;;;;
09/12/2012;17:44:00;105;sem vítima;73;BR-153/SP;Sul;Tombamento de Moto;;;;1;;;;;;;1;;;;
09/12/2012;18:29:00;98;sem vítima;96,7;BR-153/SP;Sul;Colisão Lateral;;;2;;;;;;;;4;;;;
09/12/2012;18:11:00;95;com vítima;101;BR-153/SP;Norte;Colisão Transversal;2;;;;;;;;;;3;3;;;
09/12/2012;01:34:00;5;com vítima;161,3;BR-153/SP;Sul;Saída de Pista;;;;1;;;;;;;0;1;1;;
09/12/2012;15:32:00;69;sem vítima;280;BR-153/SP;Sul;Colisão Transversal;1;;;;;;;;;1;5;;;;
10/12/2012;12:24:00;66;com vítima;27;BR-153/SP;Norte;Saída de Pista;1;;;;;;;;;;0;1;;;
10/12/2012;00:38:00;4;com vítima;53,3;BR-153/SP;Norte;Capotamento;1;;;;;;;;;;0;;;1;1
10/12/2012;20:59:00;125;com vítima;64,3;BR-153/SP;Sul;Atropelamento  de Pedestre;;;;;;;;;;1;3;;;;1
10/12/2012;12:52:00;68;com vítima;74,2;BR-153/SP;Norte;Tombamento de Moto;;;;1;;;;;;;0;1;;;
10/12/2012;15:05:00;87;com vítima;99;BR-153/SP;Norte;Tombamento;;;1;;;;;;;;0;1;;;
10/12/2012;07:48:00;30;com vítima;113;BR-153/SP;Sul;Tombamento;;;1;;;;;;;;0;1;;;
11/12/2012;09:40:00;61;sem vítima;17;BR-153/SP;Norte;Saída de Pista;;;;;;;;;;1;2;;;;
11/12/2012;09:44:00;63;sem vítima;21;BR-153/SP;Norte;Engavetamento;2;;1;;;;;;;;4;;;;
11/12/2012;17:17:00;116;sem vítima;225;BR-153/SP;Sul;Colisão Lateral;;;3;;;;;;;;4;;;;
11/12/2012;19:27:00;128;sem vítima;341,8;BR-153/SP;Norte;Saída de Pista;;;;;;;;;;1;1;;;;
12/12/2012;18:32:00;142;com vítima;42;BR-153/SP;Norte;Colisão Transversal;2;;;;;;;;;;5;1;;1;
12/12/2012;18:08:00;138;sem vítima;75;BR-153/SP;Norte;Colisão Lateral;1;;1;;;;;;;;2;;;;
12/12/2012;09:12:00;47;com vítima;174;BR-153/SP;Norte;Tombamento de Moto;;;;1;;;;;;;0;1;;;
12/12/2012;20:35:00;160;com vítima;344,3;BR-153/SP;Norte;Tombamento de Moto;;;;1;;;;;;;0;1;;;
13/12/2012;22:37:00;143;sem vítima;99;BR-153/SP;Sul;Saída de Pista;1;;;;;;;;;;1;;;;
14/12/2012;11:17:00;51;com vítima;58,9;BR-153/SP;Sul;Colisão Transversal;2;;;;;;;;;;2;1;;;
14/12/2012;17:12:00;90;sem vítima;83;BR-153/SP;Norte;Choque contra Objeto Fixo;;;1;;;;;;;;1;;;;
14/12/2012;08:09:00;33;com vítima;214,6;BR-153/SP;Sul;Choque contra veículo no acostamento;1;;1;;;;;;;;2;;2;;1
15/12/2012;19:08:00;109;com vítima;46;BR-153/SP;Norte;Capotamento;1;;;;;;;;;;0;1;;;
15/12/2012;07:25:00;21;com vítima;58;BR-153/SP;Norte;Colisão Transversal;1;;;1;;;;;;;1;1;;;
15/12/2012;07:05:00;18;sem vítima;62;BR-153/SP;Norte;Colisão Transversal;1;;;;;1;;;;1;4;;;;
15/12/2012;09:17:00;39;com vítima;67;BR-153/SP;Sul;Colisão Transversal;;;1;;1;;;;;;23;;2;2;
15/12/2012;20:21:00;117;sem vítima;78;BR-153/SP;Norte;Colisão Traseira;2;;;;;;;;;;7;;;;
15/12/2012;07:51:00;26;com vítima;178;BR-153/SP;Norte;Tombamento de Moto;;;;1;;;;;;;0;1;;;
15/12/2012;16:10:00;84;com vítima;338,1;BR-153/SP;Sul;Colisão Frontal;1;;1;;;;;;;;1;;3;1;
15/12/2012;02:03:00;6;com vítima;346,3;BR-153/SP;Norte;Atropelamento  de Pedestre;;;;;1;;;;;;1;;;;1
16/12/2012;03:08:00;8;sem vítima;56;BR-153/SP;Sul;Saída de Pista;;;1;;;;;;;;1;;;;
16/12/2012;05:42:00;15;sem vítima;60;BR-153/SP;Sul;Saída de Pista;;;;;;;;;;1;1;;;;
16/12/2012;13:27:00;61;com vítima;72,5;BR-153/SP;Sul;Tombamento de Moto;;;;1;;;;;;;0;1;;;
16/12/2012;03:38:00;10;sem vítima;74;BR-153/SP;Norte;Colisão Traseira;2;;;;;;;;;;5;;;;
16/12/2012;04:02:00;13;com vítima;207,9;BR-153/SP;Norte;Colisão Frontal;1;;;;;;;;;1;0;2;;;1
16/12/2012;03:01:00;7;sem vítima;223;BR-153/SP;Norte;Saída de Pista;1;;;;;;;;;;1;;;;
16/12/2012;19:11:00;105;com vítima;326,9;BR-153/SP;Sul;Colisão Lateral;2;;;;;;;;;;4;1;;;
17/12/2012;18:24:00;113;com vítima;58;BR-153/SP;Norte;Colisão Lateral;;;;2;;;;;;;0;1;1;;
18/12/2012;08:23:00;47;com vítima;76;BR-153/SP;Norte;Tombamento de Moto;;;;1;;;;;;;1;1;;;
18/12/2012;08:38:00;54;sem vítima;79;BR-153/SP;Norte;Tombamento;;;1;;;;;;;;1;;;;
18/12/2012;09:08:00;61;sem vítima;183;BR-153/SP;Sul;Colisão Traseira;;;2;;;1;;;;;3;;;;
19/12/2012;22:14:00;171;sem vítima;50;BR-153/SP;Sul;Tombamento de Moto;;;;1;;;;;;;1;;;;
19/12/2012;15:59:00;133;sem vítima;63;BR-153/SP;Norte;Colisão Traseira;1;;;;;;;;;1;3;;;;
19/12/2012;04:24:00;16;sem vítima;97;BR-153/SP;Sul;Choque contra objeto na faixa de rolamento;;;1;;;;;;;;1;;;;
19/12/2012;04:25:00;22;sem vítima;97,2;BR-153/SP;Sul;Choque contra objeto na faixa de rolamento;;;1;;;;;;;;1;;;;
19/12/2012;04:25:00;18;sem vítima;98;BR-153/SP;Sul;Choque contra objeto na faixa de rolamento;1;;;;;;;;;;1;;;;
19/12/2012;11:13:00;94;sem vítima;183;BR-153/SP;Sul;Choque contra Objeto Fixo;;;1;;;;;;;;1;;;;
19/12/2012;18:58:00;153;sem vítima;211;BR-153/SP;Norte;Colisão Traseira;1;;1;;;;;;;;4;;;;
19/12/2012;16:58:00;143;sem vítima;213;BR-153/SP;Sul;Saída de Pista;1;;;;;;;;;;2;;;;
20/12/2012;16:08:00;142;sem vítima;43;BR-153/SP;Sul;Colisão Lateral;2;;1;;;;;;;;4;;;;
20/12/2012;17:01:00;148;sem vítima;94;BR-153/SP;Norte;Saída de Pista;;;;;;;;;;1;2;;;;
20/12/2012;15:32:00;137;sem vítima;105;BR-153/SP;Norte;Colisão Traseira;1;;1;;;;;;;;2;;;;
20/12/2012;16:27:00;145;sem vítima;117,3;BR-153/SP;Norte;Colisão Traseira;;;1;;;1;;;;;2;;;;
21/12/2012;23:18:00;147;sem vítima;14,5;BR-153/SP;Sul;Saída de Pista;;;;;;;;;;1;2;;;;
21/12/2012;07:03:00;18;com vítima;44;BR-153/SP;Norte;Colisão Transversal;;;1;;1;;;;;;2;1;;;
21/12/2012;07:26:00;21;sem vítima;44;BR-153/SP;Norte;Colisão Traseira;2;;;;;;;;;;2;;;;
21/12/2012;15:04:00;89;sem vítima;62,3;BR-153/SP;Sul;Colisão Traseira;2;;;;;;;;;;4;;;;
21/12/2012;14:24:00;81;sem vítima;62,5;BR-153/SP;Sul;Colisão Traseira;2;;;;;;;;;;5;;;;
21/12/2012;19:05:00;118;sem vítima;62,5;BR-153/SP;Sul;Colisão Traseira;1;;;;;1;;;;;2;;;;
21/12/2012;09:27:00;42;sem vítima;178;BR-153/SP;Norte;Colisão Traseira;2;;;;;;;;;;4;;;;
21/12/2012;22:04:00;135;com vítima;264,3;BR-153/SP;Sul;Saída de Pista;1;;;;;;;;;;4;1;;;
22/12/2012;09:36:00;56;com vítima;32,5;BR-153/SP;Sul;Engavetamento;6;;1;;;;;;;;19;2;;;1
22/12/2012;16:18:00;97;com vítima;58;BR-153/SP;Norte;Colisão Transversal;1;;;1;;;;;;;1;1;1;;
22/12/2012;21:56:00;136;sem vítima;83,5;BR-153/SP;Sul;Colisão Traseira;;;;;;;;;;2;7;;;;
22/12/2012;21:41:00;134;sem vítima;84;BR-153/SP;Norte;Colisão Traseira;2;;;;;;;;;;6;;;;
22/12/2012;07:38:00;33;sem vítima;161;BR-153/SP;Norte;Colisão Traseira;2;;;;;;;;;;4;;;;
22/12/2012;15:40:00;92;com vítima;300,5;BR-153/SP;Norte;Saída de Pista;;;;;;;;;;1;1;1;;;
23/12/2012;08:40:00;47;sem vítima;0,2;BR-153/SP;Norte;Capotamento;1;;;;;;;;;;1;;;;
23/12/2012;02:30:00;10;com vítima;65;BR-153/SP;Norte;Capotamento;1;;;;;;;;;;0;1;;;
25/12/2012;15:48:00;44;sem vítima;26,5;BR-153/SP;Sul;Engavetamento;3;;;;;;;;;;8;;;;
25/12/2012;00:30:00;81;com vítima;274,3;BR-153/SP;Norte;Choque contra Objeto Fixo;;;1;;;;;;;;1;;1;;1
26/12/2012;14:08:00;73;sem vítima;15;BR-153/SP;Sul;Choque contra objeto na faixa de rolamento;1;;;;;;;;;;5;;;;
26/12/2012;20:55:00;114;sem vítima;63;BR-153/SP;Sul;Colisão Traseira;1;;;;;1;;;;;3;;;;
26/12/2012;10:12:00;55;sem vítima;98,05;BR-153/SP;Norte;Colisão Frontal;2;;;;;;;;;;6;;;;
27/12/2012;22:03:00;141;com vítima;108,4;BR-153/SP;Sul;Colisão Transversal;1;;;;;;;;;1;0;1;;;1
27/12/2012;05:48:00;28;com vítima;139;BR-153/SP;Sul;Colisão Transversal;1;;;1;;;;;;;1;1;;;
27/12/2012;22:55:00;144;com vítima;334;BR-153/SP;Norte;Capotamento;;;;;;;;;;1;0;1;;;1
28/12/2012;10:11:00;44;sem vítima;25,8;BR-153/SP;Sul;Saída de Pista;1;;;;;;;;;;2;;;;
28/12/2012;00:18:00;2;com vítima;74;BR-153/SP;Norte;Tombamento de Moto;;;;1;;;;;;;0;;1;;
28/12/2012;17:25:00;96;com vítima;74;BR-153/SP;Sul;Tombamento de Moto;;;;1;;;;;;;0;1;;;
28/12/2012;03:52:00;10;com vítima;106,4;BR-153/SP;Norte;Colisão Traseira;2;;;;;;;;;;4;1;;;
28/12/2012;05:24:00;13;com vítima;158;BR-153/SP;Norte;Choque contra objeto na faixa de rolamento;1;;1;;;;;;;;1;1;;;
29/12/2012;22:08:00;103;com vítima;62;BR-153/SP;Sul;Atropelamento  de Pedestre;1;;;;;;;;;;1;;;;1
29/12/2012;11:24:00;39;sem vítima;268,1;BR-153/SP;Norte; INCIDENTE - Choque na Praça - Cancela;1;;1;;;;;;;;2;;;;
30/12/2012;17:46:00;75;com vítima;58,8;BR-153/SP;Norte;Colisão Transversal;;;1;1;;;;;;1;1;1;1;;
31/12/2012;15:37:00;43;sem vítima;174;BR-153/SP;Norte;Colisão Traseira;2;;;;;;;;;;2;;;;
31/12/2012;08:13:00;16;sem vítima;230;BR-153/SP;Norte;Capotamento;1;;;;;;;;;;1;;;;
31/12/2012;21:01:00;63;sem vítima;256,6;BR-153/SP;Norte;Colisão Traseira;2;;;;;;;;;;4;;;;
31/12/2012;16:46:00;50;com vítima;289;BR-153/SP;Sul;Colisão Lateral;1;;;1;;;;;;;1;1;;;
01/01/2013;13:18:00;51;sem vítima;63;BR-153/SP;Norte;Colisão Traseira;1;;;;;;;;;1;2;;;;
01/01/2013;04:50:00;7;com vítima;66,5;BR-153/SP;Sul;Capotamento;1;;;;;;;;;;0;2;;;
03/01/2013;06:03:00;18;com vítima;17,9;BR-153/SP;Sul;Colisão Traseira;;;1;;1;;;;;;33;1;;;
03/01/2013;07:42:00;30;com vítima;65,5;BR-153/SP;Sul;Tombamento de Moto;;;;1;;;;;;;0;1;;;
03/01/2013;16:30:00;96;com vítima;195,3;BR-153/SP;Sul;Colisão Transversal;1;;1;;;;;;;;1;1;;;
04/01/2013;08:39:00;51;com vítima;106;BR-153/SP;Sul;Colisão Lateral;1;;1;;;;;;;;4;1;;;
04/01/2013;09:59:00;67;sem vítima;121;BR-153/SP;Norte;Saída de Pista;;;;;;;;;;1;1;;;;
05/01/2013;10:22:00;80;com vítima;7;BR-153/SP;Norte;Tombamento de Moto;;;;1;;;;;;;0;;1;;
05/01/2013;09:14:00;68;com vítima;76;BR-153/SP;Norte;Colisão Lateral;1;;2;;;;;;;;5;2;;;
06/01/2013;05:09:00;9;sem vítima;62;BR-153/SP;Sul;Choque contra Objeto Fixo;1;;;;;;;;;;5;;;;
06/01/2013;22:26:00;106;com vítima;80;BR-153/SP;Norte;Colisão Lateral;2;;;;;;;;;;3;;2;;
06/01/2013;19:49:00;96;sem vítima;183,8;BR-153/SP;Norte;Colisão Traseira;1;;;;;;;;;1;2;;;;
07/01/2013;16:47:00;99;sem vítima;32,8;BR-153/SP;Sul;Saída de Pista;1;;;;;;;;;;1;;;;
07/01/2013;13:21:00;79;sem vítima;52,2;BR-153/SP;Norte;Colisão Traseira;1;;;;;;;;;2;9;;;;
07/01/2013;07:42:00;31;sem vítima;64;BR-153/SP;Sul;Colisão Traseira;2;;;;;;;;;;5;;;;
07/01/2013;17:30:00;103;sem vítima;72,6;BR-153/SP;Sul;Colisão Traseira;2;;;;;;;;;;6;;;;
07/01/2013;17:35:00;104;sem vítima;73,8;BR-153/SP;Sul;Colisão Traseira;1;;;;;;;;;1;3;;;;
08/01/2013;11:47:00;103;sem vítima;30,1;BR-153/SP;Sul;Saída de Pista;;;;1;;1;;;;;2;;;;
08/01/2013;17:10:00;162;com vítima;41,5;BR-153/SP;Norte;Engavetamento;1;;1;;;1;;;;1;6;1;1;;
08/01/2013;13:01:00;113;sem vítima;51,5;BR-153/SP;Norte;Colisão Traseira;1;;;;;;;;;1;4;;;;
08/01/2013;08:23:00;57;sem vítima;56;BR-153/SP;Norte;Colisão Traseira;1;;;;;1;;;;;3;;;;
08/01/2013;16:18:00;157;sem vítima;58;BR-153/SP;Norte;Colisão Traseira;2;;;;;;;;;;3;;;;
08/01/2013;15:56:00;149;sem vítima;111;BR-153/SP;Norte;Colisão Traseira;;;2;;;;;;;;2;;;;
09/01/2013;08:36:00;49;sem vítima;35,8;BR-153/SP;Sul;Colisão Traseira;1;;1;;;;;;;;2;;;;
09/01/2013;00:26:00;1;sem vítima;37,7;BR-153/SP;Norte;Saída de Pista;;;1;;;;;;;;1;;;;
09/01/2013;14:58:00;144;sem vítima;41;BR-153/SP;Norte;Colisão Traseira;2;;;;;;;;;;2;;;;
09/01/2013;07:46:00;33;sem vítima;72;BR-153/SP;Norte;Colisão Traseira;2;;;;;;;;;;2;;;;
09/01/2013;18:16:00;174;com vítima;73,3;BR-153/SP;Sul;Engavetamento;2;;;;;;;;;1;4;1;;;
09/01/2013;17:04:00;163;sem vítima;92,5;BR-153/SP;Norte;Colisão Traseira;;;;;;1;;;;1;2;;;;
09/01/2013;17:41:00;166;sem vítima;109;BR-153/SP;Sul;Colisão Traseira;1;;;;;;;;;1;2;;;;
11/01/2013;04:36:00;13;sem vítima;59,8;BR-153/SP;Norte;Saída de Pista;1;;;;;;;;;;1;;;;
11/01/2013;18:48:00;128;sem vítima;161;BR-153/SP;Sul;Atropelamento de Animal;;;1;;;;;;;;1;;;;