data;horario;n_da_ocorrencia;tipo_de_ocorrencia;km;trecho;sentido;tipo_de_acidente;automovel;bicicleta;caminhao;moto;onibus;outros;tracao_animal;transporte_de_cargas_especiais;trator_maquinas;utilitarios;ilesos;levemente_feridos;moderadamente_feridos;gravemente_feridos;mortos
24/05/2013;23:13:00;149;sem vítima;122;BR-153/SP;Sul;Atropelamento de Animal;1;;;;;;;;;;1;;;;
25/05/2013;20:17:00;147;sem vítima;60,8;BR-153/SP;Norte;Colisão Traseira;1;;;1;;;;;;;2;;;;
26/05/2013;00:15:00;2;sem vítima;42;BR-153/SP;Norte;Tombamento de Moto;;;;1;;;;;;;1;;;;
26/05/2013;22:36:00;156;com vítima;60;BR-153/SP;Norte;Colisão Traseira;;;;1;;1;;;;;1;1;;;
26/05/2013;01:30:00;11;sem vítima;66;BR-153/SP;Norte;Saída de Pista;1;;;;;;;;;;1;;;;
26/05/2013;18:39:00;129;com vítima;124;BR-153/SP;Norte;Colisão Lateral;1;;;;;;;;;1;2;1;;;
27/05/2013;09:40:00;68;sem vítima;74,6;BR-153/SP;Sul;Colisão Traseira;2;;;;;;;;;;2;;;;
28/05/2013;20:34:00;166;sem vítima;58,8;BR-153/SP;Sul;Saída de Pista;1;;;;;1;;;;;2;;;;
28/05/2013;15:12:00;119;sem vítima;62,85;BR-153/SP;Sul;Engavetamento;4;;;;;1;;;;;13;;;;
28/05/2013;19:39:00;156;com vítima;99,3;BR-153/SP;Norte;Atropelamento de Animal;;;;1;;;;;;;0;1;;;
28/05/2013;13:18:00;100;sem vítima;131,9;BR-153/SP;Sul;Colisão Lateral;1;;;;;1;;;;;2;;;;
28/05/2013;08:58:00;61;sem vítima;204;BR-153/SP;Norte;Outros;;;1;;;;;;;;1;;;;
28/05/2013;20:11:00;162;com vítima;339,42;BR-153/SP;Norte;Colisão Transversal;;;1;;;;;;;1;0;1;;1;
29/05/2013;14:20:00;101;sem vítima;33;BR-153/SP;Norte;Saída de Pista;;;1;;;;;;;;1;;;;
29/05/2013;09:54:00;56;sem vítima;53,4;BR-153/SP;Sul;Colisão Traseira;2;;;;;;;;;;2;;;;
29/05/2013;07:57:00;36;sem vítima;57,5;BR-153/SP;Sul;Engavetamento;2;;;;;1;;;;;3;;;;
29/05/2013;08:18:00;40;sem vítima;58;BR-153/SP;Norte;Engavetamento;2;;;;;1;;;;;3;;;;
29/05/2013;07:31:00;33;sem vítima;59;BR-153/SP;Sul;Engavetamento;3;;;;;;;;;;4;;;;
29/05/2013;12:37:00;86;sem vítima;71;BR-153/SP;Norte;Colisão Transversal;2;;;;;;;;;;3;;;;
29/05/2013;22:09:00;159;com vítima;327;BR-153/SP;Sul;Colisão Transversal;1;;1;;;;;;;;1;;;1;
29/05/2013;23:16:00;171;com vítima;344;BR-153/SP;Norte;Colisão Frontal;1;;1;;;;;;;;1;1;;1;
30/05/2013;00:55:00;2;sem vítima;31,1;BR-153/SP;Norte;Saída de Pista;1;;;;;;;;;;4;;;;
31/05/2013;20:57:00;155;sem vítima;265;BR-153/SP;Norte;Atropelamento de Animal;;;;;;;;;;1;2;;;;
01/06/2013;05:14:00;33;com vítima;274,5;BR-153/SP;Norte;Capotamento;1;;;;;;;;;;0;3;;1;
02/06/2013;06:24:00;23;com vítima;212;BR-153/SP;Norte;Tombamento de Moto;;;;1;;;;;;;0;1;;;
02/06/2013;16:44:00;107;com vítima;257;BR-153/SP;Norte;Colisão Transversal;2;;;;;;;;;;1;2;;;
03/06/2013;06:51:00;18;sem vítima;61,9;BR-153/SP;Sul;Engavetamento;4;;;;;;;;;;6;;;;
03/06/2013;08:23:00;51;sem vítima;62,1;BR-153/SP;Sul;Engavetamento;3;;;;;1;;;;1;6;;;;
03/06/2013;18:51:00;196;sem vítima;62,4;BR-153/SP;Norte;Colisão Traseira;2;;;;;;;;;;3;;;;
03/06/2013;11:29:00;122;sem vítima;72;BR-153/SP;Norte;Colisão Traseira;1;;;;;1;;;;;3;;;;
03/06/2013;17:35:00;186;sem vítima;73;BR-153/SP;Norte;Colisão Transversal;;;1;;;;;;;1;5;;;;
04/06/2013;07:01:00;35;com vítima;23,8;BR-153/SP;Norte;Colisão Frontal;1;;2;;;;;;;;3;2;;;1
04/06/2013;13:04:00;118;com vítima;56;BR-153/SP;Norte;Colisão Transversal;1;;;1;;;;;;;1;1;;;
04/06/2013;23:10:00;202;com vítima;103,5;BR-153/SP;Sul;Colisão Traseira;2;;;;;;;;;;3;2;;;
04/06/2013;10:23:00;79;sem vítima;182;BR-153/SP;Norte;Colisão Transversal;1;;;;;;;;;1;3;;;;
04/06/2013;07:02:00;36;sem vítima;257,4;BR-153/SP;Norte;Colisão Transversal;1;;1;;;;;;;;2;;;;
05/06/2013;17:53:00;172;sem vítima;35,8;BR-153/SP;Norte;Choque contra Objeto Fixo;1;;;;;;;;;;1;;;;
05/06/2013;11:00:00;82;sem vítima;70;BR-153/SP;Norte;Colisão Traseira;2;;;;;;;;;;2;;;;
05/06/2013;09:42:00;66;sem vítima;71,7;BR-153/SP;Sul;Colisão Lateral;2;;;;;;;;;;2;;;;
05/06/2013;00:06:00;3;sem vítima;220;BR-153/SP;Norte;Saída de Pista;;;1;;;;;;;;1;;;;
05/06/2013;06:45:00;26;com vítima;271,4;BR-153/SP;Norte;Saída de Pista;1;;;;;;;;;;0;1;;;
06/06/2013;11:50:00;101;sem vítima;65,8;BR-153/SP;Sul;Colisão Traseira;;;2;;;;;;;;3;;;;
07/06/2013;07:41:00;36;sem vítima;35,8;BR-153/SP;Sul;Colisão Traseira;1;;;;;;;;;1;2;;;;
07/06/2013;07:44:00;37;sem vítima;62;BR-153/SP;Sul;Colisão Traseira;1;;;;;;;;;1;2;;;;
07/06/2013;15:03:00;131;com vítima;270;BR-153/SP;Norte;Colisão Frontal;1;;1;;;;;;;;1;;;;2
08/06/2013;21:52:00;171;com vítima;41,3;BR-153/SP;Norte;Tombamento de Moto;2;;;1;;1;;;;;7;1;;;1
08/06/2013;14:54:00;118;sem vítima;72,5;BR-153/SP;Sul;Colisão Lateral;2;;;;;;;;;;2;;;;
08/06/2013;03:24:00;27;sem vítima;158;BR-153/SP;Norte;Saída de Pista;1;;;;;;;;;;1;;;;
08/06/2013;03:09:00;23;com vítima;195;BR-153/SP;Sul;Tombamento de Moto;;;;1;;;;;;;0;1;;;
08/06/2013;15:21:00;122;sem vítima;299;BR-153/SP;Norte;Atropelamento de Animal;;;1;;;;;;;;1;;;;
09/06/2013;06:52:00;27;sem vítima;12,05;BR-153/SP;Norte;Choque contra objeto na faixa de rolamento;1;;;;;;;;;;1;;;;
09/06/2013;12:45:00;76;sem vítima;71;BR-153/SP;Norte;Engavetamento;2;;;;;;;;;2;4;;;;
09/06/2013;18:52:00;112;com vítima;256,9;BR-153/SP;Sul;Colisão Lateral;1;;;1;;;;;;;5;1;;;
10/06/2013;14:07:00;131;sem vítima;19,6;BR-153/SP;Norte;Colisão Traseira;;;3;;;;;;;;3;;;;
10/06/2013;13:17:00;119;sem vítima;62,9;BR-153/SP;Sul;Colisão Traseira;2;;;;;;;;;1;3;;;;
10/06/2013;00:36:00;3;com vítima;63;BR-153/SP;Norte;Saída de Pista;1;;;;;;;;;;1;1;;;
10/06/2013;18:34:00;181;sem vítima;160;BR-153/SP;Sul;Choque contra objeto na faixa de rolamento;2;;1;;;;;;;1;9;;;;
11/06/2013;11:59:00;97;sem vítima;56;BR-153/SP;Sul;Queda de carga sobre a pista;;;1;;;;;;;;2;;;;
12/06/2013;17:24:00;147;sem vítima;58;BR-153/SP;Sul;Colisão Transversal;2;;;;;;;;;;3;;;;
12/06/2013;18:24:00;156;sem vítima;149,9;BR-153/SP;Sul;Saída de Pista;1;;;;;1;;;;;2;;;;
12/06/2013;01:59:00;6;sem vítima;258,3;BR-153/SP;Norte;Atropelamento de Animal;;;;;;;;;;1;1;;;;
13/06/2013;07:04:00;14;com vítima;41,3;BR-153/SP;Sul;Tombamento de Moto;;;;1;;;;;;;0;1;;;
13/06/2013;18:19:00;140;com vítima;63;BR-153/SP;Norte;Engavetamento;4;;;;;;;;;;6;1;;;
13/06/2013;19:04:00;145;sem vítima;63;BR-153/SP;Sul;Colisão Traseira;2;;;;;;;;;;2;;;;
13/06/2013;20:17:00;154;com vítima;70;BR-153/SP;Norte;Colisão Traseira;1;;;1;;;;;;;1;1;;;
13/06/2013;19:06:00;146;sem vítima;71;BR-153/SP;Sul;Colisão Lateral;2;;;;;;;;;;4;;;;
13/06/2013;06:08:00;8;sem vítima;125;BR-153/SP;Sul;Colisão Traseira;;;;1;;1;;;;;2;;;;
14/06/2013;07:24:00;25;com vítima;4,5;BR-153/SP;Sul;Capotamento;1;;;;;;;;;;0;2;;;
14/06/2013;16:47:00;144;sem vítima;32,8;BR-153/SP;Norte;Tombamento de Moto;;;;1;;;;;;;2;;;;
14/06/2013;19:45:00;165;sem vítima;58,8;BR-153/SP;Sul;Colisão Transversal;1;;1;;;;;;;;3;;;;
14/06/2013;06:45:00;18;sem vítima;62;BR-153/SP;Sul;Engavetamento;3;;;;;;;;;;3;;;;
14/06/2013;02:57:00;10;sem vítima;321;BR-153/SP;Norte;Saída de Pista;1;;;;;;;;;;2;;;;
15/06/2013;18:06:00;107;com vítima;31;BR-153/SP;Norte;Colisão Frontal;1;;1;;;;;;;;1;;;;1
15/06/2013;13:52:00;83;com vítima;42;BR-153/SP;Norte;Colisão Transversal;2;;;;;;;;;;2;1;2;;
15/06/2013;18:20:00;109;com vítima;226,1;BR-153/SP;Sul;Atropelamento  de Pedestre;;;;;;1;;;;;1;;1;;
15/06/2013;02:38:00;6;sem vítima;306,1;BR-153/SP;Norte;Saída de Pista;1;;;;;;;;;;1;;;;
16/06/2013;21:35:00;124;com vítima;26,3;BR-153/SP;Norte;Colisão Lateral;1;;1;;;;;;;;1;1;;;
16/06/2013;04:52:00;13;sem vítima;122;BR-153/SP;Sul;Saída de Pista;1;;;;;;;;;;1;;;;
17/06/2013;20:18:00;183;com vítima;52;BR-153/SP;Norte;Colisão Transversal;1;;;1;;;;;;;1;1;;;1
17/06/2013;19:55:00;179;sem vítima;58;BR-153/SP;Sul;Colisão Lateral;1;;1;;;;;;;;2;;;;
17/06/2013;17:49:00;167;com vítima;74;BR-153/SP;Norte;Colisão Traseira;1;;;1;;;;;;;1;1;;;
17/06/2013;22:51:00;196;sem vítima;196;BR-153/SP;Sul;Atropelamento de Animal;;;1;;;;;;;;1;;;;
18/06/2013;14:26:00;118;sem vítima;20;BR-153/SP;Norte;Colisão Traseira;;;1;;;;;;;1;7;;;;
18/06/2013;17:41:00;152;sem vítima;62;BR-153/SP;Sul;Engavetamento;1;;;;;1;;;;2;4;;;;
18/06/2013;22:20:00;177;com vítima;108;BR-153/SP;Sul;Colisão Transversal;;;;1;;;;;;1;1;;1;;
18/06/2013;18:04:00;155;sem vítima;222,3;BR-153/SP;Norte;Engavetamento;1;;;;;1;;;;2;5;;;;
19/06/2013;06:20:00;23;com vítima;139;BR-153/SP;Sul;Incêndio;;;1;;;;;;;;1;1;;;
19/06/2013;13:03:00;120;com vítima;197;BR-153/SP;Norte;Colisão Frontal;1;;1;;;;;;;1;1;1;;2;
20/06/2013;14:41:00;109;sem vítima;63;BR-153/SP;Sul;Colisão Traseira;1;;;;;;;;;1;2;;;;
20/06/2013;19:31:00;139;sem vítima;73,1;BR-153/SP;Sul;Engavetamento;2;;;;;;;;;1;3;;;;
20/06/2013;18:53:00;135;com vítima;73,9;BR-153/SP;Norte;Colisão Transversal;1;;;1;;;;;;;1;;;1;
20/06/2013;08:13:00;36;sem vítima;199;BR-153/SP;Norte;Saída de Pista;1;;;;;;;;;;1;;;;
21/06/2013;07:22:00;25;sem vítima;52;BR-153/SP;Norte;Colisão Lateral;1;;1;;;;;;;;3;;;;
21/06/2013;18:22:00;141;com vítima;63;BR-153/SP;Norte;Colisão Traseira;1;;;1;;;;;;;1;;1;;
21/06/2013;22:58:00;169;com vítima;106;BR-153/SP;Norte;Colisão Transversal;2;;;;;;;;;;0;2;;;
21/06/2013;21:14:00;165;sem vítima;134;BR-153/SP;Sul;Saída de Pista;;;1;;;;;;;;1;;;;
21/06/2013;22:08:00;168;com vítima;154;BR-153/SP;Norte;Saída de Pista;;;;;;;;;;1;0;;1;;
21/06/2013;08:45:00;49;com vítima;221,6;BR-153/SP;Norte;Colisão Lateral;;;;1;;1;;;;;1;;1;;
22/06/2013;17:48:00;110;sem vítima;21;BR-153/SP;Norte;Colisão Transversal;2;;;;;;;;;;4;;;;
22/06/2013;22:29:00;139;sem vítima;98;BR-153/SP;Sul;Outros;2;;1;;;;;;;;3;;;;
22/06/2013;07:41:00;30;com vítima;228;BR-153/SP;Sul;Choque contra Objeto Fixo;;;;;;;;;;1;0;;;;1
22/06/2013;13:36:00;82;sem vítima;260;BR-153/SP;Norte;Saída de Pista;;;1;;;;;;;;1;;;;
23/06/2013;18:40:00;89;com vítima;44,5;BR-153/SP;Norte;Colisão Transversal;1;;1;;;;;;;;2;;1;;
23/06/2013;16:02:00;74;com vítima;54,5;BR-153/SP;Norte;Colisão Lateral;1;;;;;;;;;1;1;;1;;
23/06/2013;18:32:00;88;sem vítima;60;BR-153/SP;Sul;Colisão Traseira;1;;1;;;;;;;;2;;;;
23/06/2013;08:50:00;29;sem vítima;99;BR-153/SP;Norte;Colisão Traseira;1;;1;;;;;;;;6;;;;
23/06/2013;21:24:00;108;com vítima;120;BR-153/SP;Sul;Colisão Lateral;;;1;;;;;;;1;3;;1;;
23/06/2013;08:51:00;30;sem vítima;146;BR-153/SP;Norte;Colisão Transversal;2;;;;;;;;;;7;;;;
24/06/2013;07:26:00;24;com vítima;71,5;BR-153/SP;Norte;Tombamento de Moto;;;;1;;;;;;;0;;1;;
24/06/2013;07:56:00;33;com vítima;74;BR-153/SP;Norte;Colisão Traseira;2;;;;;;;;;;1;1;;;
24/06/2013;08:46:00;43;sem vítima;98;BR-153/SP;Sul;Colisão Traseira;1;;;;;;;;;1;2;;;;
24/06/2013;18:10:00;143;sem vítima;256;BR-153/SP;Norte;Tombamento de Moto;;;;1;;;;;;;1;;;;
25/06/2013;05:49:00;17;com vítima;35,8;BR-153/SP;Sul;Colisão Traseira;1;;1;;;;;;;;5;1;;;
25/06/2013;10:25:00;69;com vítima;64,5;BR-153/SP;Sul;Tombamento de Moto;;;;1;;;;;;;0;;1;;
25/06/2013;04:44:00;13;com vítima;125,1;BR-153/SP;Norte;Colisão Traseira;;;2;;;;;;;;1;;;;1
25/06/2013;21:18:00;150;com vítima;256;BR-153/SP;Norte;Colisão Lateral;;;;1;;1;;;;;1;;1;;
25/06/2013;11:09:00;77;sem vítima;342;BR-153/SP;Norte;Tombamento;;;;;;;;;;1;1;;;;
26/06/2013;08:05:00;28;com vítima;108;BR-153/SP;Sul;Colisão Transversal;1;;;1;;;;;;;0;2;;;
27/06/2013;12:34:00;103;com vítima;58,5;BR-153/SP;Norte;Capotamento;2;;;;;;;;;;2;1;;;
28/06/2013;21:41:00;191;com vítima;63;BR-153/SP;Sul;Tombamento de Moto;;;;1;;;;;;;0;1;;;
28/06/2013;23:09:00;200;sem vítima;134,5;BR-153/SP;Sul;Atropelamento de Animal;1;;;;;;;;;;5;;;;
28/06/2013;23:51:00;204;sem vítima;174;BR-153/SP;Sul;Atropelamento de Animal;;;;;;;;;;1;1;;;;
28/06/2013;16:54:00;151;sem vítima;181;BR-153/SP;Sul;Saída de Pista;1;;;;;;;;;;3;;;;
28/06/2013;19:12:00;174;com vítima;224;BR-153/SP;Norte;Saída de Pista;;;;;;;;;;1;0;1;;;
28/06/2013;19:41:00;179;sem vítima;275;BR-153/SP;Norte;Choque contra Objeto Fixo;1;;;;;;;;;;1;;;;
28/06/2013;08:06:00;34;com vítima;293,6;BR-153/SP;Norte;Choque contra Objeto Fixo;1;;;;;;;;;;4;;;1;
29/06/2013;16:12:00;104;com vítima;77;BR-153/SP;Sul;Colisão Transversal;1;;;;;;;;;1;1;4;;;
29/06/2013;23:14:00;145;sem vítima;117;BR-153/SP;Norte;Atropelamento de Animal;;;1;;;;;;;;1;;;;
29/06/2013;14:32:00;98;com vítima;174,4;BR-153/SP;Norte;Colisão Transversal;1;;1;;;;;;;;5;1;;;
29/06/2013;06:27:00;16;com vítima;332,7;BR-153/SP;Sul;Capotamento;;;;;;;;;;1;0;1;1;;
29/06/2013;02:28:00;7;com vítima;338;BR-153/SP;Sul;Tombamento de Moto;;;;1;;;;;;;0;1;;;
30/06/2013;20:10:00;129;sem vítima;108;BR-153/SP;Norte;Atropelamento de Animal;;;1;;;;;;;;1;;;;
30/06/2013;13:47:00;79;com vítima;182,8;BR-153/SP;Norte;Colisão Transversal;1;;;1;;;;;;;2;;1;1;
01/07/2013;07:57:00;37;com vítima;61;BR-153/SP;Norte;Engavetamento;;;;1;1;;;;;1;2;1;;;
01/07/2013;15:32:00;128;sem vítima;280;BR-153/SP;Sul;Colisão Transversal;1;;;;;;;;;1;3;;;;
02/07/2013;18:05:00;141;sem vítima;62;BR-153/SP;Sul;Engavetamento;4;;1;;;;;;;;5;;;;
02/07/2013;18:19:00;143;sem vítima;64;BR-153/SP;Norte;Colisão Traseira;2;;;;;;;;;;2;;;;
03/07/2013;08:25:00;47;sem vítima;53,8;BR-153/SP;Sul;Colisão Lateral;3;;;;;;;;;;9;;;;
03/07/2013;09:17:00;69;sem vítima;58,5;BR-153/SP;Norte;Colisão Transversal;1;;;;;;;;;1;5;;;;
03/07/2013;07:58:00;37;sem vítima;59;BR-153/SP;Sul;Engavetamento;2;;;;;;;;;2;6;;;;
03/07/2013;06:45:00;14;com vítima;71,3;BR-153/SP;Norte;Colisão Transversal;;;;2;;;;;;;0;1;1;;
03/07/2013;07:46:00;31;com vítima;74;BR-153/SP;Norte;Engavetamento;4;;;;;1;;;;1;12;1;;;
04/07/2013;09:29:00;61;com vítima;70;BR-153/SP;Norte;Colisão Traseira;;;;1;;;;;;1;1;;1;;
04/07/2013;19:09:00;172;sem vítima;194;BR-153/SP;Sul;Colisão Lateral;;;2;;;;;;;;2;;;;
04/07/2013;02:26:00;2;sem vítima;273;BR-153/SP;Norte;Saída de Pista;1;;;;;;;;;;1;;;;
04/07/2013;06:53:00;14;sem vítima;273,8;BR-153/SP;Sul;Choque contra Objeto Fixo;1;;;;;;;;;;1;;;;
05/07/2013;10:05:00;73;sem vítima;41;BR-153/SP;Norte;Colisão Lateral;1;;1;;;;;;;;3;;;;
05/07/2013;05:49:00;18;com vítima;41,5;BR-153/SP;Sul;Tombamento de Moto;;;;1;;;;;;;0;1;;;
05/07/2013;16:28:00;152;com vítima;52;BR-153/SP;Norte;Colisão Transversal;2;;;;;;;;;;1;2;;;
05/07/2013;21:38:00;201;com vítima;161,7;BR-153/SP;Norte;Choque contra Objeto Fixo;1;;;;;;;;;;0;1;;;
05/07/2013;14:33:00;130;sem vítima;214;BR-153/SP;Norte;Colisão Traseira;2;;;;;;;;;;4;;;;
06/07/2013;18:24:00;131;com vítima;61;BR-153/SP;Norte;Colisão Traseira;1;;;1;;;;;;;3;1;;;
06/07/2013;15:40:00;119;sem vítima;70,9;BR-153/SP;Sul;Colisão Lateral;;;1;;;1;;;;;3;;;;
06/07/2013;09:50:00;70;sem vítima;260;BR-153/SP;Norte;Colisão Traseira;1;;;;1;1;;;;;3;;;;
07/07/2013;14:34:00;84;sem vítima;257,3;BR-153/SP;Sul;Colisão Lateral;1;;1;;;;;;;;2;;;;
07/07/2013;20:51:00;135;sem vítima;284,3;BR-153/SP;Sul;Atropelamento de Animal;1;;;;;;;;;;1;;;;
08/07/2013;18:18:00;159;sem vítima;58;BR-153/SP;Sul;Colisão Transversal;1;;;;;;;;;1;2;;;;
08/07/2013;08:54:00;50;com vítima;188,5;BR-153/SP;Sul;Tombamento de Moto;;;;1;;;;;;;0;2;;;
08/07/2013;22:18:00;189;sem vítima;260,5;BR-153/SP;Sul;Choque contra Objeto Fixo;1;;;;;;;;;;1;;;;
08/07/2013;12:00:00;93;com vítima;276;BR-153/SP;Sul;Colisão Traseira;1;;;1;;;;;;;3;2;;;
09/07/2013;18:41:00;120;sem vítima;35;BR-153/SP;Sul;Saída de Pista;;;1;;;;;;;;1;;;;
09/07/2013;07:11:00;24;com vítima;257;BR-153/SP;Sul;Colisão Transversal;1;;;1;;;;;;;1;1;;;
09/07/2013;17:00:00;107;sem vítima;272,2;BR-153/SP;Norte;Colisão Traseira;1;;;;;1;;;;;2;;;;
09/07/2013;02:23:00;8;com vítima;329,3;BR-153/SP;Norte;Colisão Traseira;1;;1;;;;;;;;1;1;;;
10/07/2013;12:00:00;94;sem vítima;92;BR-153/SP;Norte;Colisão Traseira;;;1;;;;;;;1;3;;;;
10/07/2013;18:38:00;174;com vítima;256;BR-153/SP;Norte;Colisão Transversal;;;1;1;;;;;;;1;1;;;
10/07/2013;00:15:00;2;com vítima;331,5;BR-153/SP;Norte;Colisão Traseira;1;;;;;;;;;1;3;;;1;
11/07/2013;08:58:00;68;sem vítima;41,7;BR-153/SP;Sul;Incidente;1;;;;;;;;;;1;;;;
11/07/2013;17:18:00;141;sem vítima;47,6;BR-153/SP;Norte;Colisão Traseira;2;;;;;;;;;;3;;;;
11/07/2013;20:23:00;157;sem vítima;69;BR-153/SP;Norte;Colisão Transversal;1;;;;;;;;;1;5;;;;
11/07/2013;12:28:00;99;sem vítima;86;BR-153/SP;Norte;Colisão Transversal;1;;;;;1;;;;;3;;;;
12/07/2013;12:01:00;75;sem vítima;6,8;BR-153/SP;Norte;Colisão Traseira;;;2;;;;;;;;2;;;;
12/07/2013;18:53:00;136;sem vítima;61,9;BR-153/SP;Sul;Colisão Traseira;2;;;;;;;;;;2;;;;
12/07/2013;18:14:00;128;com vítima;62,4;BR-153/SP;Sul;Colisão Traseira;1;;;1;;;;;;;1;1;;;
12/07/2013;18:14:00;129;sem vítima;62,6;BR-153/SP;Sul;Colisão Traseira;2;;;;;;;;;;2;;;;
12/07/2013;18:21:00;132;sem vítima;63;BR-153/SP;Norte;Colisão Traseira;2;;;;;;;;;1;4;;;;
12/07/2013;19:04:00;138;sem vítima;106;BR-153/SP;Norte;Colisão Traseira;3;;;;;;;;;;3;;;;
12/07/2013;13:45:00;96;com vítima;211;BR-153/SP;Norte;Colisão Transversal;1;;1;;;;;;;;1;;2;;
12/07/2013;06:16:00;10;com vítima;274,4;BR-153/SP;Norte;Tombamento;;;1;;;;;;;;0;;;1;
13/07/2013;10:58:00;105;sem vítima;80;BR-153/SP;Sul;Colisão Traseira;;;2;;;;;;;;4;;;;
13/07/2013;20:24:00;181;com vítima;93;BR-153/SP;Sul;Colisão Traseira;2;;;;;;;;;1;3;1;;;
13/07/2013;16:51:00;159;com vítima;94;BR-153/SP;Sul;Tombamento;;;1;;;;;;;1;0;1;2;;
14/07/2013;02:23:00;11;sem vítima;56;BR-153/SP;Norte;Saída de Pista;1;;;;;;;;;;1;;;;
15/07/2013;10:01:00;77;sem vítima;71,8;BR-153/SP;Norte;Colisão Traseira;1;;;;;1;;;;;2;;;;
15/07/2013;10:59:00;94;sem vítima;94;BR-153/SP;Norte;Colisão Traseira;;;;;1;;;;;1;20;;;;
15/07/2013;16:54:00;163;com vítima;208;BR-153/SP;Sul;Colisão Lateral;;;;;;;;;;2;2;;2;;
16/07/2013;10:44:00;94;sem vítima;17,5;BR-153/SP;Norte;Engavetamento;4;;;;;;;;;1;15;;;;
16/07/2013;12:28:00;112;com vítima;62;BR-153/SP;Sul;Colisão Traseira;1;;;1;;;;;;;1;1;;;
17/07/2013;18:19:00;152;sem vítima;72;BR-153/SP;Norte;Colisão Traseira;1;;;1;;;;;;;3;;;;
17/07/2013;11:06:00;90;com vítima;74,7;BR-153/SP;Norte;Colisão Transversal;1;;;;;;;;;1;0;4;1;;
17/07/2013;12:09:00;100;com vítima;175;BR-153/SP;Sul;Tombamento de Moto;;;;1;;;;;;;0;1;;;
17/07/2013;14:04:00;109;com vítima;257,1;BR-153/SP;Sul;Colisão Transversal;;;;2;;;;;;;0;3;;;
18/07/2013;09:53:00;80;sem vítima;22,8;BR-153/SP;Sul;Colisão Traseira;1;;;;;1;;;;;4;;;;
18/07/2013;07:58:00;38;com vítima;66;BR-153/SP;Norte;Colisão Traseira;1;;;;;;;;;1;2;2;;;
19/07/2013;15:01:00;126;com vítima;26;BR-153/SP;Sul;Tombamento;;;1;;;;;;;;0;2;;;
19/07/2013;14:24:00;124;com vítima;62,5;BR-153/SP;Norte;Tombamento de Moto;;;;1;;;;;;;0;1;;;
19/07/2013;13:19:00;115;sem vítima;65;BR-153/SP;Norte;Colisão Traseira;1;;1;;;;;;;;2;;;;
19/07/2013;12:50:00;111;com vítima;130;BR-153/SP;Norte;Capotamento;1;;;;;;;;;;0;1;;;
19/07/2013;06:34:00;20;com vítima;187;BR-153/SP;Sul;Colisão Traseira;;;;1;;;;;;1;2;1;;;
19/07/2013;13:53:00;121;com vítima;256,1;BR-153/SP;Norte;Colisão Traseira;1;;;1;;;;;;;1;1;;;
20/07/2013;20:51:00;141;com vítima;37;BR-153/SP;Norte;Colisão Transversal;1;;;;;;;;;1;4;1;;;
20/07/2013;14:03:00;99;com vítima;58;BR-153/SP;Norte;Colisão Transversal;1;;;1;;;;;;;1;;1;;
21/07/2013;05:51:00;18;com vítima;32;BR-153/SP;Sul;Atropelamento de Ciclista;;1;;1;;;;;;;1;;1;;1
21/07/2013;01:52:00;9;sem vítima;56;BR-153/SP;Norte;Tombamento de Moto;;;;1;;;;;;;1;;;;
21/07/2013;21:55:00;117;sem vítima;56;BR-153/SP;Sul;Choque contra Objeto Fixo;1;;;;;;;;;;1;;;;
21/07/2013;18:43:00;94;com vítima;64,8;BR-153/SP;Norte;Choque contra objeto na faixa de rolamento;;;;1;;1;;;;1;2;1;;;
21/07/2013;10:44:00;54;com vítima;82,95;BR-153/SP;Sul;Colisão Transversal;1;;;;;;;;;1;1;1;1;;1
21/07/2013;22:08:00;120;com vítima;97;BR-153/SP;Sul;Tombamento de Moto;;;;1;;;;;;;0;2;;;
22/07/2013;22:01:00;189;sem vítima;4;BR-153/SP;Norte;Choque contra objeto na faixa de rolamento;1;;;;;;;;;;1;;;;
22/07/2013;22:04:00;190;sem vítima;4;BR-153/SP;Norte;Choque contra objeto na faixa de rolamento;1;;;;;;;;;;1;;;;
22/07/2013;22:04:00;191;sem vítima;4;BR-153/SP;Norte;Choque contra objeto na faixa de rolamento;1;;;;;;;;;;1;;;;
22/07/2013;09:01:00;49;sem vítima;24;BR-153/SP;Norte;Incidente;;;1;;;2;;;;;4;;;;
23/07/2013;21:00:00;179;sem vítima;26;BR-153/SP;Norte;Atropelamento de Animal;1;;;;;;;;;;2;;;;
23/07/2013;18:24:00;160;sem vítima;258,4;BR-153/SP;Norte;Atropelamento de Animal;1;;;;;;;;;;5;;;;
23/07/2013;06:51:00;26;sem vítima;337,4;BR-153/SP;Sul;Colisão Lateral;1;;;;;;;;;1;2;;;;
24/07/2013;21:23:00;151;sem vítima;55,8;BR-153/SP;Norte;Choque contra Objeto Fixo;1;;;;;;;;;;1;;;;
24/07/2013;10:37:00;75;sem vítima;56;BR-153/SP;Norte;Saída de Pista;;;1;;;;;;;;1;;;;