data;horario;n_da_ocorrencia;tipo_de_ocorrencia;km;trecho;sentido;tipo_de_acidente;automovel;bicicleta;caminhao;moto;onibus;outros;tracao_animal;transporte_de_cargas_especiais;trator_maquinas;utilitarios;ilesos;levemente_feridos;moderadamente_feridos;gravemente_feridos;mortos
28/11/2013;10:35:00;59;sem vítima;62;BR-153/SP;Sul;Colisão Traseira;;;1;;1;2;;;;;4;;;;
28/11/2013;14:56:00;92;com vítima;63;BR-153/SP;Norte;Colisão Lateral;;;;1;;;;;;1;1;1;;;
28/11/2013;18:29:00;114;com vítima;75;BR-153/SP;Norte;Tombamento de Moto;;;;1;;;;;;;0;1;;;
28/11/2013;19:04:00;120;sem vítima;119;BR-153/SP;Norte;Tombamento de Moto;;;;1;;;;;;;1;;;;
29/11/2013;14:09:00;70;sem vítima;30;BR-153/SP;Norte;Engavetamento;1;;1;;;;;;;1;4;;;;
29/11/2013;20:35:00;117;com vítima;40;BR-153/SP;Sul;Engavetamento;1;;2;;;;;;;;2;1;1;;
29/11/2013;17:52:00;99;sem vítima;81;BR-153/SP;Sul;Colisão Traseira;2;;;;;;;;;;2;;;;
29/11/2013;16:18:00;88;com vítima;108;BR-153/SP;Norte;Colisão Transversal;1;;;;;;;;;1;1;1;;;
30/11/2013;16:46:00;90;sem vítima;99;BR-153/SP;Norte;Saída de Pista;;;1;;;;;;;;1;;;;
30/11/2013;09:37:00;51;sem vítima;144;BR-153/SP;Sul;Colisão Transversal;2;;;;;;;;;;4;;;;
30/11/2013;18:34:00;105;com vítima;269;BR-153/SP;Sul;Tombamento de Moto;1;;;1;;;;;;;4;1;;;
02/01/2014;05:40:00;13;com vítima;56;BR-153/SP;Norte;Capotamento;1;;;;;;;;;;0;2;;;
02/01/2014;10:50:00;39;com vítima;60;BR-153/SP;Sul;Saída de Pista;1;;;;;;;;;;1;1;;;
03/01/2014;11:56:00;53;sem vítima;96;BR-153/SP;Norte;Colisão Lateral;;;2;;;;;;;;2;;;;
03/01/2014;17:34:00;103;sem vítima;217,5;BR-153/SP;Norte;Colisão Lateral;1;;;;;;;;;1;2;;;;
04/01/2014;14:32:00;60;sem vítima;69;BR-153/SP;Sul;Saída de Pista;1;;;;;;;;;;1;;;;
04/01/2014;22:42:00;112;sem vítima;134;BR-153/SP;Sul;Atropelamento de Animal;1;;;;;;;;;;2;;;;
05/01/2014;22:46:00;116;com vítima;9;BR-153/SP;Sul;Tombamento de Moto;;;;1;;;;;;;0;2;;;
05/01/2014;21:16:00;103;com vítima;18,2;BR-153/SP;Sul;Colisão Frontal;1;;1;;;;;;;;3;1;;;
05/01/2014;10:30:00;38;sem vítima;35,8;BR-153/SP;Norte;Colisão Traseira;1;;1;;;;;;;;6;;;;
05/01/2014;15:28:00;64;sem vítima;43;BR-153/SP;Sul;Choque contra objeto na faixa de rolamento;1;;;;;;;;;;2;;;;
06/01/2014;12:33:00;66;com vítima;270;BR-153/SP;Norte;Tombamento de Moto;;;;1;;;;;;;0;;;1;
07/01/2014;17:43:00;120;com vítima;39,6;BR-153/SP;Norte;Colisão Transversal;2;;;;;;;;;;0;2;;;
07/01/2014;10:08:00;58;sem vítima;61,2;BR-153/SP;Sul;Saída de Pista;;;1;;;;;;;;1;;;;
07/01/2014;07:31:00;29;sem vítima;71,8;BR-153/SP;Norte;Atropelamento de Animal;1;;;;;;;;;;1;;;;
07/01/2014;15:06:00;105;sem vítima;98;BR-153/SP;Norte;Colisão Lateral;;;1;;;1;;;;;2;;;;
07/01/2014;16:56:00;115;sem vítima;122,3;BR-153/SP;Norte;Colisão Lateral;;;2;;;;;;;;2;;;;
08/01/2014;18:16:00;95;sem vítima;62;BR-153/SP;Sul;Engavetamento;3;;;;;;;;;;3;;;;
08/01/2014;08:00:00;29;sem vítima;98;BR-153/SP;Sul;Colisão Traseira;;;2;;;;;;;;2;;;;
09/01/2014;07:16:00;14;com vítima;94;BR-153/SP;Sul;Colisão Transversal;1;;;;;;;;;1;0;1;;;2
09/01/2014;08:19:00;30;sem vítima;318,5;BR-153/SP;Norte;Incidente;2;;1;;;;;;;;5;;;;
09/01/2014;22:33:00;122;com vítima;326,9;BR-153/SP;Norte;Tombamento de Moto;;;;1;;;;;;;0;;;1;
09/01/2014;23:39:00;131;sem vítima;344;BR-153/SP;Sul;Colisão Traseira;;;2;;;;;;;;2;;;;
10/01/2014;16:34:00;122;com vítima;30,2;BR-153/SP;Sul;Colisão Transversal;1;1;;;;;;;;;1;1;;;
10/01/2014;07:14:00;21;sem vítima;72;BR-153/SP;Sul;Colisão Transversal;1;;;;1;;;;;;7;;;;
10/01/2014;18:40:00;138;sem vítima;183,7;BR-153/SP;Norte;Colisão Traseira;2;;;;;;;;;;6;;;;
10/01/2014;09:20:00;50;sem vítima;256;BR-153/SP;Norte;Colisão Traseira;1;;;;;1;;;;;2;;;;
11/01/2014;22:42:00;146;com vítima;44,5;BR-153/SP;Norte;Tombamento de Moto;;;;1;;;;;;;0;2;;;
11/01/2014;13:46:00;94;com vítima;50;BR-153/SP;Sul;Tombamento de Moto;;;;1;;;;;;;0;1;;;
11/01/2014;01:47:00;6;sem vítima;190,9;BR-153/SP;Norte;Colisão Traseira;2;;;;;;;;;;4;;;;
12/01/2014;19:16:00;104;sem vítima;63;BR-153/SP;Sul;Saída de Pista;1;;;;;;;;;;1;;;;
12/01/2014;17:54:00;92;com vítima;72;BR-153/SP;Sul;Atropelamento  de Pedestre;1;;;;;;;;;;3;;;1;
12/01/2014;03:42:00;15;com vítima;120;BR-153/SP;Norte;Colisão Transversal;1;;;1;;;;;;;1;1;;;
12/01/2014;14:03:00;65;com vítima;174,4;BR-153/SP;Sul;Colisão Transversal;1;;;1;;;;;;;0;1;;1;
12/01/2014;17:53:00;91;sem vítima;256;BR-153/SP;Sul;Colisão Lateral;1;;;1;;;;;;;2;;;;
13/01/2014;18:31:00;107;com vítima;58;BR-153/SP;Sul;Colisão Transversal;1;;;1;;;;;;;2;1;;;
14/01/2014;09:21:00;54;sem vítima;203;BR-153/SP;Norte;Colisão Lateral;1;;1;;;;;;;;4;;;;
15/01/2014;13:05:00;68;com vítima;58,8;BR-153/SP;Norte;Colisão Frontal;1;;;1;;;;;;;1;;;1;
15/01/2014;14:54:00;87;sem vítima;73,8;BR-153/SP;Norte;Colisão Lateral;1;;1;;;;;;;;2;;;;
15/01/2014;06:45:00;10;sem vítima;119,7;BR-153/SP;Norte;Colisão Transversal;;;1;;;;;;;1;8;;;;
15/01/2014;22:06:00;130;com vítima;174;BR-153/SP;Sul;Colisão Transversal;;;1;;;;;;;1;2;1;;;
16/01/2014;07:24:00;16;sem vítima;99;BR-153/SP;Norte;Colisão Transversal;1;;1;;;;;;;;3;;;;
17/01/2014;22:29:00;152;com vítima;0;BR-153/SP;Sul;Tombamento de Moto;;;;1;;;;;;;0;;1;;
17/01/2014;08:28:00;46;sem vítima;56;BR-153/SP;Norte;Colisão Lateral;1;;1;;;;;;;;2;;;;
17/01/2014;17:20:00;113;com vítima;73;BR-153/SP;Sul;Engavetamento;1;;;1;;;;;;1;2;;1;;
18/01/2014;07:10:00;20;sem vítima;57,8;BR-153/SP;Norte;Colisão Transversal;2;;;;;;;;;;3;;;;
18/01/2014;18:27:00;100;com vítima;72;BR-153/SP;Norte;Colisão Transversal;1;;1;;;;;;;;1;;1;;
18/01/2014;09:13:00;44;com vítima;108;BR-153/SP;Sul;Colisão Transversal;1;;;;;;;;;1;1;4;1;;
18/01/2014;23:54:00;136;com vítima;206,5;BR-153/SP;Norte;Tombamento de Moto;;;;1;;;;;;;0;1;;;
19/01/2014;10:46:00;44;com vítima;1,9;BR-153/SP;Sul;Engavetamento;2;;;;;1;;;;;4;;;1;
19/01/2014;23:16:00;122;com vítima;54;BR-153/SP;Norte;Colisão Transversal;1;;;1;;;;;;;3;3;1;;
19/01/2014;11:33:00;49;com vítima;150,9;BR-153/SP;Sul;Colisão Transversal;1;;;;;;;;;1;2;3;;;
19/01/2014;08:01:00;24;sem vítima;278,3;BR-153/SP;Norte;Colisão Lateral;;;2;;;;;;;;2;;;;
20/01/2014;20:54:00;123;sem vítima;35,8;BR-153/SP;Norte;Colisão Traseira;2;;;;;;;;;;7;;;;
20/01/2014;15:31:00;83;com vítima;47;BR-153/SP;Norte;Capotamento;;;;;;;;;;1;0;4;;;1
20/01/2014;23:43:00;136;sem vítima;66;BR-153/SP;Norte;Colisão Traseira;2;;;;;1;;;;;5;;;;
20/01/2014;10:01:00;50;sem vítima;183,8;BR-153/SP;Sul;Colisão Traseira;;;2;;;;;;;;2;;;;
21/01/2014;07:32:00;26;sem vítima;62;BR-153/SP;Sul;Colisão Traseira;2;;;;;;;;;;2;;;;
21/01/2014;17:45:00;96;sem vítima;278,3;BR-153/SP;Sul;Choque contra objeto na faixa de rolamento;;;2;;;;;;;;2;;;;
21/01/2014;19:40:00;113;sem vítima;334;BR-153/SP;Norte;Saída de Pista;1;;;;;;;;;;2;;;;
23/01/2014;12:31:00;79;com vítima;342,2;BR-153/SP;Norte;Saída de Pista;1;;;;;;;;;;0;1;;;
24/01/2014;07:19:00;15;com vítima;53;BR-153/SP;Norte;Colisão Lateral;;;;2;;;;;;;0;3;;;
24/01/2014;16:38:00;93;sem vítima;60;BR-153/SP;Sul;Colisão Traseira;1;;1;;;;;;;;3;;;;
24/01/2014;16:29:00;92;com vítima;278,3;BR-153/SP;Norte;Colisão Transversal;2;;;;;;;;;;3;1;1;;
24/01/2014;10:59:00;54;sem vítima;346;BR-153/SP;Sul;Colisão Lateral;2;;;;;;;;;;7;;;;
26/01/2014;15:47:00;71;com vítima;59,9;BR-153/SP;Norte;Tombamento de Moto;;;;1;;;;;;;0;2;;;
26/01/2014;08:40:00;30;sem vítima;92,8;BR-153/SP;Norte;Saída de Pista;1;;;;;;;;;;1;;;;
26/01/2014;14:34:00;58;sem vítima;119;BR-153/SP;Norte;Colisão Transversal;2;;;;;;;;;;4;;;;
26/01/2014;18:42:00;88;com vítima;199;BR-153/SP;Norte;Saída de Pista;1;;;;;;;;;;2;1;;;
26/01/2014;07:11:00;20;com vítima;332;BR-153/SP;Sul;Colisão Frontal;1;;1;;;;;;;;2;;;;1
27/01/2014;18:46:00;129;sem vítima;71;BR-153/SP;Norte;Colisão Traseira;1;;1;;;;;;;;2;;;;
27/01/2014;17:43:00;120;com vítima;102;BR-153/SP;Sul;Colisão Lateral;2;;1;;;;;;;;3;;;1;
27/01/2014;23:39:00;148;sem vítima;104,1;BR-153/SP;Norte;Atropelamento de Animal;1;;;;;;;;;;1;;;;
28/01/2014;08:29:00;35;sem vítima;68;BR-153/SP;Sul;Colisão Traseira;1;;;;;1;;;;;3;;;;
29/01/2014;00:29:00;1;sem vítima;27,5;BR-153/SP;Sul;Queda de carga sobre a pista;;;1;;;;;;;;1;;;;
29/01/2014;11:08:00;59;sem vítima;58;BR-153/SP;Sul;Colisão Transversal;1;;1;;;;;;;;3;;;;
29/01/2014;12:45:00;67;sem vítima;70;BR-153/SP;Sul;Colisão Traseira;2;;;;;;;;;;6;;;;
29/01/2014;09:30:00;46;com vítima;75;BR-153/SP;Norte;Colisão Lateral;;;;1;;;;;;1;1;1;;;
30/01/2014;13:55:00;111;com vítima;45;BR-153/SP;Norte;Colisão Lateral;1;;1;;;;;;;;2;1;;;
30/01/2014;17:33:00;134;com vítima;57;BR-153/SP;Norte;Engavetamento;4;;;;;;;;;;2;2;;1;
30/01/2014;21:31:00;163;sem vítima;58;BR-153/SP;Norte;Colisão Transversal;1;;;1;;;;;;;3;;;;
30/01/2014;18:45:00;148;sem vítima;60,5;BR-153/SP;Norte;Colisão Traseira;2;;;;;;;;;;3;;;;
30/01/2014;16:50:00;129;sem vítima;64;BR-153/SP;Norte;Colisão Lateral;1;;1;;;;;;;;4;;;;
30/01/2014;10:40:00;85;sem vítima;98,5;BR-153/SP;Norte;Colisão Traseira;;;2;;;;;;;;2;;;;
31/01/2014;14:15:00;103;com vítima;72,1;BR-153/SP;Norte;Colisão Transversal;1;;;;;;;;;1;1;1;;1;
31/01/2014;07:05:00;21;com vítima;147,8;BR-153/SP;Norte;Colisão Frontal;2;;;;;;;;;;0;;;;2
31/01/2014;01:22:00;6;sem vítima;273;BR-153/SP;Norte;Atropelamento de Ciclista;1;1;;;;;;;;;5;;;;
01/02/2014;11:06:00;49;com vítima;66,5;BR-153/SP;Sul;Atropelamento  de Pedestre;;;1;;;;;;;;1;;;;1
01/02/2014;07:08:00;16;sem vítima;89;BR-153/SP;Sul;Choque contra objeto na faixa de rolamento;1;;1;;;;;;;;2;;;;
01/02/2014;12:01:00;57;com vítima;103,8;BR-153/SP;Norte;Colisão Traseira;;;2;;;;;;;;1;;;1;1
02/02/2014;20:22:00;104;sem vítima;59;BR-153/SP;Sul;Colisão Transversal;1;;;;;;;;;1;5;;;;
02/02/2014;00:29:00;1;sem vítima;63;BR-153/SP;Sul;Saída de Pista;1;;;;;;;;;;1;;;;
02/02/2014;21:01:00;109;sem vítima;188;BR-153/SP;Sul;Colisão Traseira;1;;;;;;;;;;1;;;;
03/02/2014;11:58:00;84;com vítima;72;BR-153/SP;Norte;Colisão Transversal;1;;;1;;;;;;;4;;1;;
04/02/2014;16:02:00;84;sem vítima;29,7;BR-153/SP;Norte;Colisão Traseira;1;;1;;;;;;;;2;;;;
04/02/2014;15:04:00;79;sem vítima;49;BR-153/SP;Norte;Engavetamento;2;;;;;;;;;1;6;;;;
04/02/2014;17:25:00;99;com vítima;198,5;BR-153/SP;Sul;Tombamento de Moto;;;;1;;;;;;;0;;1;;
05/02/2014;13:20:00;69;sem vítima;70;BR-153/SP;Norte;Colisão Traseira;2;;;;;;;;;;5;;;;
05/02/2014;13:15:00;67;sem vítima;98;BR-153/SP;Norte;Colisão Transversal;1;;1;;;;;;;;2;;;;
05/02/2014;06:37:00;13;sem vítima;203,5;BR-153/SP;Norte;Colisão Lateral;1;;1;;;;;;;;6;;;;
05/02/2014;02:50:00;7;com vítima;308;BR-153/SP;Norte;Capotamento;1;;;;;;;;;;0;1;;;
06/02/2014;00:03:00;1;com vítima;24;BR-153/SP;Norte;Colisão Frontal;;;1;;;;;;;1;1;;;1;
06/02/2014;06:49:00;22;com vítima;62;BR-153/SP;Sul;Engavetamento;2;;;;;;;;;1;7;2;;;
06/02/2014;12:53:00;72;sem vítima;62;BR-153/SP;Norte;Colisão Traseira;;;;;;;;;;2;4;;;;
06/02/2014;07:08:00;26;com vítima;74,6;BR-153/SP;Norte;Colisão Traseira;1;;;1;;;;;;;1;1;;;
06/02/2014;23:14:00;134;sem vítima;81;BR-153/SP;Norte;Colisão Traseira;;;1;;;1;;;;;3;;;;
06/02/2014;16:53:00;91;com vítima;229;BR-153/SP;Norte;Colisão Transversal;;;1;;;;;;;1;1;1;1;;
06/02/2014;17:14:00;97;sem vítima;321;BR-153/SP;Norte;Colisão Lateral;1;;1;;;;;;;;2;;;;
06/02/2014;14:58:00;82;com vítima;339;BR-153/SP;Sul;Colisão Frontal;;;1;1;;;;;;;1;;2;;
07/02/2014;21:10:00;157;sem vítima;8;BR-153/SP;Norte;Colisão Traseira;2;;;;;;;;;;4;;;;
07/02/2014;11:50:00;91;sem vítima;47,5;BR-153/SP;Sul;Engavetamento;3;;;;;;;;;;7;;;;
07/02/2014;19:04:00;141;sem vítima;104,8;BR-153/SP;Sul;Incêndio;1;;1;;;;;;;;3;;;;
07/02/2014;15:22:00;109;sem vítima;256,5;BR-153/SP;Sul;Colisão Lateral;1;;1;;;;;;;;2;;;;
07/02/2014;10:46:00;71;com vítima;343;BR-153/SP;Norte;Colisão Lateral;;;1;;;;;;;1;1;1;;;
08/02/2014;02:23:00;9;com vítima;55;BR-153/SP;Norte;Atropelamento  de Pedestre;;;1;;;;;;;;1;;;1;
08/02/2014;17:31:00;89;com vítima;331;BR-153/SP;Norte;Colisão Traseira;1;;;;;;;;;1;0;2;3;;
09/02/2014;20:44:00;101;sem vítima;1,8;BR-153/SP;Norte;Colisão Traseira;2;;;;;1;;;;;7;;;;
09/02/2014;00:39:00;8;com vítima;105;BR-153/SP;Norte;Capotamento;1;;;;;;;;;;0;1;;;
09/02/2014;23:02:00;111;sem vítima;136,1;BR-153/SP;Norte;Colisão Transversal;2;;;;;;;;;;3;;;;
09/02/2014;17:58:00;80;sem vítima;190,3;BR-153/SP;Sul;Colisão Traseira;2;;;;;;;;;;3;;;;
10/02/2014;13:06:00;74;sem vítima;49;BR-153/SP;Norte;Colisão Transversal;2;;;;;;;;;;4;;;;
10/02/2014;07:51:00;23;sem vítima;61;BR-153/SP;Sul;Colisão Traseira;1;;;1;;;;;;;2;;;;
10/02/2014;16:54:00;96;com vítima;62;BR-153/SP;Norte;Atropelamento  de Pedestre;;;;;;;;;;1;1;1;;;
11/02/2014;17:10:00;129;sem vítima;189;BR-153/SP;Sul;Colisão Lateral;2;;;;;;;;;;2;;;;
12/02/2014;07:42:00;25;com vítima;331;BR-153/SP;Norte;Colisão Frontal;2;;;;;;;;;;0;2;2;;
13/02/2014;22:35:00;124;com vítima;14,5;BR-153/SP;Sul;Saída de Pista;1;;;;;;;;;;0;1;;;1
14/02/2014;09:15:00;42;com vítima;37,8;BR-153/SP;Sul;Colisão Transversal;;;;1;;;;;;1;1;;;1;
14/02/2014;07:24:00;21;sem vítima;46;BR-153/SP;Norte;Colisão Traseira;1;;1;;;;;;;;2;;;;
14/02/2014;07:01:00;15;com vítima;62;BR-153/SP;Sul;Engavetamento;2;;;;;;;;;1;2;1;;;
14/02/2014;09:31:00;44;sem vítima;62;BR-153/SP;Norte;Colisão Traseira;;;1;;;;;;;1;3;;;;
15/02/2014;10:44:00;54;sem vítima;5,2;BR-153/SP;Norte;Colisão Transversal;;;1;;;;;;;1;2;;;;
15/02/2014;04:51:00;16;com vítima;21;BR-153/SP;Sul;Colisão Traseira;1;;1;;;;;;;;5;1;;;
15/02/2014;14:19:00;68;sem vítima;49,5;BR-153/SP;Norte;Colisão Traseira;1;;;;;1;;;;;4;;;;
15/02/2014;02:24:00;10;sem vítima;59;BR-153/SP;Norte;Colisão Transversal;1;;;;;;;;;1;3;;;;
15/02/2014;22:24:00;117;sem vítima;141;BR-153/SP;Norte;Choque contra objeto na faixa de rolamento;2;;1;;;;;;;;7;;;;
15/02/2014;16:39:00;75;com vítima;272,5;BR-153/SP;Norte;Capotamento;1;;;;;;;;;;0;;1;;
16/02/2014;19:28:00;100;com vítima;14,4;BR-153/SP;Sul;Choque contra Objeto Fixo;;;;;;1;;;;1;1;;2;;
17/02/2014;12:08:00;72;com vítima;24;BR-153/SP;Norte;Colisão Traseira;2;;;;;;;;;;3;1;;;
17/02/2014;14:12:00;76;com vítima;49;BR-153/SP;Norte;Colisão Traseira;1;;;1;;;;;;;1;1;;;
17/02/2014;07:25:00;24;sem vítima;62;BR-153/SP;Sul;Colisão Traseira;2;;;;;;;;;;2;;;;
17/02/2014;07:56:00;32;com vítima;72;BR-153/SP;Norte;Engavetamento;3;;;;;;;;;;3;1;;;
17/02/2014;14:35:00;79;sem vítima;335,4;BR-153/SP;Sul;Colisão Lateral;;;2;;;;;;;;2;;;;
18/02/2014;17:54:00;96;sem vítima;2;BR-153/SP;Sul;Colisão Transversal;;;;;1;;;;;1;3;;;;
19/02/2014;08:13:00;52;sem vítima;62;BR-153/SP;Sul;Engavetamento;3;;;;;;;;;;3;;;;
19/02/2014;08:27:00;59;sem vítima;62,3;BR-153/SP;Sul;Colisão Traseira;2;;;;;;;;;;3;;;;
19/02/2014;12:55:00;113;sem vítima;62,6;BR-153/SP;Sul;Colisão Traseira;2;;;;;;;;;;2;;;;
19/02/2014;08:25:00;56;sem vítima;280;BR-153/SP;Norte;Colisão Transversal;;;1;;;;;;;1;2;;;;
20/02/2014;19:45:00;145;com vítima;71;BR-153/SP;Norte;Colisão Traseira;1;;;1;;;;;;;1;1;;;
20/02/2014;07:40:00;26;sem vítima;76;BR-153/SP;Sul;Saída de Pista;1;;;;;;;;;;3;;;;
21/02/2014;18:39:00;90;sem vítima;71;BR-153/SP;Sul;Colisão Traseira;;;3;;;;;;;;3;;;;
21/02/2014;07:51:00;25;sem vítima;73;BR-153/SP;Norte;Colisão Traseira;1;;;1;;;;;;;3;;;;
21/02/2014;10:42:00;47;sem vítima;300;BR-153/SP;Sul;Saída de Pista;1;;;;;;;;;;1;;;;
22/02/2014;12:52:00;53;sem vítima;8,8;BR-153/SP;Sul;Colisão Transversal;2;;;;;;;;;;4;;;;
22/02/2014;09:06:00;30;sem vítima;35,1;BR-153/SP;Sul;Atropelamento de Animal;;;1;;;;;;;;1;;;;
22/02/2014;07:44:00;23;sem vítima;256;BR-153/SP;Sul;Colisão Lateral;1;;1;;;;;;;;2;;;;
22/02/2014;09:37:00;37;sem vítima;257;BR-153/SP;Sul;Atropelamento de Animal;1;;;;;;;;;;2;;;;
22/02/2014;08:43:00;26;com vítima;341;BR-153/SP;Norte;Saída de Pista;1;;;;;;;;;;0;2;;;
23/02/2014;07:45:00;34;sem vítima;62;BR-153/SP;Norte;Colisão Transversal;1;;;;;1;;;;;2;;;;
23/02/2014;06:04:00;21;com vítima;113;BR-153/SP;Norte;Saída de Pista;1;;;;;;;;;;0;1;;;
23/02/2014;15:21:00;90;sem vítima;278;BR-153/SP;Sul;Saída de Pista;;;;;;;;;;1;2;;;;
24/02/2014;09:59:00;58;com vítima;5;BR-153/SP;Sul;Colisão Transversal;2;;;;;;;;;;3;1;;;
24/02/2014;17:35:00;107;com vítima;62;BR-153/SP;Sul;Colisão Traseira;1;;;1;;;;;;;1;2;;;
24/02/2014;17:41:00;109;com vítima;62,2;BR-153/SP;Sul;Engavetamento;3;;;;;;;;;;2;1;;;
24/02/2014;07:35:00;30;sem vítima;72,7;BR-153/SP;Norte;Engavetamento;4;;;;;;;;;;8;;;;
24/02/2014;08:34:00;44;com vítima;73,5;BR-153/SP;Norte;Colisão Traseira;2;;;;;;;;;;1;1;;;
24/02/2014;05:47:00;17;sem vítima;218,5;BR-153/SP;Sul;Saída de Pista;1;;;;;;;;;;1;;;;
24/02/2014;19:58:00;124;com vítima;258;BR-153/SP;Norte;Colisão Lateral;;;2;;;;;;;;4;;1;;
25/02/2014;04:19:00;7;sem vítima;61,05;BR-153/SP;Norte;Colisão Traseira;;;;;;1;;;;1;2;;;;
26/02/2014;09:41:00;50;sem vítima;24,9;BR-153/SP;Sul;Colisão Lateral;1;;1;;;;;;;;3;;;;
26/02/2014;12:29:00;73;sem vítima;48;BR-153/SP;Norte;Colisão Traseira;1;;;;;;;;;1;4;;;;
26/02/2014;07:57:00;30;sem vítima;71,5;BR-153/SP;Sul;Colisão Traseira;1;;;;;1;;;;;6;;;;
27/02/2014;14:27:00;122;sem vítima;37;BR-153/SP;Norte;Colisão Traseira;1;;;;;1;;;;;2;;;;
27/02/2014;20:43:00;169;sem vítima;55,9;BR-153/SP;Norte;Saída de Pista;;;1;;;;;;;;1;;;;
27/02/2014;18:20:00;150;sem vítima;62;BR-153/SP;Norte;Engavetamento;3;;;;;;;;;1;7;;;;
27/02/2014;20:27:00;168;com vítima;64,8;BR-153/SP;Norte;Colisão Frontal;1;;1;;;;;;;;0;2;2;;
27/02/2014;06:42:00;29;sem vítima;71;BR-153/SP;Norte;Engavetamento;2;;;;;;;;;1;6;;;;
27/02/2014;13:00:00;113;sem vítima;161;BR-153/SP;Norte;Colisão Transversal;2;;;;;;;;;;5;;;;
27/02/2014;21:12:00;172;sem vítima;346;BR-153/SP;Sul;Capotamento;;;;;;;;;;1;1;;;;
28/02/2014;20:42:00;159;sem vítima;49;BR-153/SP;Sul;Engavetamento;3;;;;;;;;;;6;;;;
28/02/2014;21:14:00;161;com vítima;53;BR-153/SP;Sul;Tombamento de Moto;1;;;1;;;;;;;1;;;1;
28/02/2014;14:20:00;114;sem vítima;62,5;BR-153/SP;Sul;Colisão Traseira;2;;;;;;;;;;2;;;;
28/02/2014;15:22:00;120;com vítima;140;BR-153/SP;Norte;Colisão Traseira;1;;;;;;;;;1;5;1;;;
28/02/2014;17:26:00;136;com vítima;158;BR-153/SP;Norte;Colisão Traseira;;;;1;;1;;;;;1;1;;;
01/03/2014;14:32:00;52;com vítima;61;BR-153/SP;Norte;Saída de Pista;1;;;;;;;;;;0;;1;;
01/03/2014;22:29:00;92;com vítima;256,2;BR-153/SP;Norte;Colisão Frontal;1;;;1;;;;;;;1;1;;;
02/03/2014;19:34:00;81;sem vítima;47,5;BR-153/SP;Sul;Colisão Traseira;1;;;;;;;;;1;5;;;;
02/03/2014;00:31:00;2;sem vítima;56;BR-153/SP;Norte;Colisão Transversal;1;;;1;;;;;;;3;;;;
02/03/2014;09:00:00;33;com vítima;83,2;BR-153/SP;Norte;Colisão Transversal;;;2;;;;;;;;1;2;;;
02/03/2014;04:05:00;14;com vítima;158;BR-153/SP;Norte;Saída de Pista;1;;;;;;;;;;0;1;;;
03/03/2014;17:11:00;115;com vítima;66;BR-153/SP;Norte;Tombamento de Moto;;;;1;;;;;;;0;2;;;
04/03/2014;10:16:00;40;sem vítima;36;BR-153/SP;Sul;Colisão Lateral;1;;1;;;;;;;;2;;;;
04/03/2014;07:01:00;19;sem vítima;210;BR-153/SP;Norte;Incidente;;;1;;;;;;;;1;;;;
05/03/2014;07:58:00;19;sem vítima;58;BR-153/SP;Norte;Colisão Lateral;;;;1;;1;;;;;2;;;;
05/03/2014;12:01:00;47;sem vítima;58;BR-153/SP;Sul;Tombamento de Moto;;;;1;;;;;;;1;;;;
05/03/2014;12:57:00;50;com vítima;61,1;BR-153/SP;Sul;Tombamento de Moto;;;;1;;;;;;;0;1;;;
05/03/2014;21:13:00;86;com vítima;194,5;BR-153/SP;Norte;Tombamento de Moto;;;;1;;;;;;;1;1;;;
06/03/2014;21:35:00;131;com vítima;12;BR-153/SP;Norte;Tombamento;;;1;;;;;;;;0;;;2;
07/03/2014;09:08:00;47;com vítima;25,5;BR-153/SP;Sul;Saída de Pista;1;;;;;;;;;;0;1;;;
07/03/2014;06:10:00;15;com vítima;32,5;BR-153/SP;Sul;Saída de Pista;1;;;;;;;;;;0;1;;;
07/03/2014;20:24:00;143;sem vítima;47,1;BR-153/SP;Norte;Colisão Traseira;2;;;;;;;;;;4;;;;
07/03/2014;19:27:00;132;sem vítima;56;BR-153/SP;Norte;Colisão Traseira;1;;;;;1;;;;;2;;;;
07/03/2014;19:49:00;137;sem vítima;72;BR-153/SP;Norte;Engavetamento;2;;1;;;;;;;;6;;;;
07/03/2014;14:12:00;94;com vítima;174;BR-153/SP;Norte;Colisão Lateral;1;;1;;;;;;;;1;2;;;
07/03/2014;17:09:00;111;sem vítima;278,3;BR-153/SP;Sul;Colisão Traseira;1;;;;;;;;;1;2;;;;
08/03/2014;19:07:00;99;com vítima;64,9;BR-153/SP;Norte;Atropelamento  de Pedestre;1;;;;;;;;;;5;1;;;
08/03/2014;18:14:00;95;sem vítima;82;BR-153/SP;Sul;Choque contra objeto na faixa de rolamento;1;;1;;;;;;;;2;;;;
08/03/2014;13:37:00;78;sem vítima;338,2;BR-153/SP;Sul;Colisão Traseira;2;;;;;;;;;;7;;;;
09/03/2014;21:16:00;99;sem vítima;61;BR-153/SP;Sul;Colisão Traseira;2;;;;;;;;;;5;;;;
10/03/2014;19:04:00;134;sem vítima;2,8;BR-153/SP;Norte;Colisão Traseira;1;;;;;;;;;1;3;;;;