data;horario;n_da_ocorrencia;tipo_de_ocorrencia;km;trecho;sentido;tipo_de_acidente;automovel;bicicleta;caminhao;moto;onibus;outros;tracao_animal;transporte_de_cargas_especiais;trator_maquinas;utilitarios;ilesos;levemente_feridos;moderadamente_feridos;gravemente_feridos;mortos
26/10/2014;13:32:00;79;com vítima;56;BR-153/SP;Norte;Colisão Transversal;1;;;1;;;;;;;1;;;1;
26/10/2014;19:51:00;113;sem vítima;183,8;BR-153/SP;Norte;Tombamento de Moto;;;;1;;;;;;;1;;;;
27/10/2014;19:20:00;110;sem vítima;61;BR-153/SP;Sul;Colisão Traseira;1;;;;;;;;;1;5;;;;
27/10/2014;07:51:00;21;com vítima;75;BR-153/SP;Norte;Tombamento de Moto;;;1;1;;;;;;;1;1;;;
27/10/2014;16:35:00;90;com vítima;77;BR-153/SP;Norte;Tombamento de Moto;;;;1;;;;;;;0;1;;;
28/10/2014;06:07:00;21;sem vítima;64;BR-153/SP;Sul;Choque contra objeto na faixa de rolamento;;;1;;;;;;;1;3;;;;
29/10/2014;08:40:00;35;sem vítima;35;BR-153/SP;Sul;Colisão Transversal;1;;1;;;;;;;;4;;;;
29/10/2014;00:07:00;1;com vítima;50;BR-153/SP;Sul;Capotamento;;;;;;;;;;1;1;;1;;
30/10/2014;13:06:00;86;com vítima;71;BR-153/SP;Norte;Colisão Traseira;;;;1;;1;;;;;1;1;;;
30/10/2014;07:23:00;20;com vítima;75;BR-153/SP;Norte;Engavetamento;2;;;1;;;;;;;4;1;;;
31/10/2014;02:30:00;4;com vítima;61;BR-153/SP;Norte;Tombamento de Moto;;;;1;;;;;;;0;;1;;
31/10/2014;02:13:00;3;sem vítima;63;BR-153/SP;Norte;Saída de Pista;;;1;;;;;;;;1;;;;
31/10/2014;05:34:00;7;sem vítima;76;BR-153/SP;Sul;Colisão Traseira;;;;;;1;;;;1;2;;;;
31/10/2014;07:59:00;25;com vítima;256;BR-153/SP;Norte;Colisão Lateral;;;;2;;;;;;;1;1;;;
01/11/2014;09:33:00;44;com vítima;25;BR-153/SP;Sul;Colisão Traseira;1;;;;;;;;;1;5;1;;;
01/11/2014;20:41:00;119;sem vítima;332;BR-153/SP;Norte;Saída de Pista;1;;;;;;;;;;2;;;;
02/11/2014;02:05:00;7;sem vítima;51,5;BR-153/SP;Norte;Saída de Pista;1;;;;;;;;;;4;;;;
02/11/2014;09:37:00;55;sem vítima;55,5;BR-153/SP;Sul;Colisão Traseira;2;;;;;;;;;;7;;;;
02/11/2014;19:31:00;140;com vítima;72,5;BR-153/SP;Norte;Tombamento de Moto;;;;1;;;;;;;0;;;1;
02/11/2014;19:54:00;142;sem vítima;72,5;BR-153/SP;Norte;Colisão Traseira;1;;1;;;;;;;;4;;;;
02/11/2014;20:55:00;154;sem vítima;72,5;BR-153/SP;Norte;Colisão Lateral;1;;1;;;;;;;;5;;;;
02/11/2014;07:54:00;35;sem vítima;183,8;BR-153/SP;Norte;Incidente;;;1;;;;;;;;1;;;;
03/11/2014;05:42:00;9;sem vítima;27;BR-153/SP;Norte;Choque contra objeto na faixa de rolamento;;;1;;1;;;;;;12;;;;
03/11/2014;19:33:00;130;com vítima;62,7;BR-153/SP;Norte;Tombamento de Moto;;;;1;;;;;;;1;1;;;
03/11/2014;09:35:00;41;sem vítima;72;BR-153/SP;Norte;Engavetamento;2;;;;;;;;;1;3;;;;
03/11/2014;07:44:00;102;sem vítima;72;BR-153/SP;Norte;Engavetamento;3;;;;;;;;;;3;;;;
03/11/2014;08:58:00;34;sem vítima;74,9;BR-153/SP;Sul;Colisão Transversal;1;;;1;;;;;;;2;;;;
03/11/2014;03:46:00;4;com vítima;264,1;BR-153/SP;Norte;Saída de Pista;;;1;;;;;;;;0;2;;;
05/11/2014;04:08:00;5;sem vítima;35,5;BR-153/SP;Sul;Choque contra Objeto Fixo;;;1;;;;;;;;1;;;;
05/11/2014;08:13:00;24;sem vítima;62;BR-153/SP;Sul;Engavetamento;3;;;;;;;;;;4;;;;
05/11/2014;07:49:00;19;sem vítima;73,5;BR-153/SP;Norte;Colisão Lateral;1;;;1;;;;;;;4;;;;
06/11/2014;14:11:00;97;sem vítima;31,2;BR-153/SP;Norte;Colisão Transversal;1;;1;;;;;;;;4;;;;
06/11/2014;07:08:00;16;com vítima;70;BR-153/SP;Sul;Colisão Transversal;1;;;1;;;;;;;3;2;;;
07/11/2014;10:26:00;63;sem vítima;33,5;BR-153/SP;Norte;Colisão Transversal;1;;1;;;;;;;;4;;;;
07/11/2014;13:21:00;90;sem vítima;35,8;BR-153/SP;Norte;Colisão Traseira;;;1;;;;;;;1;2;;;;
07/11/2014;20:32:00;132;sem vítima;64;BR-153/SP;Norte;Colisão Traseira;2;;;;;;;;;;2;;;;
07/11/2014;07:11:00;23;com vítima;70;BR-153/SP;Norte;Colisão Traseira;1;;;1;;;;;;;3;;1;;
07/11/2014;11:31:00;73;sem vítima;342,4;BR-153/SP;Norte;Colisão Traseira;;;;;;1;;;;1;2;;;;
08/11/2014;09:27:00;53;sem vítima;205;BR-153/SP;Sul;Colisão Traseira;2;;;;;;;;;;2;;;;
09/11/2014;16:31:00;79;com vítima;17,9;BR-153/SP;Sul;Tombamento;;;1;;;;;;;;0;1;;;
09/11/2014;06:54:00;19;com vítima;72;BR-153/SP;Sul;Colisão Transversal;2;;;;;;;;;;1;2;;;
09/11/2014;10:53:00;48;com vítima;122,5;BR-153/SP;Sul;Tombamento de Moto;;;;1;;;;;;;0;2;;;
09/11/2014;11:21:00;49;sem vítima;167,7;BR-153/SP;Norte;Colisão Traseira;;;2;;;;;;;;2;;;;
10/11/2014;11:52:00;88;sem vítima;5;BR-153/SP;Sul;Colisão Transversal;2;;;;;;;;;;3;;;;
10/11/2014;07:55:00;29;sem vítima;73;BR-153/SP;Norte;Engavetamento;2;;;;;;;;;1;5;;;;
10/11/2014;06:01:00;12;sem vítima;97,8;BR-153/SP;Norte;Atropelamento de Animal;1;;;;;;;;;;1;;;;
10/11/2014;18:34:00;122;com vítima;283,2;BR-153/SP;Norte;Colisão Lateral;1;;;;;;;;;1;1;;1;;
11/11/2014;19:31:00;131;com vítima;125;BR-153/SP;Sul;Saída de Pista;1;;;;;;;;;;0;1;;;
11/11/2014;15:54:00;108;sem vítima;35;BR-153/SP;Norte;Colisão Traseira;2;;;;;;;;;;2;;;;
11/11/2014;05:00:00;11;sem vítima;51,5;BR-153/SP;Sul;Atropelamento de Animal;;;;;;;;;;1;1;;;;
11/11/2014;07:52:00;33;sem vítima;72;BR-153/SP;Norte;Engavetamento;1;;;;;;;;;2;7;;;;
11/11/2014;19:05:00;126;com vítima;229;BR-153/SP;Sul;Saída de Pista;;;1;;;;;;;;0;1;;;
12/11/2014;13:55:00;70;sem vítima;73;BR-153/SP;Sul;Engavetamento;3;;;;;;;;;;4;;;;
12/11/2014;15:59:00;75;com vítima;195;BR-153/SP;Norte;Colisão Transversal;1;;1;;;;;;;;1;;1;;
12/11/2014;17:34:00;85;sem vítima;321;BR-153/SP;Sul;Saída de Pista;1;;;;;;;;;;2;;;;
13/11/2014;03:47:00;8;sem vítima;15;BR-153/SP;Norte;Choque contra Objeto Fixo;1;;;;;;;;;;4;;;;
13/11/2014;14:27:00;89;sem vítima;49,9;BR-153/SP;Sul;Colisão Traseira;2;;;;;;;;;;4;;;;
13/11/2014;00:04:00;1;com vítima;71;BR-153/SP;Norte;Colisão Lateral;1;;;;;;;;;1;1;2;;;
14/11/2014;12:33:00;90;sem vítima;25;BR-153/SP;Norte;Colisão Traseira;2;;;;;;;;;;3;;;;
14/11/2014;16:36:00;111;com vítima;59,05;BR-153/SP;Sul;Tombamento de Moto;;;;1;;;;;;;0;;1;;
14/11/2014;06:53:00;19;sem vítima;62,2;BR-153/SP;Sul;Engavetamento;4;;;;;;;;;;8;;;;
14/11/2014;09:13:00;54;sem vítima;62,9;BR-153/SP;Sul;Colisão Traseira;;;;;;;;;;2;3;;;;
14/11/2014;19:01:00;122;sem vítima;73;BR-153/SP;Norte;Saída de Pista;1;;;;;;;;;;1;;;;
14/11/2014;16:57:00;113;sem vítima;82;BR-153/SP;Sul;Colisão Lateral;1;;1;;;;;;;;3;;;;
14/11/2014;15:29:00;103;sem vítima;183,8;BR-153/SP;Sul;Engavetamento;1;;2;;;;;;;;4;;;;
15/11/2014;18:12:00;77;com vítima;56;BR-153/SP;Sul;Colisão Transversal;1;;;1;;;;;;;2;;1;;
15/11/2014;20:46:00;93;sem vítima;173,2;BR-153/SP;Sul;Choque contra objeto na faixa de rolamento;1;;;;;;;;;;1;;;;
16/11/2014;01:26:00;9;sem vítima;71;BR-153/SP;Sul;Colisão Lateral;1;;;;;;;;;1;4;;;;
16/11/2014;01:30:00;11;sem vítima;71;BR-153/SP;Norte;Colisão Traseira;2;;;;;;;;;;3;;;;
17/11/2014;12:02:00;57;com vítima;44;BR-153/SP;Norte;Colisão Traseira;;;1;;1;;;;;;3;17;1;1;1
17/11/2014;07:15:00;16;com vítima;58;BR-153/SP;Norte;Colisão Transversal;1;;;1;;;;;;;4;1;;;
17/11/2014;15:35:00;74;sem vítima;62;BR-153/SP;Sul;Colisão Traseira;1;;;;;;;;;1;2;;;;
17/11/2014;10:03:00;46;sem vítima;71,6;BR-153/SP;Norte;Colisão Traseira;2;;;;;;;;;;4;;;;
17/11/2014;08:20:00;32;com vítima;73;BR-153/SP;Norte;Engavetamento;5;;2;;;;;;;1;12;1;;;
17/11/2014;08:49:00;36;com vítima;96;BR-153/SP;Norte;Colisão Traseira;;;1;;;;;;;1;2;;1;;
17/11/2014;08:17:00;30;com vítima;205,5;BR-153/SP;Sul;Capotamento;;;;;;;;;;1;0;1;;;
17/11/2014;07:36:00;20;com vítima;282,85;BR-153/SP;Sul;Capotamento;1;;;;;;;;;;0;1;;;
18/11/2014;08:08:00;21;com vítima;62,1;BR-153/SP;Sul;Colisão Traseira;1;;;1;;;;;;;1;1;;;
18/11/2014;02:06:00;3;sem vítima;330,5;BR-153/SP;Sul;Colisão Lateral;;;2;;;;;;;;2;;;;
19/11/2014;15:52:00;77;sem vítima;51,6;BR-153/SP;Sul;Engavetamento;;;2;;;;;;;1;3;;;;
19/11/2014;16:33:00;81;sem vítima;55;BR-153/SP;Norte;Colisão Traseira;1;;1;;;;;;;1;5;;;;
19/11/2014;18:03:00;90;sem vítima;55;BR-153/SP;Norte;Engavetamento;2;;;;;;;;;1;6;;;;
19/11/2014;23:57:00;111;com vítima;74,5;BR-153/SP;Norte;Colisão Frontal;1;;;;;;;;;1;0;1;;1;
20/11/2014;19:43:00;115;com vítima;57,5;BR-153/SP;Sul;Colisão Traseira;1;;1;;;;;;;;1;;1;;
20/11/2014;20:30:00;118;com vítima;63,5;BR-153/SP;Norte;Saída de Pista;1;;;;;;;;;;1;1;;;
20/11/2014;18:12:00;109;sem vítima;71;BR-153/SP;Sul;Colisão Traseira;1;;;1;;;;;;;2;;;;
21/11/2014;20:34:00;129;com vítima;34;BR-153/SP;Norte;Tombamento de Moto;;;;1;;;;;;;0;2;;;
21/11/2014;16:39:00;92;com vítima;36,2;BR-153/SP;Norte;Saída de Pista;;;;1;;;;;;;0;1;;;
21/11/2014;16:49:00;97;sem vítima;36,2;BR-153/SP;Norte;Colisão Traseira;2;;;;;;;;;;4;;;;
21/11/2014;06:52:00;13;sem vítima;52;BR-153/SP;Norte;Colisão Transversal;1;;;;;;;;;1;3;;;;
21/11/2014;07:19:00;15;com vítima;62,5;BR-153/SP;Sul;Colisão Lateral;1;;;1;;;;;;;1;1;1;;
21/11/2014;07:41:00;19;com vítima;73;BR-153/SP;Norte;Colisão Transversal;1;;;1;;;;;;;2;1;1;;
21/11/2014;23:01:00;141;sem vítima;83,1;BR-153/SP;Sul;Choque contra Objeto Fixo;;;;;;;;;;1;2;;;;
21/11/2014;18:17:00;110;sem vítima;137,9;BR-153/SP;Sul;Colisão Lateral;1;;;;;;;;;1;6;;;;
22/11/2014;07:18:00;22;com vítima;318,5;BR-153/SP;Norte;Capotamento;;;;;;;;;;1;2;2;;;
22/11/2014;12:52:00;69;sem vítima;343;BR-153/SP;Norte;Colisão Traseira;2;;;;;;;;;;2;;;;
23/11/2014;08:13:00;28;com vítima;32,5;BR-153/SP;Norte;Saída de Pista;1;;;;;;;;;;0;1;;;
23/11/2014;17:02:00;76;com vítima;79;BR-153/SP;Norte;Saída de Pista;1;;;;;;;;;;0;4;;;
23/11/2014;19:51:00;96;com vítima;174;BR-153/SP;Norte;Colisão Transversal;1;;1;;;;;;;;2;1;;;
24/11/2014;13:02:00;82;com vítima;64;BR-153/SP;Norte;Choque contra Objeto Fixo;2;;;1;;;;;;;2;2;;;
24/11/2014;07:54:00;28;com vítima;72,5;BR-153/SP;Norte;Colisão Transversal;;;1;1;;;;;;;1;;1;;
24/11/2014;21:47:00;155;com vítima;257;BR-153/SP;Norte;Tombamento de Moto;;;;1;;;;;;;0;1;;;
25/11/2014;22:11:00;127;sem vítima;71,8;BR-153/SP;Sul;Colisão Transversal;2;;;;;;;;;;4;;;;
25/11/2014;08:58:00;43;sem vítima;73;BR-153/SP;Norte;Engavetamento;3;;;;;;;;;;9;;;;
25/11/2014;04:47:00;12;sem vítima;98;BR-153/SP;Sul;Colisão Traseira;;;2;;;;;;;;2;;;;
25/11/2014;20:34:00;121;sem vítima;333;BR-153/SP;Norte;Saída de Pista;;;1;;;;;;;;1;;;;
26/11/2014;18:09:00;104;com vítima;82;BR-153/SP;Norte;Colisão Transversal;2;;;;;;;;;;1;6;;;
27/11/2014;19:40:00;156;com vítima;47;BR-153/SP;Sul;Colisão Transversal;1;;;;;;;;;1;2;4;;;
27/11/2014;16:26:00;139;sem vítima;62;BR-153/SP;Norte;Saída de Pista;;;1;;;;;;;;1;;;;
27/11/2014;11:49:00;102;com vítima;97;BR-153/SP;Norte;Tombamento;1;;1;;;;;;;;3;1;1;;
28/11/2014;15:27:00;91;com vítima;19,05;BR-153/SP;Sul;Colisão Lateral;1;;1;;;;;;;;4;1;;;
28/11/2014;07:05:00;13;com vítima;274,2;BR-153/SP;Norte;Tombamento;;;1;;;;;;;;1;1;;;
30/11/2014;17:11:00;80;sem vítima;0;BR-153/SP;Sul;Colisão Traseira;1;;1;;;;;;;;3;;;;
30/11/2014;18:53:00;94;sem vítima;47,3;BR-153/SP;Norte;Capotamento;1;;;;;;;;;;1;;;;
30/11/2014;18:10:00;86;sem vítima;72;BR-153/SP;Norte;Engavetamento;3;;;;;;;;;;5;;;;
30/11/2014;18:59:00;96;com vítima;120;BR-153/SP;Norte;Colisão Transversal;1;;;1;;;;;;;1;1;;;
30/11/2014;16:41:00;78;sem vítima;342;BR-153/SP;Norte;Colisão Traseira;2;;;;;;;;;;4;;;;
01/12/2014;18:30:00;142;sem vítima;90;BR-153/SP;Sul;Choque contra Objeto Fixo;;;;1;;;;;;;1;;;;
01/12/2014;17:16:00;136;sem vítima;98;BR-153/SP;Norte;Choque contra Objeto Fixo;;;1;;;;;;;;1;;;;
01/12/2014;02:05:00;12;sem vítima;114,7;BR-153/SP;Sul;Colisão Lateral;1;;1;;;;;;;;4;;;;
02/12/2014;13:10:00;74;sem vítima;78;BR-153/SP;Norte;Colisão Traseira;;;;;;;;;;2;5;;;;
03/12/2014;10:27:00;71;sem vítima;72;BR-153/SP;Sul;Colisão Traseira;2;;;;;;;;;;4;;;;
03/12/2014;10:29:00;72;sem vítima;73;BR-153/SP;Sul;Colisão Traseira;2;;;;;;;;;;5;;;;
03/12/2014;19:03:00;139;com vítima;256,5;BR-153/SP;Sul;Colisão Transversal;;1;1;;;;;;;;1;1;;;
04/12/2014;22:47:00;158;com vítima;342;BR-153/SP;Norte;Colisão Frontal;1;;1;;;;;;;;2;1;;;
05/12/2014;15:36:00;87;com vítima;56;BR-153/SP;Norte;Colisão Transversal;1;;;1;;;;;;;2;1;;;
05/12/2014;16:33:00;93;sem vítima;98;BR-153/SP;Norte;Colisão Traseira;;;2;;;;;;;;2;;;;
05/12/2014;17:31:00;100;com vítima;128;BR-153/SP;Sul;Colisão Lateral;1;;1;;;;;;;;1;;1;;
06/12/2014;17:11:00;81;com vítima;58;BR-153/SP;Norte;Colisão Transversal;2;;;;;;;;;;6;1;;;
06/12/2014;01:17:00;3;sem vítima;60;BR-153/SP;Norte;Colisão Lateral;1;;1;;;;;;;;2;;;;
06/12/2014;15:45:00;66;sem vítima;64;BR-153/SP;Norte;Saída de Pista;;;;;;;;;;1;2;;;;
06/12/2014;20:27:00;107;com vítima;95,8;BR-153/SP;Norte;Colisão Transversal;;;2;1;;;;;;;2;;;;1
06/12/2014;15:10:00;58;sem vítima;283;BR-153/SP;Norte;Choque contra Objeto Fixo;1;;;;;;;;;;1;;;;
07/12/2014;15:46:00;66;com vítima;34,4;BR-153/SP;Sul;Capotamento;1;;;;;;;;;;1;1;;;
07/12/2014;20:47:00;108;sem vítima;50,05;BR-153/SP;Norte;Choque contra objeto na faixa de rolamento;2;;;;;;;;;;10;;;;
09/12/2014;15:35:00;101;sem vítima;2,1;BR-153/SP;Norte;Colisão Traseira;2;;;;;;;;;;6;;;;
09/12/2014;07:09:00;19;sem vítima;8;BR-153/SP;Norte;Colisão Lateral;;;;;;1;;;;1;4;;;;
09/12/2014;09:22:00;52;com vítima;58;BR-153/SP;Norte;Colisão Transversal;;;;1;;;;;;1;1;1;;;
09/12/2014;07:12:00;20;sem vítima;72;BR-153/SP;Norte;Engavetamento;1;;;;;;;;;2;3;;;;
09/12/2014;11:33:00;76;com vítima;75;BR-153/SP;Sul;Colisão Transversal;1;;1;;;;;;;;1;2;;;
10/12/2014;11:44:00;62;sem vítima;25;BR-153/SP;Norte;Saída de Pista;1;;;;;;;;;;1;;;;
10/12/2014;14:46:00;79;sem vítima;35,8;BR-153/SP;Norte;Colisão Traseira;1;;1;;;;;;;1;5;;;;
10/12/2014;10:46:00;55;sem vítima;46;BR-153/SP;Norte;Colisão Traseira;;;2;;;;;;;;2;;;;
10/12/2014;15:33:00;87;com vítima;72,5;BR-153/SP;Sul;Colisão Transversal;1;;;1;;;;;;;1;1;;;
10/12/2014;20:59:00;126;sem vítima;221;BR-153/SP;Norte;Colisão Lateral;2;;;;;;;;;;4;;;;
10/12/2014;22:10:00;135;sem vítima;342;BR-153/SP;Norte;Colisão Traseira;1;;1;;;;;;;;2;;;;
11/12/2014;23:32:00;161;com vítima;2;BR-153/SP;Sul;Colisão Traseira;1;;1;;;;;;;;1;2;;;
11/12/2014;23:55:00;162;sem vítima;10;BR-153/SP;Norte;Colisão Lateral;1;;1;;;;;;;;6;;;;
11/12/2014;17:13:00;114;com vítima;62;BR-153/SP;Norte;Engavetamento;1;;3;1;;;;;;;4;2;;;
12/12/2014;15:04:00;94;sem vítima;52;BR-153/SP;Sul;Engavetamento;3;;;;;;;;;;3;;;;
12/12/2014;01:14:00;4;sem vítima;263;BR-153/SP;Norte;Colisão Lateral;;;2;;;;;;;;2;;;;
13/12/2014;01:58:00;10;com vítima;64;BR-153/SP;Sul;Saída de Pista;;;1;;;;;;;;0;1;;;
13/12/2014;09:46:00;34;sem vítima;170,3;BR-153/SP;Sul;Colisão Traseira;1;;1;;;;;;;;2;;;;
13/12/2014;17:22:00;90;com vítima;182;BR-153/SP;Sul;Colisão Transversal;2;;;;;;;;;;3;2;1;;
14/12/2014;21:06:00;107;com vítima;124;BR-153/SP;Norte;Colisão Traseira;;;1;;1;;;;;;37;1;;;
14/12/2014;11:13:00;52;sem vítima;142;BR-153/SP;Norte;Colisão Lateral;1;;1;;;;;;;;4;;;;
14/12/2014;23:52:00;125;com vítima;161,3;BR-153/SP;Norte;Colisão Lateral;1;;1;;;;;;;;1;3;;;
14/12/2014;16:28:00;81;sem vítima;174;BR-153/SP;Norte;Colisão Traseira;2;;;;;;;;;;5;;;;
15/12/2014;08:05:00;23;sem vítima;61,9;BR-153/SP;Sul;Engavetamento;1;;;;;;;;;2;6;;;;
15/12/2014;09:09:00;43;com vítima;109,7;BR-153/SP;Sul;Colisão Traseira;1;;;;;1;;;;;1;2;;;
16/12/2014;07:01:00;17;com vítima;59;BR-153/SP;Norte;Colisão Transversal;;1;1;;;;;;;;1;1;;;
16/12/2014;08:19:00;29;sem vítima;63,5;BR-153/SP;Norte;Colisão Traseira;1;;;;;;;;;1;5;;;;
16/12/2014;07:56:00;23;sem vítima;71,8;BR-153/SP;Norte;Colisão Traseira;1;;1;;;;;;;;4;;;;
16/12/2014;09:21:00;45;sem vítima;71,9;BR-153/SP;Norte;Colisão Traseira;2;;;;;;;;;;3;;;;
17/12/2014;18:36:00;120;sem vítima;72;BR-153/SP;Norte;Colisão Traseira;1;;;;;;;;;1;5;;;;
17/12/2014;00:36:00;3;com vítima;337;BR-153/SP;Norte;Colisão Lateral;;;1;;;;;;;1;1;1;;;
18/12/2014;23:05:00;125;sem vítima;268,1;BR-153/SP;Sul;Choque na Praça - Submarino;;;1;;;;;;;;1;;;;
19/12/2014;16:08:00;106;sem vítima;25;BR-153/SP;Sul;Colisão Transversal;1;;;;;;;;;1;4;;;;
19/12/2014;23:00:00;148;com vítima;51,1;BR-153/SP;Norte;Atropelamento  de Pedestre;1;;;;;;;;;;1;;;;1
20/12/2014;14:25:00;92;sem vítima;35,8;BR-153/SP;Sul; INCIDENTE - Choque na Praça - Cancela;;;2;;;;;;;;4;;;;
20/12/2014;15:56:00;104;sem vítima;47;BR-153/SP;Sul;Colisão Transversal;2;;;;;;;;;;5;;;;
20/12/2014;14:04:00;89;sem vítima;48,9;BR-153/SP;Sul;Colisão Traseira;1;;;;;;;;;2;3;;;;
20/12/2014;04:52:00;13;sem vítima;61;BR-153/SP;Norte;Colisão Traseira;2;;;;;;;;;;3;;;;
20/12/2014;22:41:00;153;sem vítima;122,3;BR-153/SP;Norte;Colisão Traseira;2;;;;;;;;;;6;;;;
20/12/2014;21:12:00;142;sem vítima;342,6;BR-153/SP;Norte;Colisão Traseira;1;;1;;;;;;;;5;;;;
21/12/2014;17:14:00;107;com vítima;27;BR-153/SP;Norte;Colisão Transversal;2;;;;;;;;;;2;1;;;
21/12/2014;15:41:00;92;sem vítima;30;BR-153/SP;Norte;Colisão Traseira;1;;;;;;;;;1;4;;;;
21/12/2014;03:40:00;16;sem vítima;61;BR-153/SP;Sul;Saída de Pista;1;;;;;;;;;;1;;;;
21/12/2014;14:56:00;84;sem vítima;98,5;BR-153/SP;Norte;Colisão Traseira;2;;;;;;;;;;5;;;;
21/12/2014;05:33:00;23;com vítima;155;BR-153/SP;Sul;Colisão Transversal;;;1;;;;;;;1;1;4;;;1
21/12/2014;14:58:00;85;com vítima;257;BR-153/SP;Norte;Colisão Traseira;1;;1;;;;;;;;1;3;;;
23/12/2014;11:47:00;61;sem vítima;67,7;BR-153/SP;Norte;Colisão Lateral;1;;1;;;;;;;;2;;;;
23/12/2014;18:11:00;102;sem vítima;205,5;BR-153/SP;Norte;Tombamento;;;;;;;;;;1;3;;;;
24/12/2014;12:50:00;89;sem vítima;343;BR-153/SP;Sul;Colisão Traseira;2;;;;;;;;;;3;;;;
25/12/2014;15:39:00;80;sem vítima;110,1;BR-153/SP;Sul;Choque contra objeto na faixa de rolamento;1;;;;;;;;;;2;;;;
25/12/2014;22:32:00;124;com vítima;260;BR-153/SP;Norte;Colisão Traseira;1;;;1;;;;;;;2;1;;;
26/12/2014;10:17:00;30;com vítima;2;BR-153/SP;Norte;Engavetamento;1;;;;;;;;;2;11;1;;;
26/12/2014;07:25:00;11;sem vítima;169,2;BR-153/SP;Sul;Saída de Pista;1;;;;;;;;;;4;;;;
26/12/2014;18:28:00;76;com vítima;260,8;BR-153/SP;Norte;Colisão Traseira;;;1;1;;;;;;;1;1;;;
26/12/2014;08:17:00;20;sem vítima;342;BR-153/SP;Norte;Colisão Traseira;1;;;;;;;;;1;5;;;;
27/12/2014;09:30:00;44;sem vítima;343;BR-153/SP;Norte;Engavetamento;3;;;;;;;;;;9;;;;
30/12/2014;05:57:00;7;sem vítima;39,1;BR-153/SP;Norte;Colisão Lateral;1;;;;;;;;;1;6;;;;
30/12/2014;17:08:00;69;com vítima;70;BR-153/SP;Sul;Colisão Traseira;1;;;1;;;;;;;2;1;;;
31/12/2014;00:57:00;3;sem vítima;75;BR-153/SP;Sul;Colisão Traseira;1;;;;;1;;;;;6;;;;
01/01/2015;15:27:00;49;com vítima;73,7;BR-153/SP;Sul;Tombamento de Moto;;;;1;;;;;;;0;1;;1;
01/01/2015;16:46:00;51;com vítima;136,7;BR-153/SP;Norte;Colisão Traseira;;;;2;;;;;;;2;2;;;
02/01/2015;21:25:00;96;com vítima;119;BR-153/SP;Sul;Colisão Transversal;1;;1;;1;;;;;;8;2;4;;2
03/01/2015;02:59:00;5;com vítima;62;BR-153/SP;Sul;Colisão Traseira;;;2;;;;;;;;1;1;;;
03/01/2015;17:56:00;81;sem vítima;185;BR-153/SP;Norte;Engavetamento;1;;2;;;;;;;;5;;;;
04/01/2015;01:57:00;6;sem vítima;83,2;BR-153/SP;Sul;Atropelamento de Animal;1;;;;;;;;;;4;;;;
04/01/2015;20:48:00;118;sem vítima;179;BR-153/SP;Norte;Atropelamento de Animal;1;;;;;;;;;;5;;;;
04/01/2015;11:59:00;60;sem vítima;280;BR-153/SP;Norte;Colisão Traseira;2;;;;;;;;;;7;;;;
04/01/2015;17:00:00;82;com vítima;296,6;BR-153/SP;Sul;Colisão Lateral;1;;1;;;;;;;;2;3;;;
04/01/2015;11:32:00;58;sem vítima;341;BR-153/SP;Sul;Engavetamento;5;;;;;;;;;;20;;;;
05/01/2015;16:34:00;106;sem vítima;0,5;BR-153/SP;Norte;Saída de Pista;;;;;1;;;;;;4;;;;
05/01/2015;11:07:00;62;com vítima;70,05;BR-153/SP;Norte;Colisão Transversal;1;1;;;;;;;;;1;1;;;
05/01/2015;15:59:00;101;sem vítima;95,8;BR-153/SP;Norte;Colisão Frontal;1;;1;;;;;;;;2;;;;
07/01/2015;21:56:00;131;com vítima;56;BR-153/SP;Sul;Tombamento de Moto;;;;1;;;;;;;0;1;;;
07/01/2015;12:03:00;65;sem vítima;255;BR-153/SP;Norte;Colisão Traseira;1;;1;;;;;;;;3;;;;
08/01/2015;08:07:00;25;sem vítima;72;BR-153/SP;Norte;Colisão Traseira;1;;;;;;;;;1;7;;;;
08/01/2015;11:15:00;67;sem vítima;342;BR-153/SP;Sul;Colisão Transversal;;;;;;;;;;2;7;;;;
09/01/2015;12:30:00;76;com vítima;27;BR-153/SP;Sul;Tombamento de Moto;;;;1;;;;;;;0;1;;;
10/01/2015;11:36:00;61;sem vítima;73;BR-153/SP;Norte;Colisão Traseira;1;;;;;;;;;1;4;;;;
10/01/2015;20:13:00;125;com vítima;136,5;BR-153/SP;Norte;Outros;;;1;;;;;;;;0;;1;;
10/01/2015;07:48:00;27;sem vítima;284,5;BR-153/SP;Sul;Colisão Lateral;1;;;1;;;;;;;2;;;;
11/01/2015;18:47:00;109;sem vítima;72;BR-153/SP;Norte;Colisão Lateral;1;;;1;;;;;;;3;;;;
11/01/2015;20:33:00;128;com vítima;228,4;BR-153/SP;Norte;Colisão Frontal;1;;;1;;;;;;;4;1;;;1
11/01/2015;15:24:00;83;sem vítima;281;BR-153/SP;Norte;Colisão Traseira;;;1;;;;;;;1;5;;;;
12/01/2015;16:20:00;105;sem vítima;60,5;BR-153/SP;Norte;Colisão Traseira;1;;;;;;;;;1;3;;;;