data;horario;n_da_ocorrencia;tipo_de_ocorrencia;km;trecho;sentido;tipo_de_acidente;automovel;bicicleta;caminhao;moto;onibus;outros;tracao_animal;transporte_de_cargas_especiais;trator_maquinas;utilitarios;ilesos;levemente_feridos;moderadamente_feridos;gravemente_feridos;mortos
02/01/2011;23:04:00;89;com vítima;176,8000030517578;BR-153/SP;Norte;Saída de Pista;1;;;;;;;;;;0;1;;;
03/01/2011;06:06:00;14;sem vítima;120;BR-153/SP;Norte;Saída de Pista;;;;;;;;;;1;1;;;;
03/01/2011;06:24:00;15;sem vítima;339;BR-153/SP;Norte;Saída de Pista;1;;;;;;;;;;2;;;;
03/01/2011;17:32:00;91;sem vítima;39;BR-153/SP;Sul;Saída de Pista;;;;;;;;;;1;1;;;;
04/01/2011;09:38:00;39;com vítima;58,79999923706055;BR-153/SP;Norte;Queda de Moto;;;;1;;;;;;;0;2;;;
05/01/2011;09:52:00;34;sem vítima;34,5;BR-153/SP;Sul;Colisão Traseira;2;;;;;;;;;;4;;;;
05/01/2011;18:18:00;95;com vítima;58;BR-153/SP;Norte;Colisão Transversal;2;;;;;;;;;;0;4;;;
06/01/2011;07:19:00;18;sem vítima;32,70000076293945;BR-153/SP;Sul;Colisão Lateral;1;;1;;;;;;;;3;;;;
06/01/2011;17:38:00;96;com vítima;44;BR-153/SP;Norte;Queda de Moto;;;;1;;;;;;;0;2;;;
06/01/2011;18:33:00;100;sem vítima;47,400001525878906;BR-153/SP;Sul;Saída de Pista;;;;;;;;;;1;2;;;;
06/01/2011;18:58:00;102;sem vítima;93,5;BR-153/SP;Norte;Colisão Traseira;2;;;;;;;;;;3;;;;
07/01/2011;17:09:00;118;sem vítima;61;BR-153/SP;Norte;Queda de Moto;;;;1;;;;;;;1;;;;
07/01/2011;21:10:00;144;com vítima;113,5;BR-153/SP;Sul;Saída de Pista;;;;1;;;;;;;0;;2;;
08/01/2011;00:27:00;5;com vítima;0,20000000298023224;BR-153/SP;Norte;Colisão Frontal;1;;1;;;;;;;;1;;;;1
08/01/2011;00:35:00;7;sem vítima;98;BR-153/SP;Norte;Colisão Lateral;2;;;;;;;;;;2;;;;
08/01/2011;02:37:00;11;sem vítima;27,100000381469727;BR-153/SP;Norte;Colisão Lateral;;;1;;;;;;;;1;;;;
08/01/2011;10:27:00;49;com vítima;75,80000305175781;BR-153/SP;Sul;Colisão Transversal;2;;;;;;;;;;2;1;1;;
08/01/2011;10:32:00;50;sem vítima;99,30000305175781;BR-153/SP;Norte;Colisão Transversal;1;;1;;;;;;;;2;;;;
08/01/2011;11:10:00;52;com vítima;75,80000305175781;BR-153/SP;Sul;Colisão Transversal;2;;;;;;;;;;5;1;;;
08/01/2011;11:44:00;54;com vítima;213;BR-153/SP;Norte;Tombamento;;;1;;;;;;;;1;1;;;
09/01/2011;02:25:00;8;sem vítima;275;BR-153/SP;Norte;Capotamento;;;;;;;;;;1;1;;;;
09/01/2011;05:06:00;12;sem vítima;85;BR-153/SP;Norte;Saída de Pista;1;;;;;;;;;;1;;;;
09/01/2011;09:36:00;36;sem vítima;98,5;BR-153/SP;Norte;Colisão Traseira;2;;;;;;;;;;2;;;;
09/01/2011;14:52:00;78;com vítima;121;BR-153/SP;Norte;Atropelamento  de Pedestre;;;1;;;;;;;;1;;;;1
09/01/2011;18:46:00;92;com vítima;183;BR-153/SP;Norte;Engavetamento;1;;1;;;;;;;1;3;2;;;
09/01/2011;21:04:00;107;com vítima;52;BR-153/SP;Norte;Colisão Transversal;2;;;;;;;;;;2;1;;1;
09/01/2011;23:18:00;117;sem vítima;72;BR-153/SP;Norte;Colisão Lateral;1;;;1;;;;;;;2;;;;
10/01/2011;09:39:00;57;com vítima;70;BR-153/SP;Sul;Colisão Transversal;2;;;;;;;;;;1;3;;;
13/01/2011;09:43:00;35;com vítima;96,0999984741211;BR-153/SP;Norte;Colisão Traseira;2;;1;;;;;;;;2;1;;;
13/01/2011;12:51:00;67;com vítima;70,5;BR-153/SP;Norte;Colisão Frontal;2;;;;;;;;;1;2;2;;1;
13/01/2011;18:42:00;91;sem vítima;88;BR-153/SP;Norte;Colisão Traseira;1;;;;;;;;;1;3;;;;
13/01/2011;21:10:00;108;sem vítima;292,1000061035156;BR-153/SP;Norte;Outros;1;;;;;2;;;;;3;;;;
13/01/2011;21:10:00;122;sem vítima;292,1000061035156;BR-153/SP;Norte;Outros;1;;;;;;;;;;1;;;;
13/01/2011;21:10:00;123;sem vítima;292,1000061035156;BR-153/SP;Norte;Outros;1;;;;;;;;;;1;;;;
13/01/2011;21:10:00;124;sem vítima;292,1000061035156;BR-153/SP;Norte;Outros;;;;;;;;;;1;1;;;;
14/01/2011;09:46:00;36;com vítima;83;BR-153/SP;Sul;Colisão Frontal;1;;1;;;;;;;;2;1;;;
14/01/2011;17:52:00;88;sem vítima;71;BR-153/SP;Norte;Colisão Lateral;2;;;;;;;;;;2;;;;
14/01/2011;19:31:00;94;com vítima;124;BR-153/SP;Sul;Saída de Pista;1;;;;;;;;;;2;1;;;
15/01/2011;18:50:00;96;com vítima;256,8999938964844;BR-153/SP;Norte;Colisão Transversal;2;;;;;;;;;;0;3;;;
15/01/2011;20:53:00;109;sem vítima;42,79999923706055;BR-153/SP;Norte;Colisão Traseira;2;;;;;;;;;;2;;;;
17/01/2011;06:32:00;12;com vítima;83;BR-153/SP;Norte;Saída de Pista;;;1;;;;;;;;1;2;;;
17/01/2011;06:52:00;14;com vítima;82,80000305175781;BR-153/SP;Sul;Colisão Traseira;1;;;;;;;;;1;4;1;;;
17/01/2011;07:01:00;15;sem vítima;83,4000015258789;BR-153/SP;Norte;Colisão Traseira;3;;;;;;;;;;7;;;;
17/01/2011;11:24:00;36;sem vítima;66,5;BR-153/SP;Norte;Colisão Lateral;;;2;;;;;;;;2;;;;
18/01/2011;15:31:00;83;sem vítima;58;BR-153/SP;Norte;Colisão Transversal;1;;1;;;;;;;;6;;;;
19/01/2011;11:21:00;48;com vítima;343;BR-153/SP;Norte;Colisão Lateral;1;;1;;;;;;;;1;3;1;;
19/01/2011;12:21:00;56;com vítima;27;BR-153/SP;Norte;Colisão Transversal;1;;;;;;;;;1;1;2;1;;
19/01/2011;16:59:00;81;sem vítima;64,5;BR-153/SP;Norte;Colisão Traseira;;;;;;;;;;2;2;;;;
19/01/2011;22:57:00;106;sem vítima;93,80000305175781;BR-153/SP;Norte;Tombamento;;;1;;;;;;;;1;;;;
20/01/2011;04:15:00;10;sem vítima;323,5;BR-153/SP;Norte;Saída de Pista;;;1;;;;;;;;1;;;;
20/01/2011;06:21:00;13;com vítima;174;BR-153/SP;Sul;Colisão Transversal;1;;;;1;;;;;;1;;1;;
20/01/2011;06:26:00;14;sem vítima;312,29998779296875;BR-153/SP;Norte;Colisão Lateral;;;2;;;;;;;;2;;;;
20/01/2011;07:23:00;18;com vítima;67,0999984741211;BR-153/SP;Norte;Atropelamento  de Pedestre;1;;;;;;;;;;1;;1;;
20/01/2011;09:14:00;31;com vítima;91;BR-153/SP;Norte;Saída de Pista;1;;;;;;;;;;1;1;;;
20/01/2011;14:16:00;66;sem vítima;340,70001220703125;BR-153/SP;Norte;Colisão Lateral;;;2;;;;;;;;2;;;;
20/01/2011;15:24:00;73;sem vítima;34;BR-153/SP;Norte;Atropelamento de Animal;1;;;;;;;;;;1;;;;
20/01/2011;17:34:00;88;com vítima;34;BR-153/SP;Norte;Queda de Moto;;;;1;;;;;;;0;2;;;
20/01/2011;18:37:00;92;sem vítima;56;BR-153/SP;Norte;Colisão com Objeto Fixo;;;1;;;;;;;;1;;;;
21/01/2011;18:59:00;85;sem vítima;62;BR-153/SP;Norte;Engavetamento;1;;2;;;;;;;;3;;;;
21/01/2011;23:18:00;107;sem vítima;157;BR-153/SP;Norte;Colisão Transversal;1;;1;;;;;;;;2;;;;
22/01/2011;08:15:00;29;sem vítima;48,900001525878906;BR-153/SP;Sul;Colisão Traseira;;;2;;;;;;;;2;;;;
22/01/2011;11:06:00;44;sem vítima;274,3999938964844;BR-153/SP;Sul;Colisão Lateral;;;2;;;;;;;;2;;;;
22/01/2011;16:16:00;80;com vítima;15;BR-153/SP;Sul;Colisão com Objeto Fixo;1;;;;;1;;;;;1;4;;;
22/01/2011;20:21:00;114;com vítima;40;BR-153/SP;Norte;Colisão Traseira;1;;;1;;;;;;;1;;1;;
23/01/2011;06:40:00;20;com vítima;306,1000061035156;BR-153/SP;Sul;Saída de Pista;1;;;;;;;;;;0;2;2;;
23/01/2011;11:19:00;43;com vítima;5;BR-153/SP;Norte;Queda de Moto;;;;1;;;;;;;1;1;;;
23/01/2011;12:31:00;46;sem vítima;12,800000190734863;BR-153/SP;Norte;Saída de Pista;1;;;;;;;;;;5;;;;
23/01/2011;22:13:00;102;com vítima;195,1999969482422;BR-153/SP;Norte;Saída de Pista;1;;;;;;;;;;0;1;1;;
23/01/2011;22:44:00;107;com vítima;113,0999984741211;BR-153/SP;Norte;Colisão Transversal;;;;1;;1;;;;;1;1;;;
23/01/2011;23:39:00;111;com vítima;61;BR-153/SP;Sul;Queda de Moto;;;;1;;;;;;;0;1;;;
24/01/2011;15:16:00;76;sem vítima;107;BR-153/SP;Norte;Colisão Transversal;1;;1;;;;;;;;2;;;;
24/01/2011;17:25:00;83;com vítima;208,5;BR-153/SP;Sul;Queda de Moto;;;;1;;;;;;;0;1;;;
25/01/2011;08:47:00;35;sem vítima;74;BR-153/SP;Norte;Saída de Pista;1;;;;;;;;;;1;;;;
26/01/2011;14:36:00;95;sem vítima;28,299999237060547;BR-153/SP;Sul;Colisão Traseira;2;;;;;;;;;;2;;;;
27/01/2011;05:55:00;16;sem vítima;67;BR-153/SP;Norte;Saída de Pista;;;1;;;;;;;;1;;;;
27/01/2011;08:17:00;24;sem vítima;61;BR-153/SP;Norte;Engavetamento;4;;2;;;;;;;1;7;;;;
27/01/2011;18:50:00;89;com vítima;20,899999618530273;BR-153/SP;Norte;Saída de Pista;1;;;;;;;;;;0;1;;;
28/01/2011;03:10:00;13;com vítima;21,100000381469727;BR-153/SP;Norte;Saída de Pista;1;;;;;;;;;;0;2;;;
29/01/2011;13:07:00;56;com vítima;97,5;BR-153/SP;Norte;Colisão Transversal;1;;;;;1;;;;;1;;1;;
30/01/2011;03:01:00;7;sem vítima;221;BR-153/SP;Norte;Capotamento;1;;;;;;;;;;1;;;;
30/01/2011;21:58:00;154;sem vítima;195;BR-153/SP;Norte;Saída de Pista;1;;;;;;;;;;1;;;;
31/01/2011;09:10:00;36;sem vítima;51,5;BR-153/SP;Norte;Colisão Traseira;2;;;;;;;;;;3;;;;
31/01/2011;14:31:00;73;com vítima;59;BR-153/SP;Norte;Colisão Traseira;2;;;;;;;;;1;2;1;;;
31/01/2011;21:36:00;113;sem vítima;345,29998779296875;BR-153/SP;Sul;Saída de Pista;1;;;;;;;;;;1;;;;
01/12/2013;07:07:00;25;com vítima;339,42;BR-153/SP;Norte;Tombamento de Moto;;;;1;;;;;;;0;2;;;
01/12/2013;12:01:00;65;sem vítima;160,5;BR-153/SP;Sul;Capotamento;2;;;;;;;;;;3;;;;
01/12/2013;19:58:00;109;com vítima;30,8;BR-153/SP;Sul;Saída de Pista;;;;;;;;;;1;0;;;1;
01/12/2013;21:56:00;125;com vítima;258,7;BR-153/SP;Norte;Colisão Frontal;1;;2;1;;;;;;;2;1;1;1;
02/12/2013;07:52:00;27;com vítima;73,8;BR-153/SP;Norte;Colisão Lateral;;;1;1;;;;;;;0;3;;;
02/12/2013;08:02:00;32;sem vítima;72,95;BR-153/SP;Norte;Engavetamento;3;;;;;;;;;;3;;;;
02/12/2013;15:54:00;96;com vítima;71;BR-153/SP;Norte;Colisão Transversal;1;;;1;;;;;;;1;2;;;
02/12/2013;19:32:00;122;sem vítima;42;BR-153/SP;Sul;Colisão Traseira;;;2;;;;;;;;2;;;;
03/12/2013;06:53:00;21;com vítima;3,4;BR-153/SP;Sul;Colisão Transversal;1;;;1;;;;;;;0;3;;1;
05/12/2013;00:55:00;6;com vítima;59;BR-153/SP;Norte;Tombamento de Moto;;;;1;;;;;;;0;2;;;
05/12/2013;10:43:00;68;sem vítima;35;BR-153/SP;Norte;Colisão Lateral;;;1;;;;;;;1;2;;;;
05/12/2013;10:51:00;69;sem vítima;227;BR-153/SP;Norte;Colisão Lateral;2;;;;;;;;;;2;;;;
05/12/2013;15:14:00;101;sem vítima;344;BR-153/SP;Norte;Tombamento;;;1;;;;;;;;2;;;;
05/12/2013;21:39:00;164;sem vítima;97;BR-153/SP;Norte;Choque contra objeto na faixa de rolamento;1;;;;;;;;;1;2;;;;
05/12/2013;22:03:00;167;com vítima;59;BR-153/SP;Norte;Colisão Transversal;1;;;1;;;;;;;2;1;;;
06/12/2013;03:49:00;17;sem vítima;64;BR-153/SP;Norte;Saída de Pista;1;;;;;;;;;;1;;;;
06/12/2013;07:48:00;32;sem vítima;62;BR-153/SP;Norte;Engavetamento;;;2;;;;;;;2;4;;;;
06/12/2013;10:46:00;69;sem vítima;268;BR-153/SP;Sul;Colisão Traseira;1;;;;;;;;;1;5;;;;
06/12/2013;18:02:00;118;sem vítima;73;BR-153/SP;Sul;Colisão Lateral;1;;1;;;;;;;;3;;;;
06/12/2013;21:58:00;143;sem vítima;77,5;BR-153/SP;Sul;Atropelamento de Animal;1;;;;;;;;;;5;;;;
07/12/2013;01:10:00;5;com vítima;274,5;BR-153/SP;Norte;Tombamento;;;1;;;;;;;;0;1;2;;
07/12/2013;07:06:00;20;com vítima;64;BR-153/SP;Sul;Tombamento de Moto;;;;1;;;;;;;0;1;;;
07/12/2013;09:14:00;37;sem vítima;323;BR-153/SP;Sul;Colisão Traseira;1;;1;;;;;;;;2;;;;
07/12/2013;15:04:00;72;sem vítima;42;BR-153/SP;Sul;Colisão Traseira;1;;;;;1;;;;;3;;;;
07/12/2013;18:16:00;84;sem vítima;1;BR-153/SP;Norte;Saída de Pista;1;;;;;;;;;;1;;;;
07/12/2013;18:48:00;93;com vítima;93;BR-153/SP;Norte;Colisão Lateral;2;;;;;;;;;;5;1;;;
07/12/2013;19:02:00;95;com vítima;106;BR-153/SP;Norte;Colisão Traseira;2;;;;;;;;;;1;3;;;
07/12/2013;23:59:00;122;sem vítima;41;BR-153/SP;Sul;Colisão Traseira;1;;;;;;;;;1;8;;;;
08/12/2013;02:40:00;5;com vítima;161;BR-153/SP;Sul;Saída de Pista;1;;;;;;;;;;0;1;;;
08/12/2013;08:55:00;35;com vítima;30;BR-153/SP;Sul;Colisão Lateral;1;;1;;;;;;;;3;1;1;;
08/12/2013;16:41:00;82;sem vítima;6;BR-153/SP;Norte;Saída de Pista;;;1;;;;;;;;1;;;;
09/12/2013;22:48:00;135;sem vítima;44;BR-153/SP;Norte;Colisão Transversal;2;;;;;;;;;;8;;;;
10/12/2013;07:02:00;15;sem vítima;26,7;BR-153/SP;Sul;Colisão Frontal;;;2;;;;;;;;3;;;;
10/12/2013;07:14:00;22;sem vítima;255,9;BR-153/SP;Norte;Colisão Traseira;;;;1;1;;;;;;3;;;;
10/12/2013;10:46:00;46;sem vítima;258,3;BR-153/SP;Sul;Colisão Lateral;1;;1;;;;;;;;2;;;;
10/12/2013;17:36:00;97;sem vítima;154;BR-153/SP;Norte;Colisão Lateral;1;;;;;;;;;1;8;;;;
11/12/2013;15:01:00;81;sem vítima;109;BR-153/SP;Norte;Colisão Traseira;1;;1;;;;;;;;4;;;;
11/12/2013;16:19:00;90;sem vítima;99;BR-153/SP;Sul;Colisão Transversal;;;;;;;;;;2;6;;;;
11/12/2013;17:32:00;99;com vítima;64;BR-153/SP;Norte;Colisão Transversal;1;;1;1;;;;;;;3;1;1;;
12/12/2013;09:29:00;59;com vítima;339,2;BR-153/SP;Sul;Colisão Transversal;1;;;1;;;;;;;1;1;;;
12/12/2013;16:50:00;117;com vítima;86,5;BR-153/SP;Norte;Colisão Traseira;;;;1;;1;;;;;1;1;;;
12/12/2013;18:06:00;124;sem vítima;35,8;BR-153/SP;Norte;Colisão Lateral;1;;;;;;;;;1;4;;;;
13/12/2013;08:40:00;46;sem vítima;71;BR-153/SP;Norte;Colisão Traseira;2;;;;;;;;;;3;;;;
13/12/2013;11:17:00;68;com vítima;215,8;BR-153/SP;Norte;Atropelamento  de Pedestre;1;;;;;;;;;;3;;1;;
13/12/2013;18:18:00;120;sem vítima;156,3;BR-153/SP;Sul;Colisão Traseira;1;;;;1;;;;;;12;;;;
13/12/2013;22:42:00;152;com vítima;107;BR-153/SP;Norte;Colisão Transversal;2;;;;;;;;;;1;1;;;
14/12/2013;00:16:00;2;com vítima;141;BR-153/SP;Sul;Saída de Pista;1;;;;;;;;;;0;1;;;
14/12/2013;08:47:00;39;sem vítima;66;BR-153/SP;Sul;Colisão Transversal;1;;1;;;;;;;;2;;;;
14/12/2013;18:34:00;93;sem vítima;75;BR-153/SP;Norte;Saída de Pista;1;;;;;;;;;;1;;;;
14/12/2013;23:40:00;122;sem vítima;56;BR-153/SP;Norte;Saída de Pista;;;;;2;;;;;;32;;;;
15/12/2013;05:14:00;13;sem vítima;95;BR-153/SP;Sul;Saída de Pista;;;1;;;;;;;;1;;;;
15/12/2013;19:49:00;87;com vítima;70;BR-153/SP;Norte;Colisão Traseira;1;;;1;;;;;;;2;2;;;
16/12/2013;08:47:00;41;sem vítima;42;BR-153/SP;Norte;Colisão Traseira;2;;;;;;;;;;2;;;;
17/12/2013;09:55:00;64;sem vítima;98;BR-153/SP;Norte;Colisão Traseira;1;;1;;;;;;;;2;;;;
18/12/2013;06:48:00;12;sem vítima;262,4;BR-153/SP;Sul;Colisão Lateral;1;;;;;;;;;1;4;;;;
18/12/2013;07:21:00;24;com vítima;257,2;BR-153/SP;Norte;Colisão Traseira;1;;;1;;;;;;;1;1;;;
18/12/2013;15:12:00;92;sem vítima;30;BR-153/SP;Norte;Colisão Traseira;2;;;;;;;;;;2;;;;
18/12/2013;18:29:00;112;sem vítima;71;BR-153/SP;Sul;Colisão Transversal;1;;;1;;;;;;;2;;;;
18/12/2013;22:57:00;142;com vítima;72;BR-153/SP;Norte;Colisão Lateral;;;1;1;;;;;;;1;1;;;
19/12/2013;07:39:00;31;sem vítima;35,8;BR-153/SP;Sul;Colisão Traseira;;;1;;;;;;;1;3;;;;
19/12/2013;08:12:00;39;com vítima;256,25;BR-153/SP;Norte;Atropelamento  de Pedestre;;;;1;;;;;;;1;1;;;
19/12/2013;17:29:00;128;sem vítima;3,3;BR-153/SP;Sul;Colisão Traseira;;;2;;;;;;;;2;;;;
20/12/2013;16:26:00;103;sem vítima;264;BR-153/SP;Norte;Colisão Traseira;1;;;;;;;;;1;2;;;;
20/12/2013;16:47:00;104;com vítima;62;BR-153/SP;Sul;Colisão Traseira;1;;;;;;;;;1;1;1;;;
20/12/2013;18:22:00;113;sem vítima;96;BR-153/SP;Norte;Colisão Traseira;2;;;;;;;;;;5;;;;
20/12/2013;18:59:00;120;sem vítima;58;BR-153/SP;Sul;Colisão Transversal;2;;;;;;;;;;2;;;;
20/12/2013;19:32:00;125;com vítima;302,5;BR-153/SP;Norte;Colisão Transversal;1;;;1;;;;;;;1;;1;;
21/12/2013;02:55:00;8;com vítima;274,3;BR-153/SP;Norte;Tombamento;;;1;;;;;;;;0;1;;;
21/12/2013;09:43:00;34;sem vítima;35;BR-153/SP;Norte;Colisão Traseira;1;;;;;1;;;;;4;;;;
21/12/2013;11:55:00;51;sem vítima;268;BR-153/SP;Norte;Colisão Lateral;1;;1;;;;;;;;4;;;;
21/12/2013;15:58:00;77;sem vítima;183,8;BR-153/SP;Norte;Colisão Traseira;1;;;;;1;;;;;2;;;;
21/12/2013;20:03:00;109;com vítima;161;BR-153/SP;Norte;Colisão Transversal;2;;;;;;;;;;2;1;;;
21/12/2013;21:23:00;122;com vítima;195,1;BR-153/SP;Sul;Tombamento de Moto;;;;1;;;;;;;0;1;;;
22/12/2013;01:07:00;3;sem vítima;15,2;BR-153/SP;Norte;Saída de Pista;1;;;;;;;;;;1;;;;
22/12/2013;06:02:00;19;com vítima;273,8;BR-153/SP;Sul;Colisão Traseira;;;;1;;1;;;;;1;2;;;
22/12/2013;07:44:00;27;sem vítima;273,8;BR-153/SP;Sul;Colisão Lateral;1;;;;;1;;;;;2;;;;
22/12/2013;08:43:00;36;sem vítima;85;BR-153/SP;Norte;Colisão Transversal;2;;;;;;;;;;4;;;;
22/12/2013;07:44:00;37;sem vítima;273,8;BR-153/SP;Sul;Colisão Traseira;1;;;;;;;;;1;2;;;;
22/12/2013;16:20:00;76;com vítima;67,7;BR-153/SP;Norte;Capotamento;;;;;;;;;;1;0;;;;1
22/12/2013;18:02:00;84;com vítima;71;BR-153/SP;Norte;Colisão Frontal;2;;;;;;;;;;0;3;1;;
22/12/2013;23:19:00;107;com vítima;5,9;BR-153/SP;Norte;Saída de Pista;1;;;;;;;;;;2;1;;;
23/12/2013;10:48:00;57;sem vítima;56;BR-153/SP;Norte;Colisão Transversal;2;;;;;;;;;;5;;;;
23/12/2013;18:12:00;82;sem vítima;229,1;BR-153/SP;Sul;Colisão Lateral;;;2;;;;;;;;2;;;;
24/12/2013;20:09:00;102;sem vítima;185,2;BR-153/SP;Norte;Tombamento de Moto;;;;1;;;;;;;2;;;;
25/12/2013;04:29:00;7;com vítima;72,1;BR-153/SP;Sul;Colisão Transversal;2;;;;;;;;;;1;1;1;;
25/12/2013;06:42:00;14;com vítima;286,4;BR-153/SP;Norte;Saída de Pista;1;;;;;;;;;;3;1;;;
25/12/2013;22:31:00;93;sem vítima;183,8;BR-153/SP;Norte;Colisão Traseira;1;;;1;;;;;;;2;;;;
27/12/2013;11:17:00;52;sem vítima;93;BR-153/SP;Sul;Colisão Traseira;;;1;;;1;;;;;3;;;;
28/12/2013;01:13:00;5;com vítima;35,8;BR-153/SP;Norte;Colisão Traseira;2;;;;;;;;;;6;1;;;
28/12/2013;05:00:00;11;sem vítima;330;BR-153/SP;Norte;Colisão Transversal;;;;;;1;;;;1;2;;;;
28/12/2013;17:31:00;84;sem vítima;59;BR-153/SP;Sul;Colisão Transversal;2;;;;;;;;;;4;;;;
28/12/2013;20:36:00;106;com vítima;47;BR-153/SP;Sul;Colisão Lateral;;;;1;;1;;;;;1;;;1;
29/12/2013;11:51:00;46;sem vítima;161;BR-153/SP;Norte;Colisão Transversal;2;;;;;;;;;;7;;;;
30/12/2013;17:09:00;68;sem vítima;65;BR-153/SP;Norte;Colisão Traseira;1;;1;;;;;;;;2;;;;
30/12/2013;21:28:00;96;com vítima;266,9;BR-153/SP;Sul;Colisão Traseira;;;2;;;;;;;;1;2;;;
31/12/2013;10:51:00;40;com vítima;42;BR-153/SP;Norte;Colisão Lateral;;;1;;1;;;;;;2;1;;;
31/12/2013;14:47:00;52;com vítima;64;BR-153/SP;Norte;Tombamento de Moto;;;;1;;;;;;;0;1;;;
01/01/2016;15:07:00;54;sem vítima;61;BR-153/SP;Sul;Choque contra Objeto Fixo;1;;;;;;;;;;3;;;;
01/01/2016;12:53:00;43;com vítima;280;BR-153/SP;Norte;Colisão Transversal;1;;;1;;;;;;;5;;1;;
02/01/2016;00:31:00;3;sem vítima;27,7;BR-153/SP;Norte;Saída de Pista;1;;;;;;;;;;1;;;;
02/01/2016;16:24:00;69;com vítima;291,8;BR-153/SP;Norte;Capotamento;1;;;;;;;;;;0;4;;;
03/01/2016;10:09:00;33;com vítima;58;BR-153/SP;Sul;Colisão Transversal;1;;;1;;;;;;;5;1;;;
04/01/2016;00:06:00;1;sem vítima;16;BR-153/SP;Norte;Colisão Traseira;1;;1;;;;;;;;2;;;;
04/01/2016;07:28:00;28;com vítima;64;BR-153/SP;Norte;Tombamento de Moto;;;;1;;;;;;;1;1;;;
05/01/2016;15:45:00;91;sem vítima;58;BR-153/SP;Norte;Colisão Transversal;1;;;1;;;;;;;2;;;;
06/01/2016;13:18:00;77;com vítima;58;BR-153/SP;Norte;Colisão Transversal;;;1;1;;;;;;;1;;2;;
07/01/2016;09:16:00;40;com vítima;60;BR-153/SP;Norte;Tombamento de Moto;;;;1;;;;;;;0;1;;;
07/01/2016;10:20:00;53;sem vítima;161;BR-153/SP;Norte;Atropelamento - Animal;1;;;;;;;;;;4;;;;
07/01/2016;16:42:00;95;sem vítima;300;BR-153/SP;Norte;Colisão Traseira;1;;1;;;;;;;;2;;;;
08/01/2016;22:05:00;124;sem vítima;19;BR-153/SP;Sul;Atropelamento - Animal;;;1;;;;;;;;1;;;;
09/01/2016;18:01:00;87;com vítima;18;BR-153/SP;Sul;Colisão Traseira;;;2;;;;;;;;1;;1;;
09/01/2016;04:18:00;12;sem vítima;64;BR-153/SP;Norte;Saída de Pista;1;;;;;;;;;;1;;;;
09/01/2016;15:12:00;71;sem vítima;90;BR-153/SP;Sul;Colisão Traseira;1;;1;;;;;;;;5;;;;
09/01/2016;21:33:00;104;com vítima;201,5;BR-153/SP;Sul;Colisão Traseira;2;;;;;;;;;;0;;2;;
10/01/2016;01:03:00;5;com vítima;113,6;BR-153/SP;Norte;Tombamento de Moto;;;;1;;;;;;;0;1;;;
10/01/2016;19:14:00;97;sem vítima;174;BR-153/SP;Sul;Colisão Traseira;2;;;;;;;;;;7;;;;
10/01/2016;15:42:00;77;sem vítima;183,8;BR-153/SP;Norte;Choque contra Objeto Fixo;;;1;;;;;;;;1;;;;
10/01/2016;17:53:00;90;sem vítima;183,8;BR-153/SP;Norte;Colisão Traseira;;;1;;;;;;;1;3;;;;
11/01/2016;19:35:00;102;sem vítima;46;BR-153/SP;Sul;Colisão Traseira;1;;;;;1;;;;;2;;;;
11/01/2016;17:22:00;83;com vítima;58;BR-153/SP;Sul;Colisão Transversal;1;;;;1;;;;;;1;4;;;
11/01/2016;20:56:00;115;com vítima;66;BR-153/SP;Norte;Colisão Frontal;2;;;;;;;;;;2;4;;;
11/01/2016;18:39:00;93;com vítima;72;BR-153/SP;Norte;Colisão Transversal;1;;1;;;;;;;;1;;1;1;
11/01/2016;10:45:00;32;sem vítima;205,8;BR-153/SP;Norte;Saída de Pista;1;;;;;;;;;;1;;;;
11/01/2016;04:20:00;6;sem vítima;340,1;BR-153/SP;Sul;Saída de Pista;;;;;1;;;;;;35;;;;
12/01/2016;06:56:00;16;sem vítima;72;BR-153/SP;Norte;Colisão Transversal;2;;;;;;;;;;4;;;;
12/01/2016;06:08:00;11;sem vítima;87;BR-153/SP;Norte;Choque contra objeto na faixa de rolamento;1;;;;;;;;;;1;;;;
13/01/2016;21:47:00;159;sem vítima;56;BR-153/SP;Norte;Colisão Traseira;2;;;;;;;;;;2;;;;
14/01/2016;21:46:00;149;sem vítima;25,8;BR-153/SP;Norte;Saída de Pista;;;;;;;;;;1;2;;;;
14/01/2016;23:31:00;159;sem vítima;148;BR-153/SP;Sul;Atropelamento - Animal;1;;;;;;;;;;3;;;;
14/01/2016;18:47:00;129;sem vítima;210;BR-153/SP;Norte;Engavetamento;3;;;;;;;;;;6;;;;
15/01/2016;07:45:00;22;com vítima;75;BR-153/SP;Norte;Tombamento de Moto;;;;1;;;;;;;0;1;;;