data;horario;n_da_ocorrencia;tipo_de_ocorrencia;km;trecho;sentido;tipo_de_acidente;automovel;bicicleta;caminhao;moto;onibus;outros;tracao_animal;transporte_de_cargas_especiais;trator_maquinas;utilitarios;ilesos;levemente_feridos;moderadamente_feridos;gravemente_feridos;mortos
25/04/2016;17:47:00;113;com vítima;256,4;BR-153/SP;Norte;Atropelamento - Animal;;;;1;;;;;;;0;2;;;
25/04/2016;18:37:00;119;sem vítima;80;BR-153/SP;Sul;Choque contra objeto na faixa de rolamento;1;;;;;;;;;;2;;;;
26/04/2016;05:57:00;11;com vítima;120;BR-153/SP;Norte;Colisão Frontal;;;;2;;;;;;;1;1;;;
26/04/2016;10:48:00;46;sem vítima;55;BR-153/SP;Norte;Colisão Traseira;1;;;;;;;;;1;2;;;;
26/04/2016;11:32:00;52;com vítima;23;BR-153/SP;Sul;Engavetamento;1;;2;;;;;;;;2;1;;;
26/04/2016;13:43:00;57;sem vítima;62,3;BR-153/SP;Sul;Engavetamento;5;;;;;;;;;2;11;;;;
26/04/2016;13:59:00;60;sem vítima;61;BR-153/SP;Sul;Engavetamento;3;;;;;;;;;;3;;;;
26/04/2016;14:21:00;62;sem vítima;62,1;BR-153/SP;Sul;Colisão Traseira;2;;;;;;;;;;2;;;;
26/04/2016;16:12:00;70;sem vítima;265;BR-153/SP;Sul;Saída de Pista;1;;;;;;;;;;2;;;;
26/04/2016;16:21:00;72;com vítima;60;BR-153/SP;Norte;Colisão Lateral;;;;1;;1;;;;;1;1;;;
26/04/2016;18:35:00;81;sem vítima;63;BR-153/SP;Sul;Engavetamento;3;;;;;;;;;;3;;;;
26/04/2016;18:50:00;83;sem vítima;289;BR-153/SP;Sul;Colisão Traseira;1;;;;;;;;;1;4;;;;
26/04/2016;18:59:00;84;com vítima;64;BR-153/SP;Norte;Colisão Traseira;;;;1;;;;;;1;2;;1;;
28/04/2016;04:37:00;12;sem vítima;80,7;BR-153/SP;Norte;Atropelamento - Animal;;;1;;;;;;;;2;;;;
28/04/2016;07:42:00;32;sem vítima;62;BR-153/SP;Sul;Engavetamento;;;1;;;1;;;;1;3;;;;
28/04/2016;07:58:00;36;sem vítima;79,9;BR-153/SP;Norte;Saída de Pista;1;;;;;;;;;;3;;;;
28/04/2016;08:43:00;54;com vítima;205,8;BR-153/SP;Norte;Colisão Traseira;;;;1;;;;;;1;1;;1;;
28/04/2016;18:44:00;123;sem vítima;72;BR-153/SP;Sul;Colisão Lateral;1;;;1;;;;;;;3;;;;
29/04/2016;12:13:00;87;com vítima;258,9;BR-153/SP;Norte;Tombamento de Moto;;;;1;;;;;;;0;1;;;
29/04/2016;14:15:00;93;sem vítima;222;BR-153/SP;Norte;Saída de Pista;1;;;;;;;;;;1;;;;
29/04/2016;15:55:00;106;com vítima;162,7;BR-153/SP;Norte;Colisão Traseira;1;;;1;;;;;;;1;1;;;
29/04/2016;16:17:00;110;sem vítima;107,2;BR-153/SP;Norte;Tombamento;;;1;;;;;;;;1;;;;
30/04/2016;08:47:00;27;com vítima;188,4;BR-153/SP;Norte;Colisão Lateral;;;;1;;;;;;1;1;;1;;
30/04/2016;11:46:00;46;sem vítima;70;BR-153/SP;Norte;Colisão Traseira;1;;;;;;;;;1;2;;;;
30/04/2016;19:46:00;97;sem vítima;56;BR-153/SP;Norte;Engavetamento;2;;;;;1;;;;;3;;;;
01/05/2016;03:33:00;5;com vítima;174;BR-153/SP;Norte;Tombamento de Moto;;;;1;;;;;;;0;2;;;
02/05/2016;15:53:00;102;sem vítima;84,2;BR-153/SP;Norte;Colisão Lateral;1;;;;;;;;;1;6;;;;
02/05/2016;16:33:00;109;sem vítima;82;BR-153/SP;Sul;Colisão Transversal;;;;;;;;;;2;2;;;;
02/05/2016;18:27:00;128;sem vítima;325;BR-153/SP;Norte;Colisão Traseira;1;;;;;1;;;;;4;;;;
03/05/2016;08:33:00;49;com vítima;56,8;BR-153/SP;Norte;Colisão Frontal;2;;;1;;;;;;;5;;;;1
04/05/2016;20:00:00;107;sem vítima;268,1;BR-153/SP;Norte;Choque na Praça - Cabine;;;1;;;;;;;;1;;;;
06/05/2016;08:35:00;25;sem vítima;53;BR-153/SP;Norte;Colisão Transversal;1;;1;;;;;;;;2;;;;
06/05/2016;17:07:00;89;sem vítima;59;BR-153/SP;Sul;Tombamento de Moto;;;;1;;;;;;;2;;;;
06/05/2016;19:25:00;114;sem vítima;65;BR-153/SP;Norte;Colisão Traseira;1;;;;;;;;;1;4;;;;
07/05/2016;04:24:00;10;com vítima;54,6;BR-153/SP;Sul;Colisão Frontal;3;;;;;;;;;;3;2;;;
07/05/2016;04:33:00;12;sem vítima;72;BR-153/SP;Norte;Saída de Pista;;;;;;;;;;1;1;;;;
07/05/2016;08:57:00;32;sem vítima;48,9;BR-153/SP;Norte;Colisão Traseira;1;;1;;1;;;;;;30;;;;
08/05/2016;06:31:00;9;sem vítima;63;BR-153/SP;Norte;Saída de Pista;1;;;;;;;;;;1;;;;
08/05/2016;12:04:00;38;com vítima;226;BR-153/SP;Norte;Colisão Frontal;1;;1;;;;;;;;1;;;;1
08/05/2016;15:09:00;57;com vítima;60;BR-153/SP;Norte;Tombamento de Moto;;;;1;;;;;;;0;1;;;
09/05/2016;04:38:00;15;sem vítima;170,4;BR-153/SP;Sul;Colisão Lateral;1;;1;;;;;;;;2;;;;
10/05/2016;04:50:00;6;sem vítima;31;BR-153/SP;Sul;Colisão Transversal;1;;;;;;;;;1;5;;;;
10/05/2016;07:37:00;16;sem vítima;56;BR-153/SP;Norte;Colisão Traseira;1;;1;;;;;;;;4;;;;
10/05/2016;08:52:00;29;sem vítima;338;BR-153/SP;Sul;Saída de Pista;1;;;;;;;;;;1;;;;
10/05/2016;10:51:00;48;sem vítima;120;BR-153/SP;Norte;Colisão Traseira;1;;1;;;;;;;;2;;;;
11/05/2016;08:06:00;21;sem vítima;64;BR-153/SP;Sul;Colisão Traseira;2;;;;;;;;;;3;;;;
11/05/2016;09:12:00;34;com vítima;39;BR-153/SP;Sul;Colisão Traseira;1;;;1;;;;;;;2;1;1;;
12/05/2016;07:58:00;26;com vítima;73;BR-153/SP;Norte;Engavetamento;3;;;;;;;;;;5;1;;;
12/05/2016;18:42:00;99;sem vítima;63;BR-153/SP;Norte;Engavetamento;3;;;;;;;;;;5;;;;
12/05/2016;19:23:00;102;com vítima;57,9;BR-153/SP;Norte;Choque contra objeto na faixa de rolamento;;;;1;;;;;;;0;1;;;
13/05/2016;08:24:00;24;sem vítima;71;BR-153/SP;Sul;Colisão Traseira;;;1;;;1;;;;;4;;;;
13/05/2016;16:18:00;75;sem vítima;63,7;BR-153/SP;Norte;Colisão Traseira;1;;;;;;;;;1;2;;;;
14/05/2016;08:00:00;17;sem vítima;8,3;BR-153/SP;Norte;Saída de Pista;1;;;;;;;;;;1;;;;
15/05/2016;02:26:00;5;com vítima;330;BR-153/SP;Sul;Colisão Traseira;1;;;;;;;;;1;1;1;1;;
16/05/2016;07:03:00;16;sem vítima;63;BR-153/SP;Norte;Colisão Traseira;2;;;;;;;;;;2;;;;
16/05/2016;10:41:00;54;com vítima;74,6;BR-153/SP;Sul;Colisão Lateral;1;;;1;;;;;;;1;1;;;
17/05/2016;00:20:00;2;sem vítima;55;BR-153/SP;Norte;Choque contra objeto na faixa de rolamento;1;;;;;1;;;;1;4;;;;
17/05/2016;07:35:00;14;com vítima;162;BR-153/SP;Norte;Colisão Transversal;2;;;;;;;;;;1;2;;;
17/05/2016;19:08:00;114;sem vítima;32;BR-153/SP;Sul;Colisão Traseira;1;;;;;;;;;1;7;;;;
19/05/2016;03:20:00;9;com vítima;70;BR-153/SP;Sul;Capotamento;;;;;;1;;;;1;1;1;;;
19/05/2016;08:33:00;43;sem vítima;338;BR-153/SP;Norte;Saída de Pista;1;;;;;;;;;;1;;;;
19/05/2016;09:55:00;61;sem vítima;58,75;BR-153/SP;Norte;Colisão Transversal;2;;;;;;;;;;2;;;;
19/05/2016;18:20:00;136;com vítima;333,6;BR-153/SP;Sul;Colisão Frontal;2;;1;;;;;;;;2;;1;;1
19/05/2016;18:47:00;139;com vítima;71;BR-153/SP;Sul;Engavetamento;2;;;;;;;;;1;5;1;;;
19/05/2016;21:42:00;156;com vítima;58;BR-153/SP;Norte;Colisão Transversal;1;;;1;;;;;;;3;1;1;;
19/05/2016;23:59:00;165;com vítima;117;BR-153/SP;Norte;Atropelamento - Animal;;;;;;;;;;1;0;;1;1;
20/05/2016;05:44:00;13;sem vítima;82;BR-153/SP;Norte;Colisão Traseira;;;;;;1;;;;1;2;;;;
20/05/2016;07:28:00;18;sem vítima;51;BR-153/SP;Norte;Colisão Lateral;2;;;;1;;;;;;3;;;;
20/05/2016;07:47:00;22;com vítima;58,3;BR-153/SP;Norte;Tombamento de Moto;;;1;1;;;;;;;1;2;;;
20/05/2016;14:00:00;100;sem vítima;87;BR-153/SP;Sul;Saída de Pista;;;1;;;;;;;;2;;;;
20/05/2016;17:34:00;143;com vítima;113,3;BR-153/SP;Sul;Choque contra objeto na faixa de rolamento;1;;;;;;;;;;1;1;;;
20/05/2016;19:17:00;153;sem vítima;103,5;BR-153/SP;Sul;Colisão Traseira;2;;;;;;;;;;3;;;;
21/05/2016;02:35:00;6;com vítima;323;BR-153/SP;Norte;Saída de Pista;1;;;;;;;;;;0;1;;;
21/05/2016;03:38:00;7;sem vítima;64;BR-153/SP;Sul;Saída de Pista;1;;;;;;;;;;1;;;;
21/05/2016;23:49:00;107;com vítima;74;BR-153/SP;Sul;Colisão Frontal;2;;;;;;;;;;1;2;;;
23/05/2016;12:38:00;68;com vítima;57;BR-153/SP;Norte;Tombamento de Moto;;;;1;;;;;;;1;1;;;
23/05/2016;16:14:00;95;sem vítima;70,3;BR-153/SP;Norte;Colisão Traseira;1;;;;;;;;;1;3;;;;
23/05/2016;18:34:00;116;sem vítima;59,2;BR-153/SP;Norte;Colisão Traseira;2;;;;;;;;;;2;;;;
24/05/2016;10:53:00;46;sem vítima;195,1;BR-153/SP;Sul;Colisão Lateral;;;;;1;;;;;1;6;;;;
24/05/2016;14:05:00;64;com vítima;36;BR-153/SP;Norte;Saída de Pista;;;;1;;;;;;;1;1;;;
25/05/2016;06:40:00;12;com vítima;58;BR-153/SP;Norte;Colisão Transversal;;;;1;;;;;;1;1;1;;;
25/05/2016;07:31:00;17;com vítima;62;BR-153/SP;Sul;Engavetamento;4;;;;;;;;;;2;3;;;
25/05/2016;16:58:00;107;sem vítima;62;BR-153/SP;Norte;Colisão Traseira;1;;;;;;;;;1;2;;;;
25/05/2016;17:53:00;120;com vítima;114;BR-153/SP;Norte;Colisão Frontal;1;;1;;;;;;;;1;;;1;
25/05/2016;18:15:00;121;sem vítima;62;BR-153/SP;Norte;Colisão Traseira;1;;;;;;;;;1;2;;;;
26/05/2016;21:37:00;92;com vítima;184;BR-153/SP;Sul;Colisão Traseira;1;;;;;1;;;;;1;1;1;;
27/05/2016;04:32:00;11;com vítima;14,8;BR-153/SP;Sul;Saída de Pista;1;;;;;;;;;;0;;;;1
28/05/2016;02:06:00;3;sem vítima;71;BR-153/SP;Norte;Saída de Pista;1;;;;;;;;;;2;;;;
28/05/2016;03:58:00;5;com vítima;2,5;BR-153/SP;Sul;Saída de Pista;;;;;;;;;;1;0;1;;;
28/05/2016;10:47:00;41;sem vítima;46;BR-153/SP;Sul;Saída de Pista;1;;;;;;;;;;1;;;;
28/05/2016;22:35:00;88;com vítima;97;BR-153/SP;Norte;Saída de Pista;1;;;;;;;;;;1;1;;;
29/05/2016;09:38:00;14;sem vítima;67,8;BR-153/SP;Norte;Colisão Traseira;1;;1;;;1;;;;;3;;;;
29/05/2016;18:12:00;63;sem vítima;71;BR-153/SP;Norte;Engavetamento;3;;;;;;;;;1;11;;;;
29/05/2016;20:02:00;71;sem vítima;56;BR-153/SP;Sul;Choque contra Objeto Fixo;1;;;;;;;;;;1;;;;
30/05/2016;15:48:00;82;com vítima;321;BR-153/SP;Norte;Colisão Transversal;;;;;;;;;;2;4;1;;;
30/05/2016;17:53:00;99;sem vítima;169;BR-153/SP;Sul;Atropelamento - Animal;;;;;;;;;;1;1;;;;
30/05/2016;20:55:00;116;sem vítima;102,4;BR-153/SP;Norte;Colisão Transversal;2;;;;;;;;;;5;;;;
31/05/2016;08:28:00;29;com vítima;62;BR-153/SP;Sul;Engavetamento;4;;;;;;;;;1;5;1;;;
31/05/2016;09:56:00;47;com vítima;77,1;BR-153/SP;Sul;Choque contra veículo no acostamento;2;;;;;;;;;;0;2;1;;
31/05/2016;22:16:00;124;com vítima;57,6;BR-153/SP;Norte;Tombamento;;;1;;;;;;;;0;;1;;
01/06/2016;03:23:00;7;sem vítima;72;BR-153/SP;Norte;Saída de Pista;;;;;;;;;;1;1;;;;
01/06/2016;07:30:00;20;sem vítima;55;BR-153/SP;Norte;Engavetamento;2;;;;;1;;;;;3;;;;
01/06/2016;11:57:00;97;sem vítima;48;BR-153/SP;Sul;Colisão Traseira;1;;;;;1;;;;;3;;;;
01/06/2016;22:39:00;173;sem vítima;75;BR-153/SP;Norte;Saída de Pista;1;;;;;;;;;;1;;;;
01/06/2016;23:23:00;176;com vítima;15;BR-153/SP;Sul;Saída de Pista;;;1;;;;;;;;0;1;;;
02/06/2016;07:32:00;10;sem vítima;64;BR-153/SP;Sul;Colisão Traseira;2;;1;;;;;;;;3;;;;
02/06/2016;17:50:00;85;sem vítima;62;BR-153/SP;Norte;Engavetamento;2;;;;;;;;;2;4;;;;
03/06/2016;07:35:00;9;com vítima;195;BR-153/SP;Norte;Colisão Transversal;2;;;;;;;;;;1;1;;;
03/06/2016;08:54:00;25;sem vítima;30;BR-153/SP;Sul;Colisão Lateral;1;;;1;;;;;;;3;;;;
03/06/2016;12:53:00;64;sem vítima;62;BR-153/SP;Sul;Colisão Traseira;1;;;;;;;;;1;2;;;;
04/06/2016;11:55:00;50;com vítima;56;BR-153/SP;Norte;Colisão Traseira;;;;1;;;;;;1;2;1;;;
04/06/2016;18:21:00;101;sem vítima;61;BR-153/SP;Norte;Colisão Traseira;1;;;;;;;;;1;5;;;;
06/06/2016;19:43:00;117;sem vítima;72;BR-153/SP;Sul;Colisão Transversal;1;;1;;;;;;;;3;;;;
07/06/2016;07:20:00;18;sem vítima;62;BR-153/SP;Sul;Colisão Traseira;1;;;;;;;;;1;5;;;;
07/06/2016;12:27:00;63;sem vítima;60;BR-153/SP;Sul;Colisão Lateral;1;;;;;1;;;;;2;;;;
08/06/2016;18:31:00;124;sem vítima;61;BR-153/SP;Norte;Colisão Lateral;1;;1;;;;;;;;2;;;;
09/06/2016;09:12:00;40;sem vítima;182;BR-153/SP;Sul;Colisão Transversal;;;;1;;1;;;;;2;;;;
09/06/2016;11:42:00;66;com vítima;39,5;BR-153/SP;Sul;Colisão Transversal;1;;;;;;;;;1;3;;1;;
09/06/2016;18:26:00;120;com vítima;63;BR-153/SP;Norte;Colisão Traseira;;;;1;;;;;;1;1;;1;;
09/06/2016;18:42:00;122;sem vítima;63;BR-153/SP;Sul;Engavetamento;2;;;;;;;;;1;3;;;;
10/06/2016;13:47:00;82;com vítima;62;BR-153/SP;Sul;Engavetamento;2;;1;;;;;;;1;3;2;;;
10/06/2016;16:53:00;104;sem vítima;132,5;BR-153/SP;Sul;Saída de Pista;1;;;;;;;;;1;2;;;;
10/06/2016;18:29:00;113;sem vítima;62;BR-153/SP;Sul;Engavetamento;3;;;;;;;;;2;7;;;;
10/06/2016;18:44:00;119;sem vítima;21;BR-153/SP;Norte;Colisão Traseira;2;;;;;;;;;;9;;;;
10/06/2016;18:50:00;121;sem vítima;64;BR-153/SP;Norte;Engavetamento;2;;;;;;;;;1;4;;;;
11/06/2016;05:20:00;20;sem vítima;110;BR-153/SP;Sul;Colisão Lateral;1;;;;;1;;;;;3;;;;
11/06/2016;10:41:00;70;com vítima;73;BR-153/SP;Sul;Colisão Traseira;;;1;1;;;;;;;1;1;;;
11/06/2016;12:23:00;80;com vítima;59;BR-153/SP;Sul;Colisão Transversal;1;;;1;;;;;;;2;1;;;
11/06/2016;22:34:00;138;sem vítima;149;BR-153/SP;Norte;Saída de Pista;1;;;;;;;;;;1;;;;
12/06/2016;06:31:00;20;sem vítima;294,9;BR-153/SP;Sul;Tombamento;;;1;;;;;;;;1;;;;
12/06/2016;19:07:00;120;com vítima;61,9;BR-153/SP;Sul;Tombamento de Moto;;;;1;;;;;;;0;1;1;;
12/06/2016;19:41:00;122;com vítima;286;BR-153/SP;Norte;Colisão Lateral;2;;;;;;;;;;5;1;;1;
12/06/2016;21:29:00;126;sem vítima;35,8;BR-153/SP;Sul;Tombamento de Moto;;;;1;;;;;;;1;;;;
14/06/2016;08:18:00;33;com vítima;52;BR-153/SP;Norte;Tombamento de Moto;;;;1;;;;;;;0;1;;;
15/06/2016;07:13:00;29;com vítima;62;BR-153/SP;Sul;Engavetamento;3;;;;;1;;;;;4;1;;;
15/06/2016;07:27:00;31;com vítima;87,5;BR-153/SP;Norte;Colisão Traseira;;;1;1;;;;;;;1;;;;1
16/06/2016;01:16:00;7;com vítima;63,8;BR-153/SP;Sul;Colisão Traseira;1;;1;;;;;;;;1;;1;;
17/06/2016;11:28:00;60;sem vítima;121;BR-153/SP;Sul;Colisão Traseira;;;1;;;1;;;;;2;;;;
17/06/2016;12:31:00;72;com vítima;121,5;BR-153/SP;Sul;Colisão Traseira;1;;1;;;;;;;;1;2;;;
17/06/2016;18:14:00;113;com vítima;308,4;BR-153/SP;Sul;Saída de Pista;;;1;;;;;;;;0;;1;;
18/06/2016;07:25:00;20;sem vítima;325,7;BR-153/SP;Norte;Saída de Pista;;;;;;;;;;1;1;;;;
18/06/2016;08:32:00;33;sem vítima;176;BR-153/SP;Sul;Colisão Traseira;;;1;;;1;;;;;2;;;;
18/06/2016;22:39:00;142;sem vítima;64;BR-153/SP;Sul;Saída de Pista;1;;;;;;;;;;2;;;;
19/06/2016;03:46:00;8;com vítima;117,5;BR-153/SP;Norte;Colisão Traseira;1;;;;;;;;;1;1;;1;;4
19/06/2016;07:37:00;20;sem vítima;159;BR-153/SP;Norte;Saída de Pista;;;;;;;;;;1;2;;;;
19/06/2016;19:10:00;102;sem vítima;27;BR-153/SP;Sul;Colisão Traseira;1;;;;;1;;;;;5;;;;
20/06/2016;06:31:00;4;com vítima;8;BR-153/SP;Sul;Saída de Pista;1;;;;;;;;;;3;;2;;
20/06/2016;07:09:00;7;sem vítima;261;BR-153/SP;Norte;Colisão Traseira;1;;;;;;;;;1;3;;;;
21/06/2016;09:18:00;39;sem vítima;62;BR-153/SP;Sul;Colisão Traseira;2;;;;;;;;;;3;;;;
21/06/2016;13:23:00;75;sem vítima;61,5;BR-153/SP;Sul;Colisão Traseira;1;;;1;;;;;;;2;;;;
22/06/2016;03:59:00;5;com vítima;29,3;BR-153/SP;Sul;Saída de Pista;;;1;;;;;;;;0;;;;1
22/06/2016;08:58:00;29;com vítima;58;BR-153/SP;Sul;Colisão Transversal;1;;1;;;;;;;;1;1;;;
22/06/2016;11:10:00;52;sem vítima;201,4;BR-153/SP;Norte;Colisão Traseira;;;2;;;;;;;;2;;;;
22/06/2016;16:44:00;84;sem vítima;183;BR-153/SP;Sul;Colisão Traseira;2;;;;;;;;;;8;;;;
22/06/2016;17:07:00;87;com vítima;61,5;BR-153/SP;Norte;Colisão Traseira;;;1;1;;;;;;;2;1;;;
22/06/2016;17:18:00;88;com vítima;62,8;BR-153/SP;Norte;Engavetamento;2;;;1;;;;;;2;4;;1;;
22/06/2016;17:29:00;91;com vítima;64,5;BR-153/SP;Norte;Engavetamento;1;;;1;;1;;;;;2;1;;;
22/06/2016;17:31:00;92;sem vítima;62,5;BR-153/SP;Sul;Engavetamento;3;;;;;;;;;;3;;;;
22/06/2016;22:01:00;122;com vítima;39;BR-153/SP;Norte;Colisão Transversal;;;;1;;;;;;1;1;1;;1;
23/06/2016;02:18:00;7;sem vítima;308,5;BR-153/SP;Sul;Atropelamento - Animal;;;1;;;;;;;;1;;;;
23/06/2016;07:43:00;18;sem vítima;75,9;BR-153/SP;Norte;Colisão Traseira;1;;;;;;;;;1;2;;;;
23/06/2016;15:55:00;70;com vítima;52;BR-153/SP;Sul;Tombamento de Moto;;;;1;;;;;;;0;1;;;
23/06/2016;16:30:00;73;com vítima;38,9;BR-153/SP;Sul;Tombamento de Moto;;;;1;;;;;;;1;1;;;
24/06/2016;18:37:00;106;sem vítima;55;BR-153/SP;Norte;Colisão Lateral;;;1;1;;;;;;;3;;;;
24/06/2016;18:58:00;107;com vítima;48,2;BR-153/SP;Sul;Tombamento de Moto;;;;1;;;;;;;1;1;;;
24/06/2016;22:54:00;121;com vítima;64,5;BR-153/SP;Norte;Atropelamento - Pedestre;1;;;;;;;;;;1;;;1;
25/06/2016;00:19:00;1;com vítima;47;BR-153/SP;Sul;Colisão Transversal;;;;;1;;;;;1;3;7;2;;
25/06/2016;03:13:00;3;com vítima;38,8;BR-153/SP;Norte;Capotamento;1;;;;;;;;;;2;2;;;
26/06/2016;05:03:00;10;sem vítima;217,5;BR-153/SP;Sul;Colisão Lateral;;;1;;;1;;;;;2;;;;
26/06/2016;13:49:00;56;com vítima;62;BR-153/SP;Norte;Colisão Traseira;2;;;;;;;;;;1;1;;;
26/06/2016;14:02:00;59;sem vítima;64;BR-153/SP;Norte;Colisão Lateral;;;2;;;;;;;;2;;;;
26/06/2016;15:40:00;69;sem vítima;32,9;BR-153/SP;Norte;Saída de Pista;2;;;;;1;;;;;3;;;;
26/06/2016;18:22:00;82;sem vítima;35;BR-153/SP;Sul;Colisão Traseira;1;;;;;;;;;1;6;;;;
27/06/2016;06:24:00;4;com vítima;60,2;BR-153/SP;Norte;Colisão Traseira;;;1;;;;;;;1;1;1;;;
27/06/2016;08:01:00;11;sem vítima;83;BR-153/SP;Norte;Tombamento;;;1;;;;;;;;1;;;;
28/06/2016;08:10:00;14;sem vítima;62,8;BR-153/SP;Sul;Colisão Traseira;1;;;;;1;;;;;2;;;;
28/06/2016;08:25:00;16;com vítima;61,98;BR-153/SP;Sul;Engavetamento;1;;1;;;;;;;1;3;1;;;
28/06/2016;08:57:00;27;sem vítima;61,8;BR-153/SP;Norte;Colisão Traseira;1;;;1;;;;;;;2;;;;
28/06/2016;09:23:00;36;sem vítima;61,9;BR-153/SP;Norte;Colisão Traseira;1;;;1;;;;;;;2;;;;
29/06/2016;13:58:00;63;sem vítima;26,2;BR-153/SP;Norte;Saída de Pista;1;;;;;;;;;;1;;;;
30/06/2016;09:29:00;36;com vítima;338,5;BR-153/SP;Norte;Colisão Traseira;1;;1;;;;;;;;1;;1;;
30/06/2016;20:05:00;112;com vítima;64;BR-153/SP;Norte;Colisão Lateral;1;;;1;;;;;;;2;2;;;
01/07/2016;05:13:00;8;com vítima;63;BR-153/SP;Sul;Colisão Lateral;1;;;;;1;;;;;3;1;;;
01/07/2016;11:18:00;49;sem vítima;108;BR-153/SP;Sul;Colisão Lateral;1;;;;;1;;;;;2;;;;
01/07/2016;11:21:00;50;sem vítima;108;BR-153/SP;Norte;Colisão Traseira;;;1;1;;;;;;;2;;;;
01/07/2016;19:37:00;99;com vítima;217;BR-153/SP;Sul;Colisão Traseira;;;1;;;;;;;1;1;1;;;
01/07/2016;20:16:00;104;com vítima;45;BR-153/SP;Norte;Colisão Transversal;;;;1;;1;;;;;1;1;;;
02/07/2016;00:10:00;1;sem vítima;61;BR-153/SP;Norte;Capotamento;1;;;;;;;;;;2;;;;
02/07/2016;06:10:00;7;sem vítima;63;BR-153/SP;Norte;Saída de Pista;1;;;;;;;;;;1;;;;
02/07/2016;15:02:00;80;com vítima;164,5;BR-153/SP;Norte;Colisão Lateral;2;;;;;;;;;;3;1;;;
02/07/2016;22:37:00;111;com vítima;217,5;BR-153/SP;Sul;Colisão Transversal;1;;;1;;;;;;;1;1;;;
02/07/2016;23:43:00;117;com vítima;76,1;BR-153/SP;Sul;Tombamento de Moto;;;;1;;;;;;;0;;;;1
03/07/2016;03:49:00;6;sem vítima;61;BR-153/SP;Norte;Saída de Pista;1;;;;;;;;;;1;;;;
03/07/2016;05:20:00;7;sem vítima;51;BR-153/SP;Norte;Saída de Pista;;;1;;;;;;;;2;;;;
03/07/2016;06:32:00;11;sem vítima;103,7;BR-153/SP;Norte;Saída de Pista;1;;;;;;;;;;2;;;;
04/07/2016;11:02:00;53;com vítima;58;BR-153/SP;Norte;Colisão Transversal;1;;;1;;;;;;;2;1;;;
04/07/2016;13:17:00;66;sem vítima;330;BR-153/SP;Sul;Colisão Traseira;;;;1;;1;;;;;2;;;;
05/07/2016;16:54:00;87;sem vítima;66;BR-153/SP;Norte;Colisão Lateral;1;;1;;;;;;;;2;;;;
06/07/2016;13:38:00;86;sem vítima;63,2;BR-153/SP;Sul;Colisão Traseira;1;;1;;;;;;;;5;;;;
06/07/2016;21:27:00;139;sem vítima;339;BR-153/SP;Sul;Colisão Traseira;;;2;;;;;;;;2;;;;
07/07/2016;11:51:00;61;com vítima;256,9;BR-153/SP;Norte;Atropelamento - Pedestre;;;;1;;;;;;;1;2;;;
07/07/2016;22:52:00;116;com vítima;61;BR-153/SP;Norte;Tombamento de Moto;;;;1;;;;;;;0;1;;;
08/07/2016;13:29:00;75;sem vítima;216,8;BR-153/SP;Norte;Colisão Traseira;1;;;;;;;;;1;3;;;;
08/07/2016;17:51:00;106;sem vítima;62;BR-153/SP;Sul;Engavetamento;2;;;;;;;;;1;5;;;;
08/07/2016;19:17:00;115;sem vítima;159;BR-153/SP;Sul;Atropelamento - Animal;1;;;;;;;;;;1;;;;
08/07/2016;19:41:00;120;sem vítima;73;BR-153/SP;Sul;Engavetamento;3;;;;;;;;;;6;;;;
08/07/2016;20:28:00;126;sem vítima;72;BR-153/SP;Sul;Colisão Traseira;1;;;;;1;;;;;3;;;;
09/07/2016;10:39:00;42;sem vítima;131;BR-153/SP;Norte;Colisão Traseira;1;;;;;;;;;1;4;;;;
09/07/2016;12:47:00;55;sem vítima;55;BR-153/SP;Norte;Colisão Traseira;2;;;;;;;;;;3;;;;
09/07/2016;19:17:00;98;sem vítima;56,1;BR-153/SP;Sul;Colisão Lateral;;;;1;;1;;;;;2;;;;
10/07/2016;15:28:00;69;sem vítima;62;BR-153/SP;Sul;Colisão Traseira;3;;;;;;;;;;6;;;;
10/07/2016;16:02:00;77;sem vítima;26,5;BR-153/SP;Sul;Colisão Traseira;1;;;;;;;;;1;3;;;;
11/07/2016;14:28:00;82;sem vítima;213;BR-153/SP;Norte;Colisão Traseira;1;;;;;;;;;1;5;;;;
11/07/2016;17:39:00;118;sem vítima;60;BR-153/SP;Sul;Colisão Traseira;;;;1;;1;;;;;3;;;;
11/07/2016;18:11:00;121;com vítima;177;BR-153/SP;Norte;Colisão Transversal;1;;;1;;;;;;;2;1;;;
11/07/2016;19:01:00;129;sem vítima;18;BR-153/SP;Sul;Colisão Transversal;1;;1;;;;;;;;2;;;;
12/07/2016;07:58:00;27;com vítima;63;BR-153/SP;Sul;Colisão Traseira;1;;;1;;;;;;;1;1;;;
12/07/2016;12:49:00;73;sem vítima;64;BR-153/SP;Norte;Colisão Lateral;1;;1;;;;;;;;2;;;;
12/07/2016;15:37:00;100;com vítima;65,4;BR-153/SP;Norte;Colisão Lateral;1;;2;;;;;;;1;3;1;;;
12/07/2016;15:58:00;101;com vítima;58;BR-153/SP;Norte;Colisão Transversal;;;1;1;;;;;;;1;1;;;
13/07/2016;09:37:00;29;com vítima;65,7;BR-153/SP;Sul;Colisão Lateral;;;2;;;;;;;;3;1;;;