data;horario;n_da_ocorrencia;tipo_de_ocorrencia;km;trecho;sentido;tipo_de_acidente;automovel;bicicleta;caminhao;moto;onibus;outros;tracao_animal;transporte_de_cargas_especiais;trator_maquinas;utilitarios;ilesos;levemente_feridos;moderadamente_feridos;gravemente_feridos;mortos
13/07/2016;10:21:00;35;sem vítima;256,8;BR-153/SP;Norte;Colisão Lateral;;;1;;;;;;;1;2;;;;
13/07/2016;10:59:00;40;com vítima;58;BR-153/SP;Norte;Colisão Transversal;2;;;;;;;;;;3;1;;;
13/07/2016;11:05:00;41;com vítima;200;BR-153/SP;Sul;Colisão Lateral;1;;1;;;;;;;;1;;2;;
13/07/2016;14:04:00;60;sem vítima;59,2;BR-153/SP;Sul;Colisão Traseira;2;;;;;;;;;;4;;;;
13/07/2016;18:02:00;86;com vítima;39;BR-153/SP;Norte;Colisão Transversal;1;;1;;;;;;;;3;1;;;
14/07/2016;12:05:00;66;com vítima;37,7;BR-153/SP;Sul;Saída de Pista;;;;1;;;;;;;0;1;;;
14/07/2016;18:48:00;111;com vítima;90,2;BR-153/SP;Sul;Colisão Lateral;1;;1;;;;;;;1;3;;1;;1
15/07/2016;04:29:00;5;com vítima;166,5;BR-153/SP;Norte;Colisão Frontal;;;1;;;;;;;1;0;1;;;1
15/07/2016;04:53:00;7;com vítima;64;BR-153/SP;Norte;Colisão Lateral;1;;1;;;;;;;;2;1;;;
15/07/2016;07:56:00;18;com vítima;71;BR-153/SP;Norte;Tombamento de Moto;1;;;1;;;;;;;1;;1;;
15/07/2016;12:19:00;73;sem vítima;30;BR-153/SP;Norte;Saída de Pista;1;;;;;;;;;;1;;;;
15/07/2016;15:26:00;92;sem vítima;111,3;BR-153/SP;Sul;Colisão Lateral;1;;1;;;;;;;;2;;;;
15/07/2016;16:10:00;99;com vítima;63;BR-153/SP;Sul;Colisão Lateral;;;1;1;;;;;;;1;1;;;
15/07/2016;16:16:00;100;sem vítima;63;BR-153/SP;Sul;Colisão Traseira;1;;;1;;;;;;;2;;;;
15/07/2016;18:47:00;125;com vítima;49;BR-153/SP;Norte;Colisão Transversal;1;;1;;;;;;;;1;;1;;
16/07/2016;00:39:00;1;com vítima;61;BR-153/SP;Sul;Choque contra Objeto Fixo;1;;;;;;;;;;0;1;;;
16/07/2016;15:41:00;55;com vítima;55;BR-153/SP;Sul;Tombamento;;;;;;;;;;1;0;1;;;
16/07/2016;17:07:00;62;sem vítima;256;BR-153/SP;Norte;Colisão Traseira;1;;;;;;;;;1;2;;;;
17/07/2016;21:19:00;100;com vítima;7,5;BR-153/SP;Sul;Capotamento;1;;;;;;;;;;0;1;;;
18/07/2016;13:43:00;65;sem vítima;63,5;BR-153/SP;Norte;Colisão Traseira;2;;;;;;;;;;2;;;;
18/07/2016;20:20:00;105;sem vítima;64;BR-153/SP;Sul;Tombamento de Moto;;;;1;;;;;;;1;;;;
19/07/2016;07:03:00;9;sem vítima;10,3;BR-153/SP;Norte;Saída de Pista;1;;;;;;;;;;1;;;;
19/07/2016;07:42:00;14;com vítima;62;BR-153/SP;Sul;Colisão Traseira;;;;1;;1;;;;;2;1;;;
19/07/2016;17:37:00;92;sem vítima;71;BR-153/SP;Norte;Colisão Transversal;1;;1;;;;;;;;2;;;;
19/07/2016;18:41:00;94;sem vítima;56,05;BR-153/SP;Norte;Colisão Traseira;1;;;;;;;;;1;5;;;;
20/07/2016;10:27:00;50;com vítima;58;BR-153/SP;Norte;Colisão Transversal;1;;1;;;;;;;;1;;1;;
20/07/2016;17:22:00;103;sem vítima;71;BR-153/SP;Sul;Colisão Lateral;1;;1;;;;;;;;2;;;;
20/07/2016;19:53:00;118;com vítima;276,1;BR-153/SP;Norte;Colisão Frontal;2;;;;;;;;;;0;;3;;
21/07/2016;03:36:00;7;sem vítima;87,05;BR-153/SP;Norte;Tombamento;;;1;;;;;;;;1;;;;
21/07/2016;09:19:00;41;com vítima;52,5;BR-153/SP;Norte;Tombamento de Moto;;;;1;;;;;;;0;1;;;
21/07/2016;11:26:00;64;sem vítima;62;BR-153/SP;Norte;Engavetamento;2;;;;;;;;;2;9;;;;
21/07/2016;17:17:00;106;sem vítima;58;BR-153/SP;Sul;Tombamento de Moto;;;;1;;;;;;;1;;;;
21/07/2016;18:17:00;111;com vítima;257;BR-153/SP;Norte;Tombamento de Moto;;;;1;;;;;;;0;1;;;
22/07/2016;07:27:00;20;sem vítima;71;BR-153/SP;Sul;Colisão Traseira;;;2;;;;;;;;2;;;;
22/07/2016;07:44:00;23;com vítima;153,9;BR-153/SP;Sul;Choque contra objeto na faixa de rolamento;1;;;1;;;;;;;1;1;;;
22/07/2016;07:45:00;24;sem vítima;72;BR-153/SP;Norte;Colisão Traseira;1;;;;;;;;;1;2;;;;
22/07/2016;09:53:00;56;sem vítima;60;BR-153/SP;Sul;Colisão Traseira;2;;;;;;;;;;2;;;;
22/07/2016;12:03:00;76;sem vítima;61,1;BR-153/SP;Sul;Colisão Traseira;2;;;;;;;;;;2;;;;
25/07/2016;18:13:00;86;com vítima;58;BR-153/SP;Norte;Colisão Transversal;1;;;1;;;;;;;1;1;;;
26/07/2016;07:45:00;11;sem vítima;58;BR-153/SP;Sul;Colisão Traseira;2;;;;;;;;;;4;;;;
26/07/2016;16:27:00;96;sem vítima;78,2;BR-153/SP;Sul;Colisão Traseira;2;;;;;;;;;;6;;;;
26/07/2016;20:45:00;116;com vítima;107,9;BR-153/SP;Sul;Colisão Transversal;1;;1;;;;;;;;2;1;;1;
27/07/2016;13:00:00;66;com vítima;61,9;BR-153/SP;Sul;Tombamento de Moto;;;;1;;;;;;;0;1;;;
27/07/2016;13:11:00;69;com vítima;62,8;BR-153/SP;Sul;Tombamento de Moto;;;;1;;;;;;;0;1;;;
27/07/2016;13:00:00;72;sem vítima;61,9;BR-153/SP;Sul;Colisão Lateral;1;;;;;1;;;;;2;;;;
28/07/2016;06:13:00;14;com vítima;302;BR-153/SP;Sul;Colisão Frontal;;;1;1;;;;;;;1;1;;;
28/07/2016;18:42:00;111;sem vítima;55;BR-153/SP;Sul;Colisão Traseira;2;;;;;;;;;;5;;;;
29/07/2016;22:36:00;141;sem vítima;61,4;BR-153/SP;Norte;Colisão Traseira;1;;;;;;;;;1;3;;;;
30/07/2016;10:41:00;40;sem vítima;183,8;BR-153/SP;Norte;Colisão Traseira;1;;;;;;;;;1;2;;;;
30/07/2016;19:06:00;116;com vítima;69;BR-153/SP;Norte;Colisão Frontal;2;;;;;;;;;;1;1;1;;
31/07/2016;02:50:00;3;sem vítima;46;BR-153/SP;Sul;Atropelamento - Animal;;;;;;;;;;1;1;;;;
01/08/2016;08:42:00;23;sem vítima;35,7;BR-153/SP;Sul;Colisão Traseira;;;1;;;;;;;1;2;;;;
01/08/2016;19:05:00;84;com vítima;54;BR-153/SP;Norte;Colisão Traseira;1;;;1;;;;;;;1;1;;;
03/08/2016;07:37:00;18;com vítima;58,9;BR-153/SP;Sul;Colisão Lateral;1;;;1;;;;;;;1;1;;;
03/08/2016;18:29:00;100;sem vítima;63;BR-153/SP;Sul;Engavetamento;4;;;;;;;;;;6;;;;
03/08/2016;18:40:00;104;com vítima;64,1;BR-153/SP;Norte;Colisão Lateral;;;;1;;1;;;;;1;1;;;
03/08/2016;19:04:00;105;com vítima;119;BR-153/SP;Norte;Atropelamento  de Pedestre;1;;;;;;;;;;2;;;1;
03/08/2016;19:04:00;106;sem vítima;64,1;BR-153/SP;Norte;Colisão Lateral;1;;1;;;;;;;;2;;;;
03/08/2016;21:34:00;127;sem vítima;79,5;BR-153/SP;Norte;Saída de Pista;1;;;;;;;;;;1;;;;
04/08/2016;07:48:00;27;com vítima;63;BR-153/SP;Sul;Colisão Traseira;1;;;1;;;;;;;1;1;;;
04/08/2016;17:54:00;110;sem vítima;273;BR-153/SP;Norte;Tombamento;;;;;;;;;;1;4;;;;
05/08/2016;06:01:00;7;com vítima;69;BR-153/SP;Sul;Tombamento de Moto;;;;1;;;;;;;0;2;;;
05/08/2016;09:40:00;40;com vítima;63;BR-153/SP;Sul;Colisão Traseira;1;;;1;;;;;;;1;1;;;
05/08/2016;10:00:00;67;sem vítima;62,8;BR-153/SP;Sul;Colisão Lateral;;;;1;;;;;;1;2;;;;
05/08/2016;21:30:00;134;sem vítima;12;BR-153/SP;Norte;Colisão Lateral;1;;1;;;;;;;;2;;;;
06/08/2016;06:01:00;14;com vítima;123,9;BR-153/SP;Norte;Tombamento;;;2;;;;;;;;1;1;;;
06/08/2016;16:17:00;89;sem vítima;70,9;BR-153/SP;Sul;Colisão Lateral;2;;;;;;;;;;5;;;;
07/08/2016;12:58:00;47;sem vítima;66;BR-153/SP;Norte;Tombamento de Moto;;;;1;;;;;;;2;;;;
08/08/2016;15:40:00;73;sem vítima;70,2;BR-153/SP;Sul;Colisão Traseira;2;;;;;;;;;;3;;;;
08/08/2016;19:20:00;93;sem vítima;321;BR-153/SP;Norte;Colisão Transversal;1;;;;;;;;;1;3;;;;
08/08/2016;19:42:00;94;com vítima;56;BR-153/SP;Norte;Tombamento de Moto;;;;1;;1;;;;;1;1;;;
08/08/2016;19:52:00;95;sem vítima;58,2;BR-153/SP;Sul;Colisão Transversal;2;;;;;;;;;;6;;;;
09/08/2016;18:34:00;83;com vítima;62;BR-153/SP;Sul;Colisão Traseira;;;;;1;;;;;1;9;;1;;
10/08/2016;12:51:00;60;com vítima;61,9;BR-153/SP;Norte;Tombamento de Moto;;;;1;;;;;;;0;1;;;
10/08/2016;13:45:00;67;com vítima;61,3;BR-153/SP;Sul;Tombamento de Moto;;;;1;;;;;;;0;1;;;
12/08/2016;07:29:00;13;sem vítima;63,4;BR-153/SP;Sul;Colisão Traseira;2;;;;;;;;;;4;;;;
12/08/2016;07:58:00;22;com vítima;71;BR-153/SP;Sul;Colisão Traseira;1;;;1;;;;;;;1;2;1;;
12/08/2016;10:45:00;52;com vítima;108;BR-153/SP;Sul;Colisão Transversal;;;;;;;;;;2;3;1;;;
12/08/2016;19:33:00;108;sem vítima;56;BR-153/SP;Norte;Colisão Transversal;1;;;;;;;;;1;3;;;;
13/08/2016;00:00:00;1;sem vítima;264,3;BR-153/SP;Sul;Choque contra Objeto Fixo;;;1;;;;;;;;1;;;;
13/08/2016;06:10:00;15;sem vítima;289;BR-153/SP;Norte;Colisão Traseira;1;;;;;;;;;1;2;;;;
13/08/2016;10:59:00;37;sem vítima;256;BR-153/SP;Norte;Colisão Traseira;2;;;;;;;;;;2;;;;
13/08/2016;17:58:00;86;com vítima;194,5;BR-153/SP;Norte;Colisão Lateral;2;;;;;;;;;;2;1;2;;
14/08/2016;05:01:00;21;com vítima;4,5;BR-153/SP;Sul;Saída de Pista;1;;;;;;;;;;0;1;;;
14/08/2016;07:57:00;26;com vítima;50,9;BR-153/SP;Sul;Colisão Transversal;2;;;;;;;;;;2;;1;;
17/08/2016;16:05:00;78;com vítima;168;BR-153/SP;Norte;Tombamento;;;1;;;;;;;;0;1;;;
17/08/2016;19:36:00;101;sem vítima;137;BR-153/SP;Norte;Atropelamento de Animal;;;;;;;;;;1;2;;;;
18/08/2016;14:13:00;80;sem vítima;332,3;BR-153/SP;Sul;Tombamento;;;1;;;;;;;;1;;;;
19/08/2016;08:02:00;26;sem vítima;61,3;BR-153/SP;Sul;Colisão Traseira;2;;;;;;;;;;2;;;;
19/08/2016;08:09:00;30;sem vítima;61,3;BR-153/SP;Sul;Colisão Traseira;1;;;;;;;;;1;3;;;;
19/08/2016;13:53:00;81;sem vítima;62;BR-153/SP;Norte;Colisão Traseira;;;;;;;;;;2;2;;;;
19/08/2016;17:43:00;102;com vítima;63;BR-153/SP;Sul;Engavetamento;3;;;;;;;;;;3;2;;;
20/08/2016;07:23:00;13;com vítima;107;BR-153/SP;Norte;Atropelamento de Ciclista;1;1;;;;;;;;;1;1;;;
20/08/2016;20:51:00;104;sem vítima;56;BR-153/SP;Norte;Saída de Pista;;;;;;;;;;1;1;;;;
21/08/2016;01:23:00;2;sem vítima;127;BR-153/SP;Norte;Saída de Pista;1;;;;;;;;;;1;;;;
21/08/2016;06:28:00;13;com vítima;275;BR-153/SP;Norte;Tombamento;;;1;;;;;;;;0;;1;;
21/08/2016;07:20:00;21;sem vítima;275;BR-153/SP;Norte;Colisão Transversal;2;;;;;;;;;;5;;;;
21/08/2016;19:47:00;86;sem vítima;161,3;BR-153/SP;Sul;Atropelamento de Animal;1;;;;;;;;;;4;;;;
22/08/2016;13:43:00;61;com vítima;274;BR-153/SP;Norte;Choque contra Objeto Fixo;1;;;;;;;;;;0;1;;;
22/08/2016;14:20:00;64;com vítima;58;BR-153/SP;Norte;Colisão Transversal;;;1;1;;;;;;;1;1;;;
23/08/2016;00:36:00;3;com vítima;22,5;BR-153/SP;Sul;Saída de Pista;1;;;;;;;;;;0;1;;;
23/08/2016;05:51:00;9;com vítima;155;BR-153/SP;Sul;Colisão Transversal;;;1;1;;;;;;;1;1;1;;
23/08/2016;18:44:00;113;sem vítima;61,8;BR-153/SP;Norte;Saída de Pista;1;;;;;;;;;;1;;;;
25/08/2016;07:12:00;16;sem vítima;55;BR-153/SP;Norte;Colisão Traseira;1;;;;;;;;;1;3;;;;
25/08/2016;11:36:00;62;com vítima;58;BR-153/SP;Sul;Colisão Transversal;1;;1;;;;;;;;2;1;;;
25/08/2016;14:32:00;83;com vítima;261;BR-153/SP;Sul;Colisão Lateral;;;;1;;1;;;;;1;1;;;
26/08/2016;16:09:00;95;com vítima;58;BR-153/SP;Sul;Colisão Lateral;1;;;1;;;;;;;1;1;;;
26/08/2016;18:31:00;116;com vítima;36,2;BR-153/SP;Norte;Colisão Traseira;1;;;;;;;;;1;3;1;;;
27/08/2016;22:04:00;109;com vítima;49,3;BR-153/SP;Norte;Colisão Lateral;;;;1;;;;;;1;1;1;;;
28/08/2016;04:28:00;6;com vítima;62,8;BR-153/SP;Sul;Tombamento de Moto;;;;1;;;;;;;0;1;;1;
28/08/2016;04:52:00;7;sem vítima;3;BR-153/SP;Sul;Saída de Pista;1;;;;;;;;;;1;;;;
28/08/2016;05:17:00;8;sem vítima;183,2;BR-153/SP;Norte;Tombamento;;;1;;;;;;;;1;;;;
28/08/2016;14:03:00;62;com vítima;63;BR-153/SP;Sul;Choque contra Objeto Fixo;1;;;;;;;;;;0;1;;;
28/08/2016;19:28:00;103;sem vítima;149;BR-153/SP;Sul;Engavetamento;3;;;;;;;;;;10;;;;
29/08/2016;14:00:00;77;com vítima;158,8;BR-153/SP;Norte;Capotamento;;;;;;;;;;1;0;;1;2;1
29/08/2016;21:04:00;126;sem vítima;70;BR-153/SP;Sul;Colisão Traseira;2;;;;;;;;;;4;;;;
30/08/2016;09:06:00;26;com vítima;62;BR-153/SP;Sul;Engavetamento;3;;;;;;;;;;4;1;;;
31/08/2016;08:45:00;20;sem vítima;344,95;BR-153/SP;Sul;Saída de Pista;1;;;;;;;;;;1;;;;
31/08/2016;09:54:00;28;sem vítima;182;BR-153/SP;Norte;Colisão Traseira;2;;;;;;;;;;3;;;;
31/08/2016;12:10:00;47;sem vítima;343;BR-153/SP;Norte;Saída de Pista;1;;;;;;;;;;1;;;;
02/09/2016;17:11:00;96;com vítima;213;BR-153/SP;Sul;Tombamento de Moto;;;;1;;;;;;;0;1;;;
03/09/2016;06:51:00;14;com vítima;53,8;BR-153/SP;Norte;Tombamento de Moto;;;;1;;;;;;;0;;;1;
03/09/2016;18:14:00;78;sem vítima;256,5;BR-153/SP;Norte;Saída de Pista;1;;;;;;;;;;1;;;;
03/09/2016;19:56:00;89;sem vítima;323,5;BR-153/SP;Sul;Colisão Traseira;2;;;;;;;;;;5;;;;
04/09/2016;06:16:00;11;com vítima;58;BR-153/SP;Norte;Colisão Transversal;1;;1;;;;;;;;4;2;;;
04/09/2016;06:20:00;12;sem vítima;341,3;BR-153/SP;Sul;Saída de Pista;;;;;;;;;;1;2;;;;
04/09/2016;15:40:00;55;com vítima;322,7;BR-153/SP;Norte;Tombamento de Moto;;;;1;;;;;;;0;1;;;
04/09/2016;23:24:00;90;com vítima;195;BR-153/SP;Norte;Saída de Pista;1;;;;;;;;;;1;1;;;
05/09/2016;19:06:00;97;sem vítima;211;BR-153/SP;Sul;Atropelamento de Animal;1;;;;;;;;;;1;;;;
06/09/2016;06:22:00;10;sem vítima;57;BR-153/SP;Norte;Choque contra objeto na faixa de rolamento;;;;;;;;;;1;1;;;;
06/09/2016;07:45:00;15;sem vítima;70;BR-153/SP;Norte;Colisão Traseira;2;;;;;;;;;;2;;;;
06/09/2016;10:07:00;31;sem vítima;78;BR-153/SP;Sul;Colisão Lateral;;;2;;;;;;;;2;;;;
06/09/2016;18:37:00;78;sem vítima;62,5;BR-153/SP;Norte;Engavetamento;1;;1;;;;;;;1;5;;;;
07/09/2016;07:22:00;20;sem vítima;62;BR-153/SP;Norte;Colisão Traseira;2;;;;;;;;;;2;;;;
07/09/2016;08:03:00;27;com vítima;64;BR-153/SP;Sul;Tombamento de Moto;;;;1;;;;;;;0;1;;;
07/09/2016;12:16:00;54;com vítima;49,5;BR-153/SP;Sul;Colisão Transversal;;;;2;;;;;;;0;2;1;;
08/09/2016;04:06:00;5;sem vítima;43;BR-153/SP;Norte;Saída de Pista;;;;;;;;;;1;1;;;;
09/09/2016;08:14:00;17;sem vítima;63;BR-153/SP;Sul;Colisão Traseira;;;2;;;;;;;;2;;;;
09/09/2016;17:18:00;84;sem vítima;71,5;BR-153/SP;Sul;Colisão Traseira;1;;;;;;;;;1;3;;;;
10/09/2016;04:27:00;17;com vítima;58,3;BR-153/SP;Norte;Colisão Traseira;;;;1;;1;;;;;1;;1;;
10/09/2016;07:07:00;24;sem vítima;99;BR-153/SP;Sul;Colisão Traseira;;;2;;;;;;;;2;;;;
10/09/2016;09:17:00;39;com vítima;55;BR-153/SP;Norte;Colisão Lateral;;;;1;;1;;;;;1;1;;;
10/09/2016;19:21:00;111;com vítima;24;BR-153/SP;Norte;Tombamento de Moto;;;;1;;;;;;;0;1;;;
10/09/2016;20:21:00;117;sem vítima;227;BR-153/SP;Norte;Tombamento de Moto;;;;1;;;;;;;1;;;;
10/09/2016;22:52:00;127;com vítima;25,8;BR-153/SP;Sul;Colisão Transversal;2;;;;;;;;;;3;3;;;
11/09/2016;06:12:00;12;com vítima;39,7;BR-153/SP;Norte;Colisão Transversal;2;;;;;;;;;;3;2;;;
11/09/2016;17:23:00;89;com vítima;278,8;BR-153/SP;Norte;Colisão Transversal;;;;1;;;;;;1;1;;1;1;
11/09/2016;18:04:00;92;sem vítima;22;BR-153/SP;Sul;Saída de Pista;;;;;;;;;;1;2;;;;
11/09/2016;18:54:00;94;com vítima;95,9;BR-153/SP;Norte;Colisão Traseira;1;;;1;;;;;;;1;1;;;
13/09/2016;13:22:00;74;com vítima;72;BR-153/SP;Sul;Colisão Transversal;1;;1;;;;;;;;1;2;;;
13/09/2016;18:13:00;106;com vítima;179;BR-153/SP;Norte;Colisão Transversal;;;1;1;;;;;;;1;1;;;
14/09/2016;13:18:00;69;sem vítima;62;BR-153/SP;Norte;Colisão Traseira;1;;;;;;;;;1;3;;;;
15/09/2016;00:32:00;1;com vítima;273;BR-153/SP;Norte;Saída de Pista;;;1;;;;;;;;1;1;;;
15/09/2016;07:34:00;12;com vítima;66;BR-153/SP;Norte;Tombamento de Moto;;;;1;;;;;;;0;1;;;
16/09/2016;07:35:00;17;com vítima;72;BR-153/SP;Norte;Colisão Traseira;1;;;1;;1;;;;;2;2;;;
16/09/2016;14:23:00;96;com vítima;82,2;BR-153/SP;Sul;Colisão Transversal;2;;;;;;;;;;1;;2;1;
16/09/2016;15:49:00;110;sem vítima;266;BR-153/SP;Sul;Colisão Traseira;2;;1;;;;;;;;6;;;;
16/09/2016;16:24:00;118;sem vítima;62;BR-153/SP;Sul;Colisão Traseira;;;;;;;;;;2;2;;;;
16/09/2016;23:29:00;156;sem vítima;52;BR-153/SP;Norte;Colisão Lateral;1;;;;1;;;;;;21;;;;
17/09/2016;08:57:00;28;com vítima;0,2;BR-153/SP;Norte;Colisão Transversal;1;;;1;;;;;;;2;;;1;
17/09/2016;16:55:00;90;sem vítima;53;BR-153/SP;Norte;Colisão Traseira;2;;;;;1;;;;;6;;;;
18/09/2016;05:24:00;16;com vítima;66;BR-153/SP;Sul;Choque contra Objeto Fixo;;;;1;;;;;;;0;1;;;
18/09/2016;16:14:00;76;com vítima;58;BR-153/SP;Sul;Colisão Lateral;;;;1;;1;;;;;1;1;;;
18/09/2016;21:01:00;120;com vítima;222;BR-153/SP;Sul;Tombamento de Moto;;;;1;;;;;;;0;;1;;
19/09/2016;17:51:00;107;sem vítima;152,9;BR-153/SP;Sul;Saída de Pista;1;;;;;;;;;;1;;;;
20/09/2016;21:17:00;126;com vítima;57;BR-153/SP;Sul;Colisão Frontal;1;1;;;;;;;;;1;;1;;
21/09/2016;06:38:00;8;com vítima;61;BR-153/SP;Sul;Colisão Lateral;1;;1;;;;;;;;1;1;;;
21/09/2016;07:38:00;12;com vítima;28;BR-153/SP;Norte;Colisão Lateral;;;2;;;;;;;;1;1;;;
21/09/2016;08:48:00;28;sem vítima;70;BR-153/SP;Sul;Colisão Traseira;;;1;;;;;;;1;2;;;;
21/09/2016;15:33:00;89;sem vítima;99;BR-153/SP;Norte;Colisão Lateral;1;;1;;;;;;;;5;;;;
21/09/2016;15:54:00;92;sem vítima;60;BR-153/SP;Norte;Saída de Pista;1;;;;;;;;;;1;;;;
21/09/2016;19:40:00;112;com vítima;70;BR-153/SP;Norte;Engavetamento;;;;1;;1;;;;1;2;;1;;
23/09/2016;04:23:00;5;com vítima;63;BR-153/SP;Sul;Tombamento de Moto;;;;1;;;;;;;0;1;;;
23/09/2016;06:28:00;11;com vítima;29,9;BR-153/SP;Sul;Colisão Traseira;;;1;;;;;;;1;3;1;;;
23/09/2016;06:53:00;13;sem vítima;18,5;BR-153/SP;Sul;Colisão Transversal;1;;;;;;;;;1;3;;;;
23/09/2016;13:46:00;76;sem vítima;62;BR-153/SP;Sul;Engavetamento;3;;;;;;;;;;3;;;;
23/09/2016;14:32:00;82;sem vítima;184,9;BR-153/SP;Norte;Colisão Traseira;;;1;;;;;;;1;2;;;;
23/09/2016;16:38:00;98;sem vítima;62,1;BR-153/SP;Sul;Colisão Traseira;1;;;;;;;;;1;4;;;;
23/09/2016;18:51:00;106;com vítima;154;BR-153/SP;Norte;Colisão Transversal;;;;1;;;;;;1;1;1;;;
24/09/2016;19:02:00;103;com vítima;169;BR-153/SP;Norte;Saída de Pista;1;;;;;;;;;;0;;1;;
25/09/2016;17:05:00;68;com vítima;27,8;BR-153/SP;Sul;Colisão Transversal;2;;;;;;;;;;3;1;;;
25/09/2016;23:37:00;109;sem vítima;107;BR-153/SP;Sul;Choque contra objeto na faixa de rolamento;;;2;;;;;;;;2;;;;
26/09/2016;07:38:00;23;com vítima;174;BR-153/SP;Sul;Colisão Transversal;1;;;;;;;;;1;0;2;;;
26/09/2016;08:25:00;34;sem vítima;49;BR-153/SP;Sul;Colisão Traseira;2;;;;;;;;;;2;;;;
26/09/2016;13:34:00;80;com vítima;73;BR-153/SP;Norte;Colisão Traseira;;;;2;;;;;;;0;;2;;
28/09/2016;07:22:00;13;sem vítima;62,8;BR-153/SP;Sul;Colisão Traseira;2;;;;;;;;;;4;;;;
28/09/2016;11:24:00;50;sem vítima;98,5;BR-153/SP;Norte;Engavetamento;3;;;;;;;;;;6;;;;
28/09/2016;12:31:00;59;com vítima;104,8;BR-153/SP;Norte;Colisão Transversal;1;;;1;;;;;;;1;;1;;
28/09/2016;15:28:00;79;com vítima;217,3;BR-153/SP;Norte;Colisão Transversal;1;;;;;;;;;1;1;;1;;
28/09/2016;16:19:00;91;sem vítima;63;BR-153/SP;Sul;Colisão Traseira;1;;;1;;;;;;;2;;;;
30/09/2016;07:06:00;18;com vítima;61;BR-153/SP;Norte;Tombamento de Moto;;;;1;;;;;;;0;;1;;
30/09/2016;07:44:00;23;sem vítima;60,6;BR-153/SP;Sul;Colisão Traseira;2;;;;;;;;;;2;;;;
30/09/2016;20:01:00;104;com vítima;75,9;BR-153/SP;Sul;Colisão Traseira;2;;;;;;;;;;6;;1;;
01/10/2016;17:41:00;70;sem vítima;58;BR-153/SP;Norte;Colisão Transversal;2;;;;;;;;;;4;;;;
01/10/2016;21:14:00;99;sem vítima;72;BR-153/SP;Norte;Colisão Transversal;2;;;;;;;;;;3;;;;
01/10/2016;21:55:00;101;com vítima;341;BR-153/SP;Sul;Capotamento;1;;;;;;;;;;0;1;;;
02/10/2016;13:36:00;48;sem vítima;264;BR-153/SP;Sul;Tombamento de Moto;;;;1;;;;;;;1;;;;
02/10/2016;19:36:00;95;com vítima;0;BR-153/SP;Norte;Saída de Pista;;;1;;;;;;;;0;;1;;
02/10/2016;23:00:00;107;sem vítima;274,4;BR-153/SP;Norte;Choque contra Objeto Fixo;1;;;;;;;;;;2;;;;
03/10/2016;00:07:00;2;sem vítima;55;BR-153/SP;Norte;Saída de Pista;1;;;;;;;;;;1;;;;
03/10/2016;07:33:00;18;sem vítima;64;BR-153/SP;Norte;Colisão Traseira;1;;;;;1;;;;;2;;;;
04/10/2016;02:43:00;6;sem vítima;275;BR-153/SP;Norte;Capotamento;1;;;;;;;;;;2;;;;
04/10/2016;06:59:00;16;com vítima;61;BR-153/SP;Sul;Colisão Traseira;1;;;1;;;;;;;1;;1;;
04/10/2016;07:17:00;18;sem vítima;52;BR-153/SP;Norte;Colisão Lateral;;;1;;;;;;;1;2;;;;
04/10/2016;08:58:00;32;sem vítima;62,3;BR-153/SP;Sul;Colisão Traseira;2;;;;;;;;;;2;;;;
04/10/2016;12:37:00;61;com vítima;151;BR-153/SP;Norte;Colisão Lateral;1;;;1;;;;;;;2;;1;;
05/10/2016;06:34:00;16;com vítima;58;BR-153/SP;Sul;Colisão Transversal;1;;1;;;;;;;;1;2;;;
06/10/2016;10:18:00;43;sem vítima;13,7;BR-153/SP;Norte;Colisão Lateral;;;2;;;;;;;;3;;;;
06/10/2016;15:06:00;64;sem vítima;307;BR-153/SP;Norte;Colisão Traseira;2;;;;;;;;;;2;;;;
07/10/2016;07:47:00;20;com vítima;59;BR-153/SP;Sul;Colisão Traseira;1;;;1;;;;;;;1;1;;;
08/10/2016;13:27:00;58;com vítima;56;BR-153/SP;Sul;Colisão Transversal;1;;;1;;;;;;;2;1;;;
08/10/2016;21:30:00;104;sem vítima;207;BR-153/SP;Norte;Atropelamento de Animal;;;;;;;;;;1;1;;;;
09/10/2016;17:20:00;104;com vítima;195;BR-153/SP;Sul;Saída de Pista;;;;;;;;;;1;0;1;;1;
09/10/2016;23:49:00;141;com vítima;119;BR-153/SP;Norte;Colisão Transversal;2;;;;;;;;;;1;1;3;1;
11/10/2016;16:49:00;100;sem vítima;72;BR-153/SP;Norte;Colisão Transversal;1;;;;;;;;;1;3;;;;
11/10/2016;18:55:00;109;com vítima;64;BR-153/SP;Norte;Tombamento de Moto;;;;1;;;;;;;0;1;;;
11/10/2016;19:25:00;110;com vítima;99;BR-153/SP;Norte;Colisão Transversal;;;2;;;;;;;;1;1;1;;
11/10/2016;21:36:00;125;com vítima;160;BR-153/SP;Norte;Colisão Traseira;1;;;;1;;;;;1;3;3;1;;
12/10/2016;04:41:00;8;sem vítima;228;BR-153/SP;Norte;Colisão Lateral;1;;;;;1;;;;;2;;;;