data;horario;n_da_ocorrencia;tipo_de_ocorrencia;km;trecho;sentido;tipo_de_acidente;automovel;bicicleta;caminhao;moto;onibus;outros;tracao_animal;transporte_de_cargas_especiais;trator_maquinas;utilitarios;ilesos;levemente_feridos;moderadamente_feridos;gravemente_feridos;mortos
12/10/2016;12:05:00;55;sem vítima;25,4;BR-153/SP;Norte;Colisão Transversal;1;;1;;;;;;;;2;;;;
12/10/2016;20:36:00;104;com vítima;79;BR-153/SP;Sul;Tombamento de Moto;;;;1;;;;;;;0;1;;;
13/10/2016;10:44:00;42;com vítima;192;BR-153/SP;Sul;Tombamento de Moto;;;;1;;;;;;;0;1;;;
13/10/2016;15:01:00;67;sem vítima;112,1;BR-153/SP;Norte;Tombamento;;;1;;;;;;;;1;;;;
13/10/2016;15:29:00;72;sem vítima;96,5;BR-153/SP;Sul;Saída de Pista;1;;;;;;;;;;2;;;;
13/10/2016;18:40:00;90;sem vítima;64,5;BR-153/SP;Sul;Colisão Traseira;1;;;;;1;;;;;4;;;;
14/10/2016;00:51:00;3;com vítima;2,2;BR-153/SP;Sul;Colisão Traseira;1;;1;;;;;;;;2;1;1;;
14/10/2016;07:55:00;16;com vítima;62,1;BR-153/SP;Sul;Engavetamento;3;;;;;;;;;;3;1;;;
14/10/2016;12:17:00;49;sem vítima;62;BR-153/SP;Sul;Engavetamento;2;;;;;;;;;1;5;;;;
14/10/2016;13:54:00;59;sem vítima;111,5;BR-153/SP;Sul;Saída de Pista;;;1;;;;;;;;1;;;;
14/10/2016;16:25:00;90;com vítima;61;BR-153/SP;Norte;Colisão Traseira;2;;;;;;;;;;4;1;;;
14/10/2016;16:49:00;97;com vítima;56;BR-153/SP;Norte;Engavetamento;2;;;;;;;;;1;3;1;;;
14/10/2016;20:19:00;122;com vítima;327;BR-153/SP;Sul;Colisão Transversal;2;;;;;;;;;;2;4;;;
15/10/2016;06:46:00;7;com vítima;63;BR-153/SP;Norte;Colisão Frontal;1;;1;;;;;;;;2;;;1;
15/10/2016;11:53:00;37;com vítima;129;BR-153/SP;Sul;Tombamento de Moto;;;;1;;;;;;;1;1;;;
15/10/2016;14:43:00;62;sem vítima;280;BR-153/SP;Norte;Colisão Transversal;2;;;;;;;;;;6;;;;
16/10/2016;06:01:00;11;com vítima;58;BR-153/SP;Norte;Colisão Traseira;;;;;;;;;;2;1;1;1;;
16/10/2016;17:41:00;81;sem vítima;154,5;BR-153/SP;Sul;Atropelamento de Animal;1;;;;;;;;;;1;;;;
17/10/2016;07:10:00;17;com vítima;256;BR-153/SP;Norte;Tombamento de Moto;;;;1;;;;;;;0;1;;;
17/10/2016;07:41:00;23;sem vítima;89,8;BR-153/SP;Sul;Colisão Lateral;;;2;;;;;;;;3;;;;
17/10/2016;09:04:00;39;com vítima;61;BR-153/SP;Sul;Engavetamento;;;;1;;;;;;2;4;1;;;
17/10/2016;14:45:00;76;com vítima;34,9;BR-153/SP;Norte;Tombamento de Moto;;;;1;;;;;;;0;1;;;
17/10/2016;16:03:00;86;com vítima;161;BR-153/SP;Norte;Colisão Transversal;1;;;1;;;;;;;0;1;;1;
18/10/2016;08:17:00;26;sem vítima;58,7;BR-153/SP;Sul;Colisão Transversal;1;;;;;;;;;1;5;;;;
19/10/2016;09:26:00;47;com vítima;71,5;BR-153/SP;Sul;Tombamento de Moto;;;1;1;;;;;;;1;;1;;
20/10/2016;13:50:00;90;sem vítima;268,1;BR-153/SP;Sul;Colisão Traseira;;;2;;;;;;;;3;;;;
20/10/2016;14:24:00;96;sem vítima;64;BR-153/SP;Sul;Colisão Traseira;1;;1;;;;;;;;2;;;;
21/10/2016;11:18:00;67;com vítima;205;BR-153/SP;Sul;Saída de Pista;1;;;;;;;;;;0;1;;;
21/10/2016;14:19:00;86;com vítima;295;BR-153/SP;Norte;Saída de Pista;;;1;;;;;;;;0;;1;;
21/10/2016;18:06:00;110;sem vítima;35,8;BR-153/SP;Norte;Colisão Traseira;2;;;;;;;;;;3;;;;
21/10/2016;21:09:00;136;sem vítima;51,5;BR-153/SP;Norte;Choque contra Objeto Fixo;1;;;;;1;;;;;2;;;;
22/10/2016;21:26:00;108;com vítima;114,1;BR-153/SP;Sul;Colisão Lateral;1;;;;;1;;;;;1;1;;;
23/10/2016;20:22:00;101;sem vítima;75;BR-153/SP;Sul;Colisão Traseira;1;;;;;1;;;;;3;;;;
23/10/2016;22:04:00;109;sem vítima;280;BR-153/SP;Norte;Saída de Pista;1;;;;;;;;;;5;;;;
24/10/2016;12:11:00;47;sem vítima;20,3;BR-153/SP;Norte;Colisão Traseira;1;;;;;1;;;;;3;;;;
24/10/2016;18:00:00;91;com vítima;71;BR-153/SP;Norte;Tombamento de Moto;;;;1;;;;;;;0;1;;;
24/10/2016;18:25:00;94;com vítima;332,5;BR-153/SP;Sul;Colisão Traseira;;;1;;;;;;;1;1;1;;;
26/10/2016;18:30:00;120;sem vítima;256;BR-153/SP;Norte;Engavetamento;2;;;;;1;;;;;7;;;;
27/10/2016;12:26:00;74;sem vítima;56;BR-153/SP;Norte;Colisão Traseira;2;;;;;;;;;;2;;;;
28/10/2016;08:18:00;35;com vítima;60,7;BR-153/SP;Sul;Colisão Traseira;1;;;1;;;;;;;2;1;;;
28/10/2016;16:49:00;101;sem vítima;21,3;BR-153/SP;Norte;Saída de Pista;1;;;;;;;;;;1;;;;
29/10/2016;13:47:00;64;com vítima;60,7;BR-153/SP;Norte;Colisão Traseira;;;;1;;1;;;;;1;;1;;
29/10/2016;19:35:00;109;com vítima;58;BR-153/SP;Norte;Colisão Transversal;;;;1;;1;;;;;1;1;;;
30/10/2016;15:44:00;59;sem vítima;58;BR-153/SP;Sul;Colisão Transversal;1;;;;;;;;;1;4;;;;
30/10/2016;17:21:00;69;com vítima;119;BR-153/SP;Norte;Tombamento de Moto;;;;1;;;;;;;0;1;;;
30/10/2016;19:27:00;98;sem vítima;58;BR-153/SP;Sul;Saída de Pista;1;;;;;;;;;;1;;;;
31/10/2016;22:31:00;150;sem vítima;30;BR-153/SP;Sul;Tombamento;;;1;;;;;;;;1;;;;
01/11/2016;00:56:00;3;sem vítima;76;BR-153/SP;Sul;Choque contra Objeto Fixo;;;1;;;;;;;;1;;;;
02/11/2016;18:47:00;68;com vítima;156,5;BR-153/SP;Norte;Colisão Lateral;1;;;;;1;;;;;1;1;;;
03/11/2016;05:49:00;8;com vítima;178,8;BR-153/SP;Sul;Colisão Traseira;1;;;1;;;;;;;1;;1;1;
03/11/2016;12:55:00;71;com vítima;62,75;BR-153/SP;Sul;Engavetamento;2;;;;;;;;;1;4;1;;;
04/11/2016;10:28:00;70;sem vítima;45;BR-153/SP;Norte;Colisão Traseira;2;;;;;;;;;;5;;;;
04/11/2016;17:29:00;130;sem vítima;61;BR-153/SP;Norte;Tombamento de Moto;;;;1;;;;;;;1;;;;
05/11/2016;12:04:00;57;com vítima;85;BR-153/SP;Norte;Colisão Transversal;1;;1;;;;;;;;3;1;;;
05/11/2016;20:00:00;103;com vítima;38,2;BR-153/SP;Norte;Colisão Traseira;1;;;;;;;;;1;2;1;;;
05/11/2016;20:41:00;108;sem vítima;54;BR-153/SP;Sul;Colisão Transversal;2;;;;;;;;;;5;;;;
06/11/2016;07:40:00;17;sem vítima;87,5;BR-153/SP;Sul;Tombamento de Moto;;;;1;;;;;;;1;;;;
06/11/2016;08:44:00;26;sem vítima;74;BR-153/SP;Sul;Colisão Transversal;1;;;1;;;;;;;5;;;;
06/11/2016;08:53:00;27;sem vítima;69;BR-153/SP;Sul;Colisão Traseira;1;;;;;;;;;1;6;;;;
06/11/2016;15:56:00;55;sem vítima;114;BR-153/SP;Sul;Saída de Pista;1;;;;;;;;;;2;;;;
07/11/2016;17:41:00;119;sem vítima;294,3;BR-153/SP;Norte;Saída de Pista;;;;;;;;;;1;2;;;;
08/11/2016;14:49:00;85;com vítima;63,2;BR-153/SP;Norte;Colisão Lateral;1;;1;;;;;;;;2;1;;;
08/11/2016;15:03:00;90;com vítima;63,2;BR-153/SP;Sul;Tombamento de Moto;;;;1;;;;;;;0;1;;;
08/11/2016;18:05:00;115;com vítima;74;BR-153/SP;Norte;Tombamento de Moto;;;;1;;;;;;;0;1;;;
10/11/2016;07:07:00;22;sem vítima;174;BR-153/SP;Sul;Colisão Traseira;2;;;;;;;;;;3;;;;
10/11/2016;07:55:00;31;sem vítima;61,8;BR-153/SP;Sul;Colisão Traseira;1;;;;;;;;;1;5;;;;
10/11/2016;08:00:00;32;sem vítima;61;BR-153/SP;Sul;Tombamento de Moto;;;;1;;;;;;;1;;;;
10/11/2016;08:11:00;35;sem vítima;61;BR-153/SP;Sul;Engavetamento;;;;;;;;;;3;5;;;;
10/11/2016;18:58:00;116;sem vítima;61;BR-153/SP;Norte;Colisão Traseira;2;;;;;;;;;;2;;;;
11/11/2016;04:15:00;6;sem vítima;91;BR-153/SP;Norte;Atropelamento de Animal;1;;;;;;;;;;3;;;;
11/11/2016;09:32:00;29;sem vítima;62,85;BR-153/SP;Sul;Engavetamento;2;;;;;1;;;;3;7;;;;
11/11/2016;11:59:00;55;com vítima;61;BR-153/SP;Norte;Colisão Lateral;2;;;;;;;;;;1;1;;;
11/11/2016;20:42:00;104;com vítima;71;BR-153/SP;Sul;Tombamento de Moto;;;;1;;;;;;;0;1;1;;
14/11/2016;22:33:00;104;sem vítima;58;BR-153/SP;Norte;Colisão Transversal;1;;1;;;;;;;;2;;;;
15/11/2016;04:33:00;5;sem vítima;148,5;BR-153/SP;Sul;Colisão Lateral;;;2;;;;;;;;3;;;;
15/11/2016;17:00:00;70;com vítima;75;BR-153/SP;Norte;Colisão Lateral;1;;;1;;;;;;;1;;1;;
16/11/2016;09:38:00;57;com vítima;69;BR-153/SP;Norte;Tombamento de Moto;;;;1;;;;;;;0;1;;;
16/11/2016;10:43:00;63;sem vítima;161,1;BR-153/SP;Sul;Colisão Traseira;1;;;;;;;;;1;2;;;;
16/11/2016;11:57:00;75;sem vítima;58;BR-153/SP;Sul;Colisão Transversal;1;;1;;;;;;;;3;;;;
16/11/2016;13:30:00;84;com vítima;70,8;BR-153/SP;Norte;Tombamento de Moto;;;;1;;;;;;;0;;1;;
17/11/2016;12:07:00;85;com vítima;64;BR-153/SP;Norte;Capotamento;1;;;;;;;;;;0;1;;;
17/11/2016;15:00:00;115;sem vítima;151,9;BR-153/SP;Norte;Atropelamento de Animal;;;;;;;;;;1;1;;;;
17/11/2016;15:41:00;120;sem vítima;94,5;BR-153/SP;Sul;Saída de Pista;;;;;;;;;;1;1;;;;
18/11/2016;06:29:00;10;com vítima;57,5;BR-153/SP;Sul;Tombamento de Moto;;;;1;;;;;;;0;1;;;
18/11/2016;09:32:00;42;com vítima;46;BR-153/SP;Sul;Saída de Pista;1;;;;;;;;;;1;2;;;
18/11/2016;13:08:00;70;sem vítima;35,8;BR-153/SP;Sul;Colisão Traseira;1;;1;;;;;;;;4;;;;
21/11/2016;10:22:00;53;com vítima;72,5;BR-153/SP;Sul;Colisão Transversal;2;;;;;;;;;;2;1;;;
21/11/2016;21:29:00;127;sem vítima;57,5;BR-153/SP;Norte;Tombamento;1;;;;;1;;;;;2;;;;
22/11/2016;04:33:00;12;sem vítima;137;BR-153/SP;Norte;Atropelamento de Animal;1;;;;;;;;;;1;;;;
22/11/2016;14:09:00;76;sem vítima;72,8;BR-153/SP;Norte;Saída de Pista;;;1;;;;;;;;1;;;;
22/11/2016;18:24:00;107;com vítima;108;BR-153/SP;Sul;Engavetamento;2;;1;;;;;;;;2;2;;;
23/11/2016;06:41:00;15;com vítima;103,5;BR-153/SP;Norte;Tombamento de Moto;;;;1;;;;;;;0;2;;;
24/11/2016;08:20:00;37;com vítima;75;BR-153/SP;Norte;Colisão Lateral;;;;1;;;;;;1;1;1;;;
24/11/2016;21:32:00;146;com vítima;155,5;BR-153/SP;Sul;Atropelamento  de Pedestre;;;;;;;;;;1;3;;;;1
25/11/2016;08:48:00;55;sem vítima;62;BR-153/SP;Sul;Engavetamento;3;;;;;;;;;1;4;;;;
25/11/2016;09:49:00;68;sem vítima;72,5;BR-153/SP;Norte;Colisão Traseira;1;;1;;;;;;;;2;;;;
25/11/2016;15:31:00;112;sem vítima;98,5;BR-153/SP;Norte;Colisão Traseira;1;;1;;;;;;;;2;;;;
25/11/2016;19:18:00;140;com vítima;1;BR-153/SP;Norte;Colisão Lateral;;;1;1;;;;;;;1;;;;1
25/11/2016;21:03:00;149;sem vítima;182;BR-153/SP;Norte;Colisão Transversal;1;;1;;;;;;;;2;;;;
25/11/2016;22:03:00;152;sem vítima;138;BR-153/SP;Sul;Atropelamento de Animal;1;;;;;;;;;;1;;;;
26/11/2016;22:03:00;108;sem vítima;71;BR-153/SP;Sul;Saída de Pista;;;;;;;;;;1;1;;;;
27/11/2016;01:22:00;3;sem vítima;109;BR-153/SP;Norte;Atropelamento de Animal;1;;;;;;;;;;1;;;;
27/11/2016;02:14:00;5;com vítima;14,7;BR-153/SP;Norte;Saída de Pista;;;1;;;;;;;;0;;;1;
28/11/2016;00:38:00;2;com vítima;182;BR-153/SP;Norte;Tombamento de Moto;;;;1;;;;;;;1;1;;;
28/11/2016;07:49:00;24;sem vítima;60;BR-153/SP;Sul;Engavetamento;2;;;1;;;;;;;3;;;;
28/11/2016;07:51:00;25;sem vítima;73;BR-153/SP;Norte;Colisão Traseira;2;;;;;;;;;;3;;;;
28/11/2016;14:10:00;92;sem vítima;62;BR-153/SP;Sul;Colisão Traseira;1;;;1;;;;;;;4;;;;
28/11/2016;15:06:00;101;com vítima;62;BR-153/SP;Sul;Engavetamento;1;;2;;;;;;;;3;2;;;
29/11/2016;19:13:00;123;com vítima;67;BR-153/SP;Norte;Tombamento de Moto;;;;1;;;;;;;0;1;;;
29/11/2016;19:33:00;125;com vítima;257;BR-153/SP;Sul;Tombamento de Moto;;;;1;;;;;;;1;1;;;
29/11/2016;22:29:00;138;com vítima;174;BR-153/SP;Sul;Colisão Transversal;1;;1;;;;;;;;4;1;;;
30/11/2016;21:38:00;125;sem vítima;56;BR-153/SP;Norte;Colisão Lateral;1;;1;;;;;;;;3;;;;
30/11/2016;23:14:00;134;sem vítima;15,8;BR-153/SP;Norte;Colisão Lateral;1;;;;;1;;;;1;5;;;;
02/12/2016;17:24:00;114;sem vítima;56;BR-153/SP;Sul;Colisão Lateral;1;;1;;;;;;;;3;;;;
03/12/2016;06:34:00;17;com vítima;74;BR-153/SP;Norte;Tombamento de Moto;;;;1;;;;;;;0;1;;;
03/12/2016;14:50:00;64;sem vítima;72,5;BR-153/SP;Norte;Colisão Lateral;1;;1;;;;;;;;2;;;;
04/12/2016;03:55:00;9;sem vítima;17;BR-153/SP;Norte;Saída de Pista;1;;;;;;;;;;2;;;;
04/12/2016;16:46:00;68;sem vítima;108;BR-153/SP;Sul;Colisão Transversal;2;;;;;;;;;;6;;;;
04/12/2016;18:17:00;75;sem vítima;31;BR-153/SP;Sul;Colisão Traseira;1;;;;;;;;;1;6;;;;
04/12/2016;22:54:00;94;com vítima;195;BR-153/SP;Sul;Colisão Transversal;1;;;1;;;;;;;3;3;1;;
05/12/2016;08:02:00;20;com vítima;71,2;BR-153/SP;Norte;Saída de Pista;1;;;;;;;;;;0;1;;;
06/12/2016;15:31:00;96;sem vítima;71;BR-153/SP;Norte;Colisão Traseira;1;;;;;;;;;1;3;;;;
06/12/2016;22:41:00;128;sem vítima;35,8;BR-153/SP;Norte;Colisão Traseira;;;1;;;;;;;1;2;;;;
08/12/2016;12:15:00;66;com vítima;196,8;BR-153/SP;Sul;Tombamento de Moto;;;;1;;;;;;;0;2;;;
08/12/2016;14:14:00;78;com vítima;73,3;BR-153/SP;Sul;Tombamento de Moto;;;;1;;;;;;;0;1;1;;
08/12/2016;17:30:00;102;com vítima;165;BR-153/SP;Norte;Tombamento de Moto;;;;1;;;;;;;0;1;;;
09/12/2016;03:45:00;7;com vítima;78;BR-153/SP;Norte;Colisão Traseira;1;;;1;;;;;;;1;1;;;
09/12/2016;15:39:00;94;com vítima;11;BR-153/SP;Norte;Tombamento de Moto;;;;1;;;;;;;1;1;;;
10/12/2016;13:33:00;72;sem vítima;74,6;BR-153/SP;Norte;Colisão Traseira;2;;;;;;;;;;3;;;;
10/12/2016;17:12:00;102;sem vítima;65;BR-153/SP;Norte;Saída de Pista;1;;;;;;;;;;3;;;;
11/12/2016;00:11:00;3;com vítima;157,5;BR-153/SP;Norte;Atropelamento de Animal;1;;;;;;;;;;0;1;1;;
11/12/2016;16:07:00;56;sem vítima;98,5;BR-153/SP;Sul;Colisão Traseira;2;;;;;;;;;;2;;;;
12/12/2016;00:14:00;1;com vítima;154,7;BR-153/SP;Norte;Colisão Lateral;3;;;;;;;;;;2;5;;1;
12/12/2016;06:14:00;15;sem vítima;59;BR-153/SP;Sul;Colisão Traseira;;;1;1;;;;;;;2;;;;
12/12/2016;13:57:00;81;sem vítima;62;BR-153/SP;Sul;Colisão Traseira;1;;;;;;;;;1;2;;;;
12/12/2016;18:23:00;112;com vítima;59;BR-153/SP;Norte;Tombamento de Moto;;;;1;;;;;;;0;1;;;
13/12/2016;15:45:00;93;sem vítima;73;BR-153/SP;Sul;Tombamento de Moto;;;;1;;;;;;;1;;;;
14/12/2016;00:18:00;1;sem vítima;75;BR-153/SP;Sul;Saída de Pista;1;;;;;;;;;;1;;;;
14/12/2016;07:21:00;17;com vítima;62;BR-153/SP;Sul;Engavetamento;3;;;;;;;;;;4;1;;;
14/12/2016;22:29:00;145;sem vítima;82,8;BR-153/SP;Sul;Colisão Traseira;1;;1;;;;;;;;2;;;;
15/12/2016;01:22:00;5;com vítima;179,2;BR-153/SP;Norte;Colisão Traseira;;;;1;1;;;;;;39;1;;;
15/12/2016;02:23:00;8;com vítima;227,3;BR-153/SP;Norte;Tombamento;;;1;;;;;;;;0;1;;;
15/12/2016;07:25:00;19;com vítima;285;BR-153/SP;Sul;Tombamento;;;1;;;;;;;;1;1;;;
16/12/2016;11:01:00;64;com vítima;58;BR-153/SP;Norte;Colisão Transversal;2;;;;;;;;;;0;3;;;
16/12/2016;18:53:00;121;sem vítima;70;BR-153/SP;Sul;Colisão Traseira;1;;1;;;;;;;;2;;;;
17/12/2016;21:01:00;110;com vítima;321;BR-153/SP;Norte;Colisão Transversal;2;;;;;;;;;;5;2;;;
18/12/2016;04:54:00;8;com vítima;170,4;BR-153/SP;Sul;Saída de Pista;1;;;;;;;;;;0;1;;2;
18/12/2016;05:47:00;9;com vítima;48,3;BR-153/SP;Norte;Colisão Traseira;1;;;1;;1;;;;;4;1;;;1
18/12/2016;19:50:00;93;sem vítima;51;BR-153/SP;Norte;Colisão Lateral;2;;;;;;;;;;4;;;;
18/12/2016;22:53:00;109;com vítima;69,2;BR-153/SP;Norte;Tombamento de Moto;;;;1;;;;;;;0;;;1;
20/12/2016;07:45:00;19;sem vítima;63;BR-153/SP;Sul;Colisão Traseira;1;;1;;;;;;;;2;;;;
20/12/2016;13:56:00;73;com vítima;98,5;BR-153/SP;Sul;Colisão Traseira;;;1;;;;;;;1;1;1;;;
21/12/2016;20:37:00;92;com vítima;41;BR-153/SP;Norte;Tombamento de Moto;;;;1;;;;;;;0;2;;;
22/12/2016;12:20:00;92;com vítima;70,1;BR-153/SP;Sul;Atropelamento  de Pedestre;;;;;;;;;;1;2;;1;;
23/12/2016;09:57:00;45;sem vítima;62;BR-153/SP;Sul;Colisão Traseira;2;;;;;;;;;;2;;;;
23/12/2016;16:15:00;94;sem vítima;70;BR-153/SP;Sul;Engavetamento;3;;;;;;;;;1;4;;;;
23/12/2016;19:27:00;119;sem vítima;272;BR-153/SP;Sul;Colisão Transversal;2;;;;;;;;;;7;;;;
24/12/2016;06:46:00;19;sem vítima;112;BR-153/SP;Sul;Saída de Pista;1;;;;;;;;;;2;;;;
24/12/2016;13:26:00;57;com vítima;107;BR-153/SP;Sul;Colisão Transversal;2;;;;;;;;;;0;3;;;
25/12/2016;19:57:00;67;com vítima;222,7;BR-153/SP;Sul;Engavetamento;3;;;;;;;;;;8;2;2;;
25/12/2016;22:49:00;78;sem vítima;213,3;BR-153/SP;Norte;Saída de Pista;1;;;;;;;;;;1;;;;
27/12/2016;16:59:00;97;com vítima;58;BR-153/SP;Sul;Colisão Transversal;;;1;1;;;;;;;1;1;;;
27/12/2016;18:14:00;102;sem vítima;256,5;BR-153/SP;Sul;Colisão Traseira;2;;;;;;;;;;4;;;;
28/12/2016;11:32:00;55;com vítima;185,3;BR-153/SP;Sul;Tombamento;;;1;;;;;;;;0;1;;;
28/12/2016;14:02:00;70;com vítima;39,25;BR-153/SP;Sul;Colisão Frontal;;;;;;;;;;2;2;1;;;1
29/12/2016;00:02:00;1;com vítima;86;BR-153/SP;Sul;Saída de Pista;1;;;;;;;;;;0;;1;;
29/12/2016;01:44:00;4;com vítima;223,5;BR-153/SP;Sul;Capotamento;1;;;;;1;;;;;1;3;1;;
29/12/2016;08:13:00;21;com vítima;322,7;BR-153/SP;Norte;Colisão Lateral;1;;1;;;;;;;;1;1;;;
29/12/2016;12:58:00;60;com vítima;56;BR-153/SP;Norte;Saída de Pista;1;;;;;;;;;;0;2;;;
29/12/2016;22:55:00;117;sem vítima;94;BR-153/SP;Norte;Colisão Lateral;1;;1;;;;;;;;3;;;;
30/12/2016;09:51:00;40;sem vítima;63;BR-153/SP;Sul;Colisão Traseira;;;2;;;;;;;;2;;;;
30/12/2016;15:45:00;77;sem vítima;123;BR-153/SP;Sul;Colisão Traseira;2;;;;;;;;;;5;;;;
31/12/2016;16:27:00;69;com vítima;38;BR-153/SP;Norte;Tombamento de Moto;;;;1;;;;;;;1;1;;;
31/12/2016;22:09:00;100;com vítima;58;BR-153/SP;Norte;Colisão Transversal;2;;;;;;;;;;4;2;;;
01/01/2017;02:23:00;5;sem vítima;63;BR-153/SP;Norte;Colisão Traseira;2;;;;;;;;;;6;;;;
01/01/2017;15:49:00;42;sem vítima;12;BR-153/SP;Norte;Saída de Pista;;;1;;;;;;;;1;;;;
01/01/2017;16:21:00;46;sem vítima;12;BR-153/SP;Sul;Choque contra objeto na faixa de rolamento;;;;;;;;;;1;1;;;;
01/01/2017;18:31:00;57;com vítima;159;BR-153/SP;Sul;Tombamento de Moto;;;;1;;;;;;;1;1;;;
02/01/2017;08:42:00;23;sem vítima;72,95;BR-153/SP;Sul;Colisão Traseira;1;;;;;1;;;;;3;;;;
02/01/2017;20:28:00;107;sem vítima;55;BR-153/SP;Sul;Incêndio;;;;;;;;;;1;1;;;;
02/01/2017;20:44:00;111;com vítima;91,5;BR-153/SP;Sul;Capotamento;1;;;;;;;;;;0;1;;;
03/01/2017;12:38:00;71;com vítima;0,7;BR-153/SP;Sul;Colisão Transversal;1;;;;;;;;;1;2;3;1;;
04/01/2017;07:56:00;14;sem vítima;62;BR-153/SP;Sul;Colisão Traseira;1;;;;;;;;;1;2;;;;
04/01/2017;08:40:00;25;com vítima;56;BR-153/SP;Norte;Tombamento de Moto;;;;1;;;;;;;0;1;;;
04/01/2017;19:00:00;104;com vítima;72;BR-153/SP;Norte;Colisão Transversal;2;;;;;;;;;;2;;1;;
04/01/2017;22:09:00;123;com vítima;192,8;BR-153/SP;Norte;Colisão Traseira;1;;;;;;;;;1;2;1;;;
05/01/2017;19:01:00;97;sem vítima;87;BR-153/SP;Norte;Choque contra objeto na faixa de rolamento;2;;;;;;;;;;5;;;;
05/01/2017;19:24:00;102;sem vítima;96;BR-153/SP;Sul;Colisão Transversal;1;;1;;;;;;;;8;;;;
06/01/2017;02:57:00;4;com vítima;113,8;BR-153/SP;Norte;Colisão Lateral;1;;1;;;;;;;;1;1;;;
06/01/2017;06:26:00;8;com vítima;55;BR-153/SP;Norte;Tombamento de Moto;;;;1;;;;;;;0;1;;;
06/01/2017;22:33:00;133;com vítima;88;BR-153/SP;Norte;Saída de Pista;;;1;;;;;;;;0;1;;;
07/01/2017;00:40:00;1;sem vítima;105;BR-153/SP;Sul;Colisão Traseira;1;;;;;;;;;1;3;;;;
07/01/2017;07:05:00;7;com vítima;58;BR-153/SP;Norte;Colisão Transversal;1;;;1;;;;;;;2;1;;;
08/01/2017;01:20:00;9;com vítima;57,7;BR-153/SP;Norte;Colisão Frontal;1;;;1;;;;;;;4;;;1;
08/01/2017;11:22:00;42;sem vítima;256;BR-153/SP;Norte;Colisão Lateral;1;;1;;;;;;;;3;;;;
08/01/2017;14:48:00;65;com vítima;8,6;BR-153/SP;Sul;Tombamento de Moto;;;;1;;;;;;;0;2;;;
08/01/2017;17:35:00;85;sem vítima;345;BR-153/SP;Sul;Colisão Traseira;1;;;;1;;;;;;3;;;;
08/01/2017;19:00:00;97;sem vítima;72;BR-153/SP;Norte;Tombamento de Moto;;;;1;;;;;;;1;;;;
08/01/2017;21:22:00;122;com vítima;195;BR-153/SP;Norte;Colisão Transversal;1;;;;1;;;;;;39;1;;;
08/01/2017;21:36:00;124;sem vítima;23,7;BR-153/SP;Norte;Colisão Lateral;1;;;;;1;;;;;2;;;;
09/01/2017;13:45:00;85;com vítima;41,6;BR-153/SP;Sul;Colisão Traseira;;;1;1;;;;;;;1;;1;;
10/01/2017;06:50:00;4;sem vítima;73;BR-153/SP;Norte;Tombamento de Moto;;;;1;;;;;;;1;;;;
10/01/2017;09:23:00;32;sem vítima;39,5;BR-153/SP;Norte;Colisão Lateral;1;;;;;;;;;1;4;;;;
11/01/2017;00:24:00;1;sem vítima;163;BR-153/SP;Norte;Saída de Pista;;;1;;;;;;;;1;;;;
11/01/2017;10:01:00;48;sem vítima;183,8;BR-153/SP;Norte;Choque contra Objeto Fixo;1;;;;;;;;;;2;;;;
12/01/2017;18:24:00;106;com vítima;226;BR-153/SP;Sul;Saída de Pista;1;;;;;;;;;;1;1;;;
12/01/2017;22:24:00;127;sem vítima;133;BR-153/SP;Sul;Colisão Lateral;1;;;;;1;;;;;2;;;;
15/01/2017;00:47:00;2;com vítima;275,5;BR-153/SP;Norte;Saída de Pista;1;;;;;;;;;;3;2;;;
15/01/2017;06:30:00;18;com vítima;187,5;BR-153/SP;Norte;Saída de Pista;1;;;;;;;;;;0;3;1;;
15/01/2017;18:43:00;80;sem vítima;54;BR-153/SP;Norte;Saída de Pista;;;;;;;;;;1;2;;;;
16/01/2017;07:55:00;16;com vítima;61;BR-153/SP;Sul;Colisão Traseira;2;;;;;;;;;;2;1;;;
16/01/2017;11:09:00;42;com vítima;306,98;BR-153/SP;Norte;Tombamento;;;1;;;;;;;;0;1;;;
16/01/2017;13:54:00;61;sem vítima;341;BR-153/SP;Sul;Tombamento;;;1;;;;;;;;2;;;;
16/01/2017;13:57:00;62;com vítima;341;BR-153/SP;Norte;Capotamento;1;;;;;;;;;;1;2;;;
16/01/2017;14:20:00;63;sem vítima;278,5;BR-153/SP;Norte;Tombamento;;;1;;;;;;;;2;;;;
16/01/2017;16:43:00;79;sem vítima;72,3;BR-153/SP;Norte;Colisão Lateral;1;;1;;;;;;;;2;;;;
16/01/2017;18:11:00;88;sem vítima;62;BR-153/SP;Norte;Colisão Traseira;;;;;;1;;;;1;12;;;;
18/01/2017;07:55:00;19;sem vítima;61,9;BR-153/SP;Sul;Engavetamento;2;;;;;;;;;1;5;;;;
18/01/2017;10:27:00;46;sem vítima;76,1;BR-153/SP;Sul;Colisão Lateral;1;;1;;;;;;;;3;;;;
19/01/2017;21:42:00;111;sem vítima;47,1;BR-153/SP;Sul;Colisão Transversal;1;;1;;;;;;;;2;;;;
19/01/2017;23:16:00;116;sem vítima;63,7;BR-153/SP;Sul;Saída de Pista;1;;;;;;;;;;1;;;;