data;horario;n_da_ocorrencia;tipo_de_ocorrencia;km;trecho;sentido;tipo_de_acidente;automovel;bicicleta;caminhao;moto;onibus;outros;tracao_animal;transporte_de_cargas_especiais;trator_maquinas;utilitarios;ilesos;levemente_feridos;moderadamente_feridos;gravemente_feridos;mortos
20/01/2017;07:20:00;13;com vítima;1;BR-153/SP;Sul;Colisão Transversal;1;;;1;;;;;;;1;2;;;
21/01/2017;02:04:00;9;sem vítima;70;BR-153/SP;Norte;Colisão Traseira;1;;;;;1;;;;;2;;;;
21/01/2017;06:20:00;17;sem vítima;60;BR-153/SP;Norte;Saída de Pista;1;;;;;;;;;;1;;;;
21/01/2017;23:29:00;105;sem vítima;61;BR-153/SP;Norte;Saída de Pista;;;;;;;;;;1;1;;;;
22/01/2017;00:09:00;1;sem vítima;14,7;BR-153/SP;Norte;Choque contra Objeto Fixo;;;;;;;;;;1;2;;;;
22/01/2017;10:12:00;27;com vítima;0,17;BR-153/SP;Sul;Engavetamento;2;;1;;;;;;;;4;2;;;
23/01/2017;07:04:00;11;sem vítima;65,5;BR-153/SP;Norte;Colisão Traseira;2;;;;;;;;;;8;;;;
23/01/2017;15:21:00;81;sem vítima;255;BR-153/SP;Norte;Colisão Traseira;;;;;;;;;;2;2;;;;
24/01/2017;14:46:00;72;com vítima;57,8;BR-153/SP;Sul;Capotamento;1;;;;;;;;;;0;1;;;
24/01/2017;19:19:00;105;com vítima;61;BR-153/SP;Sul;Tombamento de Moto;;;;1;;;;;;;1;1;;;
25/01/2017;01:22:00;4;com vítima;321;BR-153/SP;Norte;Colisão Traseira;1;;;;;1;;;;;1;;1;;
25/01/2017;08:00:00;22;sem vítima;58;BR-153/SP;Sul;Colisão Traseira;1;;;1;;;;;;1;3;;;;
25/01/2017;16:03:00;83;com vítima;28;BR-153/SP;Norte;Tombamento de Moto;;;;1;;;;;;;0;1;;;
25/01/2017;18:06:00;95;sem vítima;73;BR-153/SP;Sul;Tombamento de Moto;;;;1;;;;;;;1;;;;
25/01/2017;23:17:00;118;sem vítima;143;BR-153/SP;Sul;Saída de Pista;;;;;;;;;;1;4;;;;
26/01/2017;08:23:00;13;sem vítima;62,75;BR-153/SP;Sul;Colisão Traseira;1;;;;;;;;;1;6;;;;
26/01/2017;12:00:00;50;sem vítima;321,15;BR-153/SP;Norte;Colisão Lateral;1;;1;;;;;;;;3;;;;
26/01/2017;18:43:00;89;sem vítima;256,4;BR-153/SP;Norte;Choque contra Objeto Fixo;1;;;;;;;;;;1;;;;
27/01/2017;22:42:00;127;sem vítima;71;BR-153/SP;Sul;Colisão Traseira;1;;;;;;;;;1;3;;;;
28/01/2017;12:06:00;43;com vítima;25;BR-153/SP;Norte;Tombamento de Moto;;;;1;;;;;;;0;2;;;
28/01/2017;15:10:00;65;sem vítima;57,5;BR-153/SP;Sul;Choque contra objeto na faixa de rolamento;;;;1;;;;;;1;6;;;;
29/01/2017;06:57:00;13;sem vítima;89,7;BR-153/SP;Norte;Tombamento;;;1;;;;;;;;1;;;;
29/01/2017;11:51:00;35;com vítima;73;BR-153/SP;Sul;Colisão Transversal;2;;;;;;;;;;2;2;;;
29/01/2017;19:15:00;75;sem vítima;67;BR-153/SP;Sul;Colisão Traseira;1;;;;;;;;;1;4;;;;
29/01/2017;22:49:00;96;com vítima;73;BR-153/SP;Norte;Colisão Frontal;4;;;;;;;;;;3;1;2;;
30/01/2017;07:55:00;21;sem vítima;57,7;BR-153/SP;Sul;Incidente;;;;;;;;;;1;5;;;;
30/01/2017;17:18:00;105;com vítima;174;BR-153/SP;Norte;Colisão Transversal;;;;1;;1;;;;;1;1;;;
30/01/2017;22:25:00;134;sem vítima;138,05;BR-153/SP;Sul;Atropelamento de Animal;1;;;;;;;;;;1;;;;
31/01/2017;05:39:00;12;sem vítima;98,9;BR-153/SP;Sul;Colisão Traseira;1;;1;;;;;;;;4;;;;
31/01/2017;07:58:00;20;com vítima;107,9;BR-153/SP;Sul;Colisão Traseira;1;;1;;;;;;;;3;1;;;
31/01/2017;08:57:00;33;com vítima;69;BR-153/SP;Sul;Tombamento de Moto;;;;1;;;;;;;1;1;;;
31/01/2017;11:14:00;62;sem vítima;72,8;BR-153/SP;Sul;Incidente;1;;1;;;;;;;;2;;;;
31/01/2017;14:17:00;85;sem vítima;57;BR-153/SP;Norte;Colisão Traseira;1;;1;;;;;;;;3;;;;
31/01/2017;15:47:00;100;com vítima;93,5;BR-153/SP;Norte;Saída de Pista;;;;;;;;;;1;1;1;;;
02/02/2017;04:34:00;15;sem vítima;75;BR-153/SP;Sul;Saída de Pista;1;;;;;;;;;;3;;;;
03/02/2017;05:07:00;11;sem vítima;69;BR-153/SP;Norte;Saída de Pista;;;1;;;;;;;;1;;;;
03/02/2017;18:37:00;111;sem vítima;256;BR-153/SP;Norte;Colisão Traseira;1;;;1;;;;;;;3;;;;
04/02/2017;02:01:00;3;sem vítima;69;BR-153/SP;Sul;Colisão Transversal;2;;;;;;;;;;7;;;;
04/02/2017;05:10:00;10;sem vítima;64;BR-153/SP;Norte;Colisão Traseira;2;;;;;;;;;;2;;;;
04/02/2017;19:57:00;115;com vítima;109;BR-153/SP;Norte;Saída de Pista;1;;;;;;;;;;0;1;;;
05/02/2017;14:36:00;51;sem vítima;70,5;BR-153/SP;Sul;Colisão Traseira;2;;;;;;;;;;5;;;;
06/02/2017;02:53:00;16;sem vítima;337;BR-153/SP;Norte;Saída de Pista;;;;;;;;;;1;1;;;;
06/02/2017;06:33:00;21;sem vítima;106;BR-153/SP;Sul;Atropelamento de Animal;;;1;;;;;;;;3;;;;
07/02/2017;11:31:00;64;com vítima;61;BR-153/SP;Norte;Colisão Traseira;2;;;;;;;;;;0;2;;;
08/02/2017;01:03:00;3;com vítima;162;BR-153/SP;Sul;Saída de Pista;1;;;;;1;;;;;1;1;;;
08/02/2017;03:35:00;7;com vítima;75;BR-153/SP;Norte;Saída de Pista;1;;;;;;;;;;0;;1;;
09/02/2017;00:23:00;1;com vítima;74,2;BR-153/SP;Norte;Tombamento de Moto;;;;1;;;;;;;0;1;;;
09/02/2017;18:05:00;101;com vítima;220;BR-153/SP;Norte;Colisão Traseira;2;;;;;1;;;;;2;;1;;
10/02/2017;06:47:00;11;sem vítima;63;BR-153/SP;Sul;Colisão Traseira;2;;;;;;;;;;4;;;;
10/02/2017;07:43:00;17;com vítima;60,1;BR-153/SP;Norte;Colisão Traseira;1;;;1;;;;;;;1;1;;;
10/02/2017;18:19:00;76;com vítima;62,5;BR-153/SP;Sul;Engavetamento;5;;;;;;;;;;5;1;;;
10/02/2017;18:30:00;77;com vítima;62,9;BR-153/SP;Norte;Tombamento de Moto;;;;1;;;;;;;0;;2;;
10/02/2017;18:59:00;81;sem vítima;63,8;BR-153/SP;Norte;Engavetamento;1;;1;;;2;;;;;4;;;;
10/02/2017;22:44:00;97;com vítima;70;BR-153/SP;Norte;Tombamento de Moto;;;;1;;;;;;;0;;1;;
11/02/2017;22:17:00;117;sem vítima;64;BR-153/SP;Norte;Saída de Pista;1;;;;;;;;;;3;;;;
11/02/2017;22:46:00;120;sem vítima;60;BR-153/SP;Norte;Saída de Pista;1;;;;;;;;;;2;;;;
11/02/2017;22:58:00;122;com vítima;62;BR-153/SP;Sul;Colisão Transversal;2;;;;;;;;;;2;2;;;
13/02/2017;17:32:00;106;sem vítima;62;BR-153/SP;Sul;Colisão Traseira;1;;;;;1;;;;;4;;;;
13/02/2017;17:59:00;107;sem vítima;64;BR-153/SP;Norte;Engavetamento;2;;;;;;;;;2;7;;;;
13/02/2017;18:47:00;116;com vítima;61,7;BR-153/SP;Sul;Atropelamento  de Pedestre;;;;1;;;;;;;1;;1;;
14/02/2017;10:50:00;60;com vítima;146;BR-153/SP;Sul;Colisão Lateral;;;2;;;;;;;;1;1;;;
15/02/2017;13:58:00;75;sem vítima;62,3;BR-153/SP;Sul;Colisão Traseira;2;;;;;;;;;;3;;;;
15/02/2017;20:34:00;133;sem vítima;112;BR-153/SP;Sul;Atropelamento de Animal;1;;;;;;;;;;4;;;;
15/02/2017;22:34:00;140;sem vítima;212;BR-153/SP;Norte;Colisão Traseira;;;2;;;;;;;;2;;;;
16/02/2017;08:08:00;27;sem vítima;75,6;BR-153/SP;Sul;Tombamento;;;1;;;;;;;;1;;;;
16/02/2017;18:33:00;125;com vítima;95,8;BR-153/SP;Norte;Colisão Transversal;1;;1;;;;;;;;2;2;;;
17/02/2017;08:32:00;32;com vítima;48;BR-153/SP;Sul;Colisão Transversal;1;;2;;;;;;;1;6;3;1;;
17/02/2017;14:10:00;74;sem vítima;62;BR-153/SP;Sul;Engavetamento;3;;;;;1;;;;1;5;;;;
17/02/2017;18:52:00;91;sem vítima;88;BR-153/SP;Norte;Saída de Pista;1;;;;;;;;;;1;;;;
17/02/2017;23:54:00;117;com vítima;75;BR-153/SP;Norte;Capotamento;1;;;;;;;;;;0;1;;;
18/02/2017;07:30:00;10;com vítima;39,5;BR-153/SP;Norte;Saída de Pista;1;;;;;;;;;;1;1;;;
18/02/2017;18:51:00;87;sem vítima;61,8;BR-153/SP;Sul;Saída de Pista;1;;1;;;;;;;;3;;;;
19/02/2017;22:21:00;120;sem vítima;334;BR-153/SP;Norte;Tombamento de Moto;;;;1;;;;;;;1;;;;
21/02/2017;21:51:00;121;sem vítima;75;BR-153/SP;Norte;Tombamento de Moto;;;;1;;;;;;;1;;;;
22/02/2017;15:31:00;78;sem vítima;69;BR-153/SP;Sul;Colisão Lateral;;;;;;1;;;;1;2;;;;
22/02/2017;20:38:00;104;sem vítima;36;BR-153/SP;Norte;Atropelamento de Animal;1;;;;;;;;;;1;;;;
23/02/2017;07:05:00;23;sem vítima;136,5;BR-153/SP;Norte;Colisão Lateral;1;;1;;;;;;;;3;;;;
23/02/2017;16:51:00;102;com vítima;85,3;BR-153/SP;Sul;Colisão Transversal;1;;1;;;;;;;;1;1;;;
23/02/2017;21:02:00;128;sem vítima;58;BR-153/SP;Norte;Colisão Transversal;2;;;;;;;;;;6;;;;
23/02/2017;22:36:00;135;com vítima;220;BR-153/SP;Sul;Saída de Pista;;;;1;;;;;;;0;1;;;
24/02/2017;17:32:00;104;sem vítima;290;BR-153/SP;Norte;Saída de Pista;1;;;;;;;;;;1;;;;
24/02/2017;19:41:00;113;sem vítima;183,8;BR-153/SP;Sul;Colisão Traseira;1;;1;;;;;;;;2;;;;
25/02/2017;04:37:00;6;sem vítima;63;BR-153/SP;Sul;Saída de Pista;;;1;;;;;;;;1;;;;
25/02/2017;21:11:00;90;sem vítima;217;BR-153/SP;Norte;Colisão Lateral;1;;;;;1;;;;;3;;;;
25/02/2017;21:12:00;91;sem vítima;275;BR-153/SP;Norte;Colisão Lateral;1;;1;;;;;;;;2;;;;
26/02/2017;00:05:00;3;com vítima;118;BR-153/SP;Sul;Colisão Frontal;1;;;1;;;;;;;0;1;;;1
26/02/2017;18:59:00;65;com vítima;57;BR-153/SP;Sul;Tombamento de Moto;;;;1;;;;;;;0;1;;;
27/02/2017;00:05:00;1;com vítima;26;BR-153/SP;Norte;Saída de Pista;1;;;;;;;;;;0;1;;;
27/02/2017;09:40:00;35;com vítima;77,9;BR-153/SP;Sul;Saída de Pista;;;1;;;;;;;;0;1;;;
27/02/2017;16:45:00;80;sem vítima;275;BR-153/SP;Sul;Tombamento de Moto;;;;1;;;;;;;1;;;;
27/02/2017;17:39:00;86;sem vítima;161,3;BR-153/SP;Norte;Tombamento de Moto;;;;1;;;;;;;1;;;;
28/02/2017;11:52:00;36;sem vítima;57;BR-153/SP;Norte;Tombamento de Moto;;;;1;;;;;;;1;;;;
01/03/2017;05:52:00;11;sem vítima;41,8;BR-153/SP;Norte;Colisão Lateral;;;1;;;;;;;1;2;;;;
01/03/2017;18:30:00;91;sem vítima;63;BR-153/SP;Sul;Colisão Traseira;;;;1;;;;;;1;2;;;;
03/03/2017;17:10:00;106;com vítima;70;BR-153/SP;Norte;Tombamento de Moto;;;;1;;;;;;;0;1;;;
04/03/2017;08:43:00;26;com vítima;62;BR-153/SP;Sul;Engavetamento;1;;;1;;;;;;2;4;1;;;
04/03/2017;08:58:00;28;sem vítima;62;BR-153/SP;Norte;Tombamento de Moto;;;;1;;;;;;;1;;;;
04/03/2017;19:28:00;98;com vítima;70;BR-153/SP;Sul;Tombamento de Moto;;;;1;;;;;;;1;1;;;
04/03/2017;21:22:00;111;sem vítima;64,3;BR-153/SP;Sul;Saída de Pista;1;;;;;;;;;;1;;;;
05/03/2017;15:52:00;45;com vítima;287;BR-153/SP;Norte;Colisão Transversal;1;;;1;;;;;;;1;;1;;
05/03/2017;20:41:00;77;sem vítima;59;BR-153/SP;Norte;Saída de Pista;;;;;;;;;;1;1;;;;
06/03/2017;18:10:00;90;sem vítima;58;BR-153/SP;Sul;Engavetamento;1;;;;;2;;;;1;6;;;;
06/03/2017;18:22:00;93;sem vítima;98;BR-153/SP;Norte;Tombamento de Moto;;;;1;;;;;;;2;;;;
08/03/2017;17:26:00;111;com vítima;86,3;BR-153/SP;Norte;Colisão Frontal;1;;1;;;;;;;;1;1;;;2
09/03/2017;13:08:00;84;sem vítima;74,8;BR-153/SP;Norte;Colisão Traseira;2;;;;;;;;;;6;;;;
09/03/2017;18:11:00;133;com vítima;56;BR-153/SP;Norte;Colisão Traseira;1;;;1;;;;;;;1;1;;;
09/03/2017;18:43:00;137;sem vítima;163;BR-153/SP;Norte;Tombamento de Moto;;;;1;;;;;;;1;;;;
10/03/2017;07:28:00;30;sem vítima;45,1;BR-153/SP;Norte;Colisão Lateral;;;1;;;;;;;1;2;;;;
10/03/2017;09:25:00;42;sem vítima;58;BR-153/SP;Norte;Colisão Transversal;;;1;;;;;;;1;6;;;;
10/03/2017;16:18:00;101;sem vítima;123;BR-153/SP;Norte;Colisão Lateral;;;2;;;;;;;;2;;;;
10/03/2017;16:48:00;107;sem vítima;70;BR-153/SP;Sul;Colisão Traseira;1;;;;;;;;;1;3;;;;
10/03/2017;18:38:00;127;sem vítima;56;BR-153/SP;Norte;Colisão Traseira;1;;;;;1;;;;;3;;;;
10/03/2017;20:27:00;138;sem vítima;49;BR-153/SP;Sul;Engavetamento;;;3;;;;;;;;4;;;;
10/03/2017;20:49:00;139;sem vítima;71;BR-153/SP;Sul;Colisão Lateral;;;2;;;;;;;;2;;;;
11/03/2017;08:15:00;23;sem vítima;62,3;BR-153/SP;Sul;Colisão Traseira;1;;;;;;;;;1;4;;;;
14/03/2017;09:16:00;35;com vítima;55,8;BR-153/SP;Norte;Colisão Transversal;;;2;;;;;;;;2;2;;;
14/03/2017;12:29:00;58;com vítima;186;BR-153/SP;Norte;Atropelamento de Animal;;;;1;;;;;;;0;;1;;
14/03/2017;20:53:00;130;sem vítima;64,1;BR-153/SP;Norte;Engavetamento;2;;;;;2;;;;;4;;;;
14/03/2017;21:31:00;132;com vítima;64,6;BR-153/SP;Norte;Tombamento de Moto;;;;1;;;;;;;0;1;;;
15/03/2017;08:34:00;21;com vítima;58;BR-153/SP;Norte;Colisão Transversal;1;;;1;;;;;;;1;1;;;
15/03/2017;10:34:00;55;sem vítima;339,9;BR-153/SP;Norte;Saída de Pista;;;1;;;;;;;;1;;;;
15/03/2017;20:03:00;125;com vítima;52;BR-153/SP;Sul;Colisão Traseira;;;;2;;;;;;;1;2;;;
16/03/2017;06:41:00;7;sem vítima;62;BR-153/SP;Sul;Engavetamento;2;;;;;1;;;;;3;;;;
16/03/2017;07:59:00;14;sem vítima;62;BR-153/SP;Sul;Engavetamento;2;;;;;;;;;1;3;;;;
16/03/2017;13:30:00;73;com vítima;155;BR-153/SP;Norte;Colisão Lateral;;;1;;;;;;;;0;1;;;
16/03/2017;14:17:00;79;com vítima;56;BR-153/SP;Norte;Colisão Traseira;1;;;1;;;;;;;1;1;;;
17/03/2017;05:14:00;12;sem vítima;161,3;BR-153/SP;Sul;Saída de Pista;1;;;;;;;;;;1;;;;
17/03/2017;12:21:00;95;com vítima;333,9;BR-153/SP;Norte;Colisão Frontal;1;;;;;;;;;1;2;;;;1
17/03/2017;14:00:00;105;sem vítima;161,2;BR-153/SP;Norte;Colisão Transversal;2;;;;;;;;;;2;;;;
17/03/2017;18:00:00;139;com vítima;61;BR-153/SP;Norte;Colisão Transversal;;1;;1;;;;;;;1;1;;;
18/03/2017;12:24:00;47;com vítima;73;BR-153/SP;Sul;Colisão Transversal;1;;;;;;;;;1;1;1;;;
18/03/2017;13:44:00;51;com vítima;31,5;BR-153/SP;Norte;Tombamento de Moto;;;;1;;;;;;;1;1;;;
18/03/2017;14:04:00;53;com vítima;58;BR-153/SP;Norte;Colisão Transversal;1;;;;;;;;;1;2;1;;;
19/03/2017;02:05:00;6;sem vítima;92;BR-153/SP;Norte;Saída de Pista;;;2;;;;;;;;2;;;;
19/03/2017;05:55:00;13;sem vítima;61;BR-153/SP;Norte;Saída de Pista;1;;;;;;;;;;3;;;;
19/03/2017;07:03:00;17;com vítima;210,95;BR-153/SP;Sul;Saída de Pista;1;;;;;;;;;;0;1;;;
19/03/2017;12:19:00;50;com vítima;174,4;BR-153/SP;Norte;Colisão Transversal;1;;1;;;;;;;;1;2;;;
19/03/2017;17:40:00;73;com vítima;50,05;BR-153/SP;Norte;Tombamento de Moto;;;;1;;;;;;;1;1;;;
20/03/2017;17:04:00;102;sem vítima;39,7;BR-153/SP;Sul;Saída de Pista;;;1;;;;;;;;1;;;;
21/03/2017;05:22:00;11;sem vítima;105,5;BR-153/SP;Sul;Choque contra objeto na faixa de rolamento;1;;1;;;;;;;;3;;;;
21/03/2017;07:50:00;21;sem vítima;72,8;BR-153/SP;Norte;Colisão Traseira;2;;;;;;;;;;4;;;;
21/03/2017;08:17:00;29;com vítima;71,3;BR-153/SP;Sul;Colisão Traseira;2;;;;;;;;;;3;1;;;
22/03/2017;11:29:00;55;sem vítima;58;BR-153/SP;Norte;Colisão Lateral;1;;1;;;;;;;;2;;;;
22/03/2017;15:45:00;84;sem vítima;291,7;BR-153/SP;Norte;Tombamento;;;1;;;;;;;;1;;;;
22/03/2017;18:41:00;100;sem vítima;63;BR-153/SP;Norte;Colisão Traseira;1;;;;;;;;;1;3;;;;
22/03/2017;18:41:00;105;sem vítima;63;BR-153/SP;Norte;Colisão Traseira;1;;;;;;;;;1;2;;;;
23/03/2017;07:31:00;13;sem vítima;44;BR-153/SP;Norte;Saída de Pista;1;;;;;;;;;;3;;;;
23/03/2017;22:26:00;106;sem vítima;121,4;BR-153/SP;Sul;Atropelamento de Animal;1;;;;;;;;;;3;;;;
24/03/2017;05:49:00;3;com vítima;71;BR-153/SP;Norte;Tombamento de Moto;;;;1;;1;;;;;1;1;;;
24/03/2017;10:49:00;47;com vítima;62;BR-153/SP;Norte;Tombamento de Moto;;;;1;;;;;;;0;1;;;
24/03/2017;14:01:00;70;com vítima;69,2;BR-153/SP;Norte;Colisão Transversal;;;1;1;;;;;;;4;;1;;
25/03/2017;10:26:00;45;sem vítima;71;BR-153/SP;Norte;Tombamento de Moto;;;;1;;;;;;;1;;;;
26/03/2017;00:18:00;3;com vítima;190;BR-153/SP;Sul;Tombamento de Moto;;;;1;;;;;;;0;1;;;
26/03/2017;11:46:00;48;com vítima;72,8;BR-153/SP;Sul;Colisão Transversal;;;;1;;;;;;1;2;;1;;
26/03/2017;19:01:00;86;com vítima;333,9;BR-153/SP;Sul;Colisão Lateral;;;;1;;1;;;;;1;;1;;
27/03/2017;03:41:00;6;sem vítima;131;BR-153/SP;Sul;Atropelamento de Animal;;;;1;;;;;;;1;;;;
27/03/2017;08:05:00;21;sem vítima;73;BR-153/SP;Norte;Colisão Traseira;1;;;;;;;;;1;2;;;;
27/03/2017;08:19:00;22;sem vítima;73;BR-153/SP;Norte;Colisão Traseira;1;;;;;1;;;;;3;;;;
27/03/2017;16:13:00;80;sem vítima;58,7;BR-153/SP;Norte;Colisão Transversal;2;;;;;;;;;;6;;;;
28/03/2017;10:29:00;59;com vítima;71;BR-153/SP;Norte;Colisão Traseira;2;;;;;;;;;;2;1;;;
29/03/2017;13:28:00;82;com vítima;71,9;BR-153/SP;Sul;Colisão Transversal;;;2;;;;;;;;1;1;;;
29/03/2017;17:39:00;109;sem vítima;62;BR-153/SP;Sul;Engavetamento;;;;;;4;;;;1;6;;;;
29/03/2017;18:36:00;115;sem vítima;62;BR-153/SP;Norte;Colisão Traseira;2;;;;;;;;;;5;;;;
29/03/2017;20:06:00;122;com vítima;44,5;BR-153/SP;Norte;Colisão Frontal;;;;1;;;;;;1;1;;;;1
30/03/2017;07:01:00;14;sem vítima;256,2;BR-153/SP;Norte;Colisão Traseira;1;;;;;1;;;;;2;;;;
30/03/2017;09:01:00;31;sem vítima;62;BR-153/SP;Sul;Colisão Traseira;2;;;;;;;;;;4;;;;
30/03/2017;19:16:00;96;com vítima;100;BR-153/SP;Norte;Colisão Lateral;1;;1;;;;;;;;1;1;;;
01/04/2017;01:18:00;2;sem vítima;14,5;BR-153/SP;Sul;Choque contra Objeto Fixo;;;;;;;;;;1;1;;;;
01/04/2017;07:40:00;17;com vítima;95;BR-153/SP;Norte;Colisão Traseira;;;1;;;;;;;1;2;1;1;;
01/04/2017;09:25:00;33;sem vítima;77,8;BR-153/SP;Norte;Colisão Lateral;2;;;;;;;;;;3;;;;
01/04/2017;14:04:00;55;sem vítima;39,5;BR-153/SP;Sul;Colisão Transversal;2;;;;;;;;;;2;;;;
01/04/2017;22:05:00;101;sem vítima;195;BR-153/SP;Norte;Saída de Pista;1;;;;;;;;;;2;;;;
02/04/2017;13:50:00;43;sem vítima;256;BR-153/SP;Norte;Colisão Lateral;1;;1;;;;;;;;4;;;;
02/04/2017;16:36:00;58;com vítima;37,7;BR-153/SP;Norte;Colisão Transversal;1;;;;;;;;;1;2;1;;;
03/04/2017;18:22:00;97;com vítima;213,5;BR-153/SP;Norte;Tombamento de Moto;;;;1;;;;;;;0;;1;;
03/04/2017;23:49:00;116;com vítima;341,2;BR-153/SP;Sul;Saída de Pista;1;;;;;;;;;;0;1;;;
04/04/2017;08:07:00;15;com vítima;61,4;BR-153/SP;Sul;Colisão Traseira;1;;;1;;;;;;;1;1;;;
05/04/2017;07:09:00;21;com vítima;62;BR-153/SP;Sul;Engavetamento;2;;;1;;;;;;;2;;1;;
05/04/2017;16:27:00;92;sem vítima;262,97;BR-153/SP;Sul;Saída de Pista;1;;;;;;;;;;1;;;;
05/04/2017;17:19:00;95;sem vítima;195;BR-153/SP;Sul;Saída de Pista;1;;;;;;;;;;2;;;;
06/04/2017;05:38:00;9;com vítima;80,1;BR-153/SP;Norte;Colisão Traseira;;;;2;;;;;;;1;1;;;
07/04/2017;00:00:00;1;com vítima;161;BR-153/SP;Sul;Colisão Lateral;;;;;1;;;;;1;2;1;;;
07/04/2017;07:18:00;25;sem vítima;62;BR-153/SP;Sul;Colisão Traseira;1;;;;;;;;;1;5;;;;
07/04/2017;07:57:00;27;com vítima;58,7;BR-153/SP;Sul;Tombamento de Moto;;;;1;;;;;;;0;1;;;
07/04/2017;17:06:00;105;sem vítima;53,7;BR-153/SP;Sul;Saída de Pista;1;;;;;;;;;;1;;;;
07/04/2017;19:01:00;116;com vítima;45;BR-153/SP;Norte;Colisão Transversal;1;;1;;;;;;;;1;1;;;
08/04/2017;05:18:00;10;com vítima;43,5;BR-153/SP;Sul;Atropelamento  de Pedestre;1;;;;;;;;;1;2;;1;;
08/04/2017;06:14:00;11;sem vítima;289,95;BR-153/SP;Norte;Saída de Pista;;;;;;;;;;1;1;;;;
08/04/2017;06:50:00;15;sem vítima;18;BR-153/SP;Norte;Saída de Pista;;;1;;;;;;;;1;;;;
08/04/2017;15:26:00;66;sem vítima;35,7;BR-153/SP;Sul;Colisão Traseira;1;;;;;;;;;1;4;;;;
08/04/2017;22:13:00;91;com vítima;114,95;BR-153/SP;Sul;Colisão Traseira;;;;1;;1;;;;;2;1;;;
09/04/2017;22:24:00;110;sem vítima;71,5;BR-153/SP;Norte;Colisão Transversal;;;2;;;;;;;;2;;;;
10/04/2017;05:14:00;10;sem vítima;115,8;BR-153/SP;Sul;Colisão Lateral;;;1;;;;;;;1;3;;;;
10/04/2017;07:37:00;24;sem vítima;75;BR-153/SP;Norte;Engavetamento;2;;;;;1;;;;;4;;;;
10/04/2017;20:20:00;128;sem vítima;277,5;BR-153/SP;Sul;Engavetamento;2;;;;;1;;;;;3;;;;
11/04/2017;07:12:00;18;com vítima;72,9;BR-153/SP;Norte;Choque contra veículo no acostamento;1;;;1;;;;;;;2;1;;;
11/04/2017;07:18:00;19;com vítima;52,95;BR-153/SP;Norte;Tombamento de Moto;;;;1;;;;;;;0;2;;;
11/04/2017;07:25:00;20;sem vítima;73,7;BR-153/SP;Norte;Engavetamento;3;;;;;;;;;1;6;;;;
11/04/2017;09:35:00;50;sem vítima;47,9;BR-153/SP;Sul;Atropelamento de Animal;1;;;;;;;;;;1;;;;
11/04/2017;10:31:00;59;sem vítima;256;BR-153/SP;Norte;Tombamento;;;1;;;;;;;;1;;;;
11/04/2017;12:50:00;72;sem vítima;62,5;BR-153/SP;Sul;Engavetamento;2;;;;;1;;;;;5;;;;
12/04/2017;00:16:00;1;sem vítima;87,7;BR-153/SP;Sul;Atropelamento de Animal;1;;;;;;;;;;2;;;;
12/04/2017;17:46:00;83;sem vítima;318;BR-153/SP;Norte;Saída de Pista;;;1;;;;;;;;1;;;;
13/04/2017;07:57:00;18;sem vítima;61,2;BR-153/SP;Sul;Colisão Traseira;1;;;;;;;;;1;2;;;;
13/04/2017;09:41:00;40;sem vítima;62;BR-153/SP;Norte;Colisão Traseira;2;;;;;;;;;;2;;;;
13/04/2017;14:19:00;71;sem vítima;47;BR-153/SP;Norte;Saída de Pista;1;;;;;;;;;;1;;;;
13/04/2017;16:49:00;87;sem vítima;62;BR-153/SP;Sul;Colisão Traseira;2;;;;;;;;;;2;;;;
13/04/2017;17:09:00;91;sem vítima;61;BR-153/SP;Norte;Colisão Lateral;;;;1;;1;;;;;2;;;;
13/04/2017;19:05:00;103;sem vítima;56;BR-153/SP;Norte;Engavetamento;1;;1;;;;;;;1;6;;;;
13/04/2017;20:24:00;112;sem vítima;80;BR-153/SP;Norte;Saída de Pista;1;;;;;;;;;;1;;;;
14/04/2017;01:08:00;5;com vítima;153,3;BR-153/SP;Norte;Colisão Frontal;;;;1;;1;;;;;1;1;;;
14/04/2017;02:13:00;9;com vítima;80,2;BR-153/SP;Norte;Colisão Frontal;2;;;;;;;;;;1;;2;;
14/04/2017;07:39:00;24;com vítima;64,6;BR-153/SP;Sul;Tombamento de Moto;;;;1;;;;;;;0;1;;;
15/04/2017;04:32:00;12;com vítima;227;BR-153/SP;Norte;Tombamento de Moto;;;;1;;;;;;;0;2;;;
15/04/2017;12:06:00;57;sem vítima;84;BR-153/SP;Sul;Saída de Pista;1;;;;;;;;;;5;;;;
15/04/2017;13:43:00;64;sem vítima;211,5;BR-153/SP;Norte;Colisão Traseira;1;;1;;;;;;;;2;;;;
15/04/2017;19:33:00;87;sem vítima;112;BR-153/SP;Norte;Saída de Pista;1;;;;;;;;;;1;;;;
15/04/2017;19:53:00;91;com vítima;171;BR-153/SP;Sul;Engavetamento;2;;;;;1;;;;;8;1;;;
15/04/2017;20:44:00;92;sem vítima;23,7;BR-153/SP;Norte;Atropelamento de Animal;1;;;;;;;;;;5;;;;
16/04/2017;17:42:00;67;com vítima;108;BR-153/SP;Norte;Colisão Transversal;2;;;;;;;;;;1;3;;;