data;horario;n_da_ocorrencia;tipo_de_ocorrencia;km;trecho;sentido;tipo_de_acidente;automovel;bicicleta;caminhao;moto;onibus;outros;tracao_animal;transporte_de_cargas_especiais;trator_maquinas;utilitarios;ilesos;levemente_feridos;moderadamente_feridos;gravemente_feridos;mortos
17/04/2017;09:19:00;30;sem vítima;35,7;BR-153/SP;Norte;Colisão Traseira;2;;;;;;;;;;2;;;;
17/04/2017;10:14:00;36;com vítima;52;BR-153/SP;Sul;Tombamento de Moto;;;;1;;;;;;;0;1;;;
17/04/2017;19:38:00;90;sem vítima;287;BR-153/SP;Sul;Colisão Transversal;1;;;1;;;;;;;4;;;;
18/04/2017;19:51:00;127;sem vítima;85;BR-153/SP;Norte;Colisão Transversal;;;1;;;;;;;1;4;;;;
19/04/2017;07:06:00;15;sem vítima;81;BR-153/SP;Norte;Tombamento de Moto;;;;1;;;;;;;2;;;;
19/04/2017;08:20:00;28;sem vítima;62,1;BR-153/SP;Sul;Colisão Traseira;;;;1;;1;;;;;2;;;;
20/04/2017;11:32:00;61;com vítima;57,4;BR-153/SP;Norte;Tombamento de Moto;;;;1;;;;;;;0;1;;;
20/04/2017;18:39:00;95;sem vítima;63;BR-153/SP;Sul;Colisão Traseira;1;;;;;1;;;;;2;;;;
20/04/2017;18:53:00;98;com vítima;64;BR-153/SP;Norte;Colisão Traseira;1;;;1;;;;;;;1;1;;;
21/04/2017;11:43:00;25;com vítima;208,85;BR-153/SP;Norte;Colisão Transversal;1;;;;;;;;;1;1;2;1;;
22/04/2017;00:17:00;1;com vítima;25,7;BR-153/SP;Sul;Saída de Pista;1;;;;;;;;;;0;1;;;
22/04/2017;00:23:00;2;sem vítima;55,2;BR-153/SP;Sul;Colisão Traseira;1;;;;;;;;;1;3;;;;
22/04/2017;13:37:00;57;com vítima;272;BR-153/SP;Norte;Tombamento de Moto;;;;1;;;;;;;0;1;;;
22/04/2017;16:07:00;78;sem vítima;268,1;BR-153/SP;Sul;Tombamento;1;;;;;;;;;;1;;;;
22/04/2017;20:32:00;97;sem vítima;60,9;BR-153/SP;Sul;Colisão Traseira;2;;;;;;;;;;8;;;;
24/04/2017;07:14:00;12;com vítima;74,9;BR-153/SP;Norte;Colisão Traseira;;;;;1;;;;;1;7;1;;;
24/04/2017;21:45:00;102;com vítima;2,2;BR-153/SP;Sul;Colisão Frontal;1;;;;;;;;;1;1;2;;1;
25/04/2017;06:54:00;12;com vítima;116;BR-153/SP;Norte;Colisão Transversal;1;;;1;;;;;;;1;1;;;
25/04/2017;11:46:00;58;com vítima;147,5;BR-153/SP;Sul;Capotamento;1;;;;;;;;;;0;;1;;
25/04/2017;13:25:00;67;com vítima;184;BR-153/SP;Norte;Tombamento de Moto;;;;1;;;;;;;0;1;;;
25/04/2017;14:25:00;75;sem vítima;62,9;BR-153/SP;Sul;Colisão Traseira;1;;;;;;;;;1;2;;;;
25/04/2017;14:47:00;77;com vítima;61,9;BR-153/SP;Sul;Colisão Lateral;;1;;1;;;;;;;0;2;;;
25/04/2017;17:01:00;82;sem vítima;69;BR-153/SP;Norte;Colisão Transversal;1;;1;;;;;;;;2;;;;
26/04/2017;11:23:00;56;com vítima;62;BR-153/SP;Sul;Colisão Frontal;1;;1;;;;;;;;1;;1;;
26/04/2017;11:33:00;59;com vítima;61,7;BR-153/SP;Sul;Engavetamento;3;;;;;;;;;;3;1;;;
27/04/2017;13:42:00;66;com vítima;65,02;BR-153/SP;Norte;Colisão Traseira;1;;;1;;;;;;;0;2;;;
28/04/2017;01:11:00;4;sem vítima;262,3;BR-153/SP;Norte;Colisão Transversal;1;;1;;;;;;;;2;;;;
28/04/2017;23:46:00;114;com vítima;58;BR-153/SP;Sul;Saída de Pista;1;;;;;;;;;;0;1;;;
29/04/2017;01:45:00;7;com vítima;70,5;BR-153/SP;Sul;Tombamento de Moto;;;;1;;;;;;;0;1;;;
29/04/2017;16:56:00;70;com vítima;325;BR-153/SP;Sul;Saída de Pista;1;;;;;;;;;;2;2;;;
29/04/2017;22:13:00;93;sem vítima;73;BR-153/SP;Sul;Saída de Pista;1;;;;;;;;;;1;;;;
30/04/2017;09:53:00;40;com vítima;307;BR-153/SP;Sul;Capotamento;1;;;;;;;;;;0;;;;1
30/04/2017;17:56:00;78;com vítima;337;BR-153/SP;Sul;Tombamento de Moto;;;;1;;;;;;;0;1;;;
30/04/2017;19:35:00;87;com vítima;70,5;BR-153/SP;Norte;Colisão Transversal;1;;;;;;;;;1;5;3;;;
30/04/2017;21:01:00;91;com vítima;29;BR-153/SP;Sul;Atropelamento de Animal;1;;;;;;;;;;1;;;1;
01/05/2017;19:42:00;81;com vítima;51,5;BR-153/SP;Norte;Colisão Transversal;2;;;;;;;;;;2;2;;;
01/05/2017;19:45:00;82;sem vítima;111;BR-153/SP;Norte;Colisão Lateral;2;;;;;;;;;;8;;;;
02/05/2017;15:04:00;68;com vítima;256,5;BR-153/SP;Norte;Tombamento;;;1;;;;;;;;0;1;;;
03/05/2017;10:00:00;41;sem vítima;103,7;BR-153/SP;Norte;Atropelamento de Animal;1;;;;;;;;;;1;;;;
03/05/2017;11:06:00;55;com vítima;62,1;BR-153/SP;Norte;Engavetamento;1;;1;;;;;;;1;4;1;1;;
03/05/2017;14:20:00;70;sem vítima;62;BR-153/SP;Sul;Colisão Traseira;1;;;;;1;;;;;2;;;;
03/05/2017;14:29:00;74;com vítima;62,6;BR-153/SP;Sul;Tombamento de Moto;;;;1;;;;;;;0;1;;;
04/05/2017;07:53:00;17;sem vítima;63,6;BR-153/SP;Sul;Colisão Traseira;2;;;;;;;;;;3;;;;
04/05/2017;08:02:00;20;sem vítima;62,9;BR-153/SP;Sul;Colisão Traseira;1;;;;;;;;;1;2;;;;
04/05/2017;08:36:00;27;sem vítima;58;BR-153/SP;Norte;Colisão Transversal;1;;1;;;;;;;;3;;;;
04/05/2017;10:12:00;51;sem vítima;114,9;BR-153/SP;Norte;Saída de Pista;;;1;;;;;;;;1;;;;
04/05/2017;11:38:00;64;sem vítima;183,8;BR-153/SP;Norte;Colisão Traseira;1;;;;;;;;;1;2;;;;
04/05/2017;14:11:00;75;sem vítima;23;BR-153/SP;Sul;Colisão Traseira;;;2;;;;;;;;3;;;;
04/05/2017;18:36:00;98;sem vítima;82;BR-153/SP;Norte;Colisão Traseira;2;;;1;;;;;;;3;;;;
05/05/2017;06:44:00;11;com vítima;75;BR-153/SP;Norte;Tombamento de Moto;;;;1;;;;;;;0;1;;;
05/05/2017;07:24:00;13;com vítima;61,2;BR-153/SP;Sul;Tombamento de Moto;;;;1;;;;;;;0;1;;;
05/05/2017;17:54:00;109;sem vítima;61;BR-153/SP;Norte;Colisão Traseira;2;;;;;;;;;;4;;;;
05/05/2017;18:06:00;110;com vítima;63;BR-153/SP;Norte;Colisão Traseira;;;1;1;;;;;;;1;1;;;
06/05/2017;17:36:00;83;com vítima;61;BR-153/SP;Sul;Colisão Lateral;2;;;;;;;;;;3;1;;;
06/05/2017;22:01:00;109;com vítima;32;BR-153/SP;Norte;Saída de Pista;1;;;;;1;;;;;1;1;;;
07/05/2017;06:51:00;14;com vítima;205,1;BR-153/SP;Norte;Saída de Pista;1;;;;;;;;;;0;2;;;
07/05/2017;22:17:00;88;com vítima;184;BR-153/SP;Norte;Colisão Traseira;;;1;;;;;;;1;1;;2;;
08/05/2017;07:44:00;27;sem vítima;63,8;BR-153/SP;Sul;Colisão Traseira;2;;;;;1;;;;;4;;;;
08/05/2017;07:48:00;28;com vítima;62,5;BR-153/SP;Sul;Colisão Traseira;1;;;2;;;;;;;1;1;;;1
08/05/2017;09:28:00;51;sem vítima;60,3;BR-153/SP;Sul;Colisão Traseira;;;;;;1;;;;1;2;;;;
08/05/2017;10:27:00;55;sem vítima;67,4;BR-153/SP;Norte;Colisão Lateral;1;;1;;;;;;;;2;;;;
09/05/2017;00:09:00;1;sem vítima;183;BR-153/SP;Sul;Tombamento;;;1;;;;;;;;1;;;;
09/05/2017;06:30:00;13;com vítima;63;BR-153/SP;Sul;Colisão Traseira;1;;;1;;;;;;;2;1;;;
09/05/2017;08:20:00;26;sem vítima;62;BR-153/SP;Sul;Colisão Traseira;1;;;;;;;;;1;3;;;;
10/05/2017;07:51:00;15;sem vítima;62;BR-153/SP;Sul;Colisão Traseira;1;;;1;;;;;;;2;;;;
10/05/2017;18:57:00;105;sem vítima;161,1;BR-153/SP;Norte;Colisão Traseira;;;2;;;;;;;;2;;;;
11/05/2017;06:37:00;6;com vítima;87,5;BR-153/SP;Norte;Saída de Pista;;;;;;;;;;1;0;1;;;
11/05/2017;08:54:00;30;sem vítima;62;BR-153/SP;Sul;Engavetamento;2;;;;;;;;;2;4;;;;
11/05/2017;09:19:00;34;sem vítima;86,6;BR-153/SP;Norte;Colisão Traseira;1;;;;;;;;;1;2;;;;
12/05/2017;06:57:00;13;com vítima;56;BR-153/SP;Sul;Colisão Lateral;1;;;1;;;;;;;1;1;;;
12/05/2017;07:25:00;18;com vítima;71,5;BR-153/SP;Norte;Colisão Lateral;;;;1;;;;;;1;1;1;;;
12/05/2017;07:35:00;19;sem vítima;183,8;BR-153/SP;Sul;Colisão Traseira;;;;;;;;;;2;8;;;;
12/05/2017;09:42:00;36;sem vítima;63;BR-153/SP;Sul;Colisão Traseira;2;;;;;;;;;;2;;;;
12/05/2017;14:10:00;67;sem vítima;268,1;BR-153/SP;Norte;Colisão Traseira;2;;;;;;;;;;4;;;;
12/05/2017;18:41:00;91;sem vítima;54;BR-153/SP;Norte;Choque contra objeto na faixa de rolamento;1;;2;;;;;;;;5;;;;
12/05/2017;19:04:00;95;com vítima;58;BR-153/SP;Norte;Colisão Transversal;1;1;;;;;;;;;1;;;1;
12/05/2017;19:35:00;96;com vítima;58;BR-153/SP;Sul;Colisão Lateral;1;;;1;;;;;;;1;1;;;
12/05/2017;23:53:00;114;sem vítima;70;BR-153/SP;Sul;Colisão Traseira;2;;;;;;;;;;3;;;;
13/05/2017;00:59:00;4;sem vítima;175;BR-153/SP;Sul;Colisão Traseira;1;;1;;;;;;;;2;;;;
13/05/2017;09:44:00;35;sem vítima;63;BR-153/SP;Sul;Colisão Traseira;1;;;;;;;;;1;2;;;;
13/05/2017;11:42:00;52;sem vítima;64,1;BR-153/SP;Norte;Saída de Pista;1;;;;;;;;;;1;;;;
13/05/2017;14:47:00;73;com vítima;72,5;BR-153/SP;Norte;Colisão Transversal;2;;;;;;;;;;3;1;;;
13/05/2017;15:42:00;79;com vítima;58;BR-153/SP;Sul;Colisão Transversal;2;;;;;;;;;;6;1;;;
14/05/2017;09:04:00;28;sem vítima;97;BR-153/SP;Norte;Saída de Pista;1;;;;;;;;;;2;;;;
14/05/2017;18:44:00;77;com vítima;228,8;BR-153/SP;Norte;Engavetamento;1;;1;;;;;;;1;6;;1;;
14/05/2017;23:53:00;95;sem vítima;55,7;BR-153/SP;Norte;Saída de Pista;1;;;;;;;;;;3;;;;
15/05/2017;07:07:00;11;com vítima;32,7;BR-153/SP;Sul;Saída de Pista;;;;1;;;;;;;0;;1;;
15/05/2017;08:41:00;24;sem vítima;62;BR-153/SP;Sul;Colisão Traseira;1;;;;;;;;;1;2;;;;
15/05/2017;09:24:00;31;sem vítima;61;BR-153/SP;Sul;Engavetamento;2;;;;;;;;;1;3;;;;
15/05/2017;13:38:00;54;com vítima;62;BR-153/SP;Sul;Outros;;;;1;;;;;;;0;1;;;
15/05/2017;21:47:00;107;com vítima;27,2;BR-153/SP;Norte;Colisão Lateral;1;;;;;1;;;;;2;1;;;
16/05/2017;11:44:00;64;sem vítima;257,8;BR-153/SP;Norte;Colisão Traseira;;;2;;;;;;;;2;;;;
17/05/2017;07:13:00;17;com vítima;71,5;BR-153/SP;Norte;Tombamento de Moto;;;;1;;;;;;;0;1;;;
17/05/2017;07:46:00;22;sem vítima;64;BR-153/SP;Norte;Colisão Traseira;1;;;;;;;;;1;2;;;;
19/05/2017;03:09:00;4;sem vítima;175,5;BR-153/SP;Norte;Atropelamento de Animal;1;;;;;;;;;;2;;;;
19/05/2017;11:23:00;54;sem vítima;98,5;BR-153/SP;Norte;Colisão Traseira;1;;1;;;;;;;;2;;;;
19/05/2017;16:42:00;92;sem vítima;73;BR-153/SP;Norte;Colisão Lateral;;;1;;;1;;;;;2;;;;
19/05/2017;18:22:00;106;com vítima;60;BR-153/SP;Sul;Engavetamento;2;;;;1;;;;;;3;;1;;
19/05/2017;18:45:00;108;com vítima;31;BR-153/SP;Sul;Saída de Pista;1;;;;;;;;;;3;1;;;
19/05/2017;19:59:00;116;com vítima;95,4;BR-153/SP;Sul;Saída de Pista;1;;;;;;;;;;0;1;;;
19/05/2017;21:33:00;126;sem vítima;55;BR-153/SP;Sul;Colisão Transversal;2;;;;;;;;;;5;;;;
20/05/2017;05:00:00;14;sem vítima;42,2;BR-153/SP;Norte;Atropelamento de Animal;;;1;;;;;;;;1;;;;
20/05/2017;10:18:00;48;sem vítima;276;BR-153/SP;Norte;Saída de Pista;;;;;;;;;;1;1;;;;
20/05/2017;14:40:00;66;sem vítima;74,8;BR-153/SP;Sul;Engavetamento;2;;;;;1;;;;;5;;;;
20/05/2017;18:25:00;89;sem vítima;55,2;BR-153/SP;Sul;Saída de Pista;1;;;;;;;;;;1;;;;
20/05/2017;20:59:00;97;com vítima;58,7;BR-153/SP;Norte;Colisão Transversal;;;;1;;;;;;1;1;2;;;
21/05/2017;19:47:00;72;sem vítima;53,2;BR-153/SP;Norte;Choque contra Objeto Fixo;1;;;;;;;;;;1;;;;
21/05/2017;20:44:00;77;sem vítima;57;BR-153/SP;Norte;Saída de Pista;1;;;;;;;;;;4;;;;
21/05/2017;22:05:00;83;sem vítima;142,5;BR-153/SP;Norte;Colisão Lateral;;;2;;;;;;;;3;;;;
22/05/2017;14:16:00;73;sem vítima;72,5;BR-153/SP;Norte;Colisão Transversal;;;1;;;;;;;1;2;;;;
22/05/2017;20:49:00;108;com vítima;75;BR-153/SP;Norte;Saída de Pista;;;1;;;;;;;;0;1;;;
23/05/2017;08:21:00;26;com vítima;60,7;BR-153/SP;Norte;Tombamento de Moto;;;;1;;;;;;;0;1;;;
23/05/2017;17:14:00;94;com vítima;62;BR-153/SP;Sul;Choque contra Objeto Fixo;2;;;;;;;;;1;2;1;;;
24/05/2017;01:02:00;3;sem vítima;96,8;BR-153/SP;Norte;Saída de Pista;;;;;;;;;;1;1;;;;
24/05/2017;06:28:00;24;com vítima;45;BR-153/SP;Sul;Colisão Transversal;1;;;1;;;;;;;2;;;1;
25/05/2017;10:37:00;42;sem vítima;56;BR-153/SP;Norte;Colisão Transversal;2;;;;;;;;;;2;;;;
26/05/2017;10:46:00;48;com vítima;273,9;BR-153/SP;Norte;Saída de Pista;;;1;;;;;;;;0;;;;1
26/05/2017;15:34:00;76;com vítima;63,6;BR-153/SP;Sul;Colisão Traseira;1;;;;;;;;;1;1;1;;;
26/05/2017;15:56:00;80;com vítima;122;BR-153/SP;Norte;Saída de Pista;;;;;;;;;;1;0;;1;;
26/05/2017;23:13:00;119;com vítima;95,9;BR-153/SP;Sul;Colisão Transversal;;;1;;;;;;;1;1;;1;;
27/05/2017;01:08:00;4;sem vítima;74;BR-153/SP;Sul;Colisão Transversal;1;;1;;;;;;;;2;;;;
27/05/2017;03:56:00;7;sem vítima;56;BR-153/SP;Norte;Capotamento;;;;;;;;;;1;1;;;;
27/05/2017;09:11:00;29;com vítima;161;BR-153/SP;Sul;Tombamento de Moto;;;;1;;;;;;;0;1;;1;
27/05/2017;23:41:00;110;sem vítima;31;BR-153/SP;Sul;Colisão Traseira;2;;;;;;;;;;2;;;;
28/05/2017;02:32:00;13;com vítima;230;BR-153/SP;Norte;Saída de Pista;;;;;;;;;;1;1;2;;;
28/05/2017;06:33:00;21;sem vítima;56;BR-153/SP;Sul;Saída de Pista;1;;;;;;;;;;1;;;;
30/05/2017;04:45:00;1;sem vítima;224,9;BR-153/SP;Norte;Capotamento;;;;;;;;;;1;3;;;;
30/05/2017;05:21:00;2;com vítima;183,9;BR-153/SP;Norte;Tombamento de Moto;;;;1;;;;;;;0;1;;;
30/05/2017;11:15:00;50;sem vítima;148,5;BR-153/SP;Sul;Engavetamento;1;;1;;;;;;;1;3;;;;
31/05/2017;08:47:00;22;sem vítima;62,8;BR-153/SP;Sul;Engavetamento;1;;1;;;;;;;1;3;;;;
31/05/2017;18:23:00;90;com vítima;61,95;BR-153/SP;Sul;Colisão Traseira;;;;1;;1;;;;;1;1;;;
31/05/2017;18:48:00;92;sem vítima;61,5;BR-153/SP;Sul;Engavetamento;3;;;;;;;;;;6;;;;
31/05/2017;19:54:00;98;sem vítima;71,8;BR-153/SP;Sul;Colisão Traseira;2;;;;;;;;;;2;;;;
31/05/2017;21:46:00;109;sem vítima;61;BR-153/SP;Sul;Colisão Traseira;2;;;;;;;;;;2;;;;
01/06/2017;09:43:00;48;com vítima;337;BR-153/SP;Norte;Saída de Pista;;;;;;;;;;1;0;1;;;
01/06/2017;18:32:00;90;sem vítima;74,8;BR-153/SP;Sul;Engavetamento;3;;;;;;;;;;4;;;;
03/06/2017;05:19:00;8;sem vítima;70;BR-153/SP;Norte;Saída de Pista;;;;;;;;;;1;1;;;;
03/06/2017;08:21:00;27;com vítima;256,5;BR-153/SP;Norte;Tombamento;;;1;;;;;;;;0;1;;;
03/06/2017;12:46:00;54;sem vítima;62,5;BR-153/SP;Sul;Engavetamento;2;;;;;;;;;2;5;;;;
03/06/2017;13:03:00;56;sem vítima;62,9;BR-153/SP;Norte;Colisão Traseira;2;;;;;;;;;;2;;;;
03/06/2017;13:44:00;61;com vítima;51,7;BR-153/SP;Norte;Colisão Traseira;1;;;1;;;;;;;1;2;;;
03/06/2017;19:58:00;80;sem vítima;70,6;BR-153/SP;Norte;Saída de Pista;1;;;;;;;;;;5;;;;
03/06/2017;22:04:00;91;sem vítima;68;BR-153/SP;Norte;Colisão Transversal;2;;;;;;;;;;5;;;;
04/06/2017;20:14:00;75;sem vítima;61,2;BR-153/SP;Norte;Saída de Pista;1;;;;;1;;;;;3;;;;
05/06/2017;00:05:00;2;com vítima;33;BR-153/SP;Sul;Atropelamento de Animal;;;;1;;;;;;;0;2;;;
05/06/2017;01:01:00;7;sem vítima;195;BR-153/SP;Norte;Capotamento;1;;;;;;;;;;2;;;;
05/06/2017;07:46:00;19;sem vítima;72,5;BR-153/SP;Norte;Colisão Traseira;1;;;1;;;;;;;3;;;;
05/06/2017;07:52:00;20;sem vítima;73,5;BR-153/SP;Norte;Engavetamento;3;;;;;;;;;;5;;;;
05/06/2017;08:12:00;21;sem vítima;73;BR-153/SP;Norte;Colisão Traseira;2;;;;;;;;;;2;;;;
05/06/2017;21:50:00;96;com vítima;304;BR-153/SP;Sul;Capotamento;1;;;;;;;;;;0;1;;;
06/06/2017;07:51:00;17;com vítima;342;BR-153/SP;Norte;Saída de Pista;1;;;;;;;;;;0;1;;;
07/06/2017;06:08:00;5;com vítima;65;BR-153/SP;Sul;Colisão Lateral;1;;1;;;;;;;;1;1;;;
07/06/2017;20:00:00;109;sem vítima;75;BR-153/SP;Sul;Colisão Traseira;2;;;;;;;;;;4;;;;
08/06/2017;01:50:00;4;sem vítima;51;BR-153/SP;Norte;Saída de Pista;1;;;;;;;;;;1;;;;
10/06/2017;21:09:00;98;sem vítima;55,8;BR-153/SP;Norte;Tombamento de Moto;;;;1;;;;;;;1;;;;
10/06/2017;23:01:00;103;sem vítima;57;BR-153/SP;Norte;Atropelamento de Animal;2;;;;;1;;;;;4;;;;
11/06/2017;00:53:00;3;sem vítima;66,4;BR-153/SP;Sul;Choque contra Objeto Fixo;1;;;;;;;;;;1;;;;
11/06/2017;14:57:00;59;sem vítima;35,7;BR-153/SP;Norte;Colisão Lateral;1;;1;;;;;;;;3;;;;
11/06/2017;19:50:00;87;sem vítima;2;BR-153/SP;Norte;Tombamento de Moto;;;;1;;;;;;;2;;;;
12/06/2017;07:34:00;15;sem vítima;62,3;BR-153/SP;Sul;Colisão Traseira;1;;;;;;;;;1;2;;;;
12/06/2017;10:01:00;31;sem vítima;62,3;BR-153/SP;Sul;Colisão Traseira;2;;;;;;;;;;2;;;;
12/06/2017;14:34:00;51;com vítima;61,8;BR-153/SP;Sul;Colisão Traseira;2;;;;;;;;;;0;3;;;
12/06/2017;18:26:00;68;sem vítima;70;BR-153/SP;Sul;Engavetamento;1;;;;;2;;;;;3;;;;
13/06/2017;07:11:00;10;sem vítima;205;BR-153/SP;Norte;Choque contra objeto na faixa de rolamento;;;2;;;;;;;;2;;;;
13/06/2017;07:49:00;13;com vítima;71;BR-153/SP;Norte;Tombamento de Moto;;;;1;;;;;;;1;1;;;
13/06/2017;09:16:00;19;com vítima;313,6;BR-153/SP;Sul;Saída de Pista;;;1;;;;;;;;1;1;;;
13/06/2017;11:09:00;31;sem vítima;150;BR-153/SP;Norte;Saída de Pista;;;1;;;;;;;;1;;;;
13/06/2017;13:11:00;41;sem vítima;275,4;BR-153/SP;Norte;Saída de Pista;;;1;;;;;;;;4;;;;
13/06/2017;14:48:00;49;sem vítima;58;BR-153/SP;Sul;Tombamento de Moto;;;;1;;;;;;;2;;;;
13/06/2017;14:48:00;54;sem vítima;58;BR-153/SP;Norte;Tombamento de Moto;;;;1;;;;;;;1;;;;
13/06/2017;20:11:00;74;sem vítima;118,7;BR-153/SP;Sul;Colisão Lateral;1;;;;;1;;;;;3;;;;
14/06/2017;12:55:00;60;com vítima;66,5;BR-153/SP;Sul;Tombamento de Moto;;;;1;;;;;;;0;1;;;
14/06/2017;18:59:00;87;sem vítima;308;BR-153/SP;Sul;Colisão Traseira;1;;;;;1;;;;;3;;;;
15/06/2017;04:10:00;5;sem vítima;107;BR-153/SP;Sul;Saída de Pista;1;;;;;;;;;;1;;;;
15/06/2017;15:03:00;52;sem vítima;189,4;BR-153/SP;Sul;Colisão Traseira;1;;;;;;;;;1;7;;;;
15/06/2017;18:06:00;69;com vítima;141;BR-153/SP;Sul;Colisão Lateral;;;;;;;;;;2;1;2;2;;
16/06/2017;12:27:00;45;com vítima;61;BR-153/SP;Norte;Tombamento de Moto;;;;1;;;;;;;0;1;;;
16/06/2017;14:01:00;59;sem vítima;62,8;BR-153/SP;Sul;Colisão Traseira;1;;;;;1;;;;;2;;;;
17/06/2017;09:21:00;25;com vítima;174,4;BR-153/SP;Sul;Colisão Transversal;;;2;;;;;;;;1;2;;;
17/06/2017;18:52:00;60;com vítima;61,3;BR-153/SP;Norte;Tombamento de Moto;;;;1;;;;;;;0;1;;;
17/06/2017;19:32:00;65;sem vítima;60,85;BR-153/SP;Sul;Colisão Traseira;1;;1;;;;;;;;6;;;;
17/06/2017;20:32:00;69;com vítima;60;BR-153/SP;Sul;Colisão Traseira;1;;;1;;;;;;;1;1;;;
17/06/2017;23:42:00;79;com vítima;55,85;BR-153/SP;Sul;Saída de Pista;1;;;;;;;;;;1;1;;;
18/06/2017;21:23:00;69;sem vítima;56;BR-153/SP;Norte;Tombamento de Moto;;;;1;;;;;;;1;;;;
19/06/2017;09:30:00;34;sem vítima;58,8;BR-153/SP;Sul;Colisão Transversal;2;;;;;;;;;;6;;;;
20/06/2017;07:53:00;18;sem vítima;61,8;BR-153/SP;Sul;Colisão Traseira;1;;1;;;;;;;;2;;;;
21/06/2017;17:11:00;74;sem vítima;62,3;BR-153/SP;Sul;Engavetamento;2;;;;;;;;;1;4;;;;
21/06/2017;18:05:00;76;sem vítima;96,1;BR-153/SP;Sul;Colisão Traseira;1;;1;;;;;;;;3;;;;
21/06/2017;19:03:00;85;sem vítima;70;BR-153/SP;Norte;Colisão Traseira;1;;;;;1;;;;;3;;;;
21/06/2017;19:35:00;87;com vítima;76;BR-153/SP;Norte;Colisão Traseira;1;;;1;;;;;;;1;1;;;
22/06/2017;08:26:00;21;sem vítima;87,7;BR-153/SP;Norte;Tombamento de Moto;;;;1;;;;;;;2;;;;
22/06/2017;09:56:00;39;sem vítima;65;BR-153/SP;Sul;Colisão Traseira;1;;;;;;;;;1;3;;;;
22/06/2017;10:15:00;46;sem vítima;208,85;BR-153/SP;Norte;Colisão Transversal;1;;;;;;;;;1;6;;;;
22/06/2017;18:47:00;96;sem vítima;31,5;BR-153/SP;Sul;Colisão Transversal;1;;1;;;;;;;;2;;;;
23/06/2017;08:02:00;26;sem vítima;58;BR-153/SP;Norte;Colisão Transversal;;;2;;;;;;;;2;;;;
23/06/2017;14:45:00;73;com vítima;182;BR-153/SP;Norte;Colisão Transversal;2;;;;;;;;;;2;2;;;
23/06/2017;17:26:00;89;com vítima;62;BR-153/SP;Sul;Engavetamento;;;;1;;;;;;3;7;1;;;
24/06/2017;00:35:00;2;sem vítima;94;BR-153/SP;Norte;Tombamento de Moto;;;;1;;;;;;;2;;;;
24/06/2017;19:53:00;79;com vítima;98,9;BR-153/SP;Norte;Engavetamento;3;;;;;;;;;;7;1;;;
26/06/2017;16:15:00;71;com vítima;184;BR-153/SP;Norte;Colisão Traseira;1;;1;;;;;;;;1;1;;;
27/06/2017;08:23:00;13;sem vítima;73;BR-153/SP;Norte;Engavetamento;3;;;;;;;;;1;4;;;;
27/06/2017;15:57:00;79;sem vítima;51,8;BR-153/SP;Norte;Colisão Transversal;2;;;;;;;;;;3;;;;
27/06/2017;17:15:00;86;com vítima;58,9;BR-153/SP;Norte;Colisão Transversal;1;;;1;;;;;;;2;1;;;
27/06/2017;18:00:00;92;com vítima;225,4;BR-153/SP;Norte;Colisão Frontal;1;;;;;;;;;1;1;3;2;;
27/06/2017;22:51:00;110;sem vítima;56;BR-153/SP;Norte;Saída de Pista;1;;;;;;;;;;1;;;;
28/06/2017;07:04:00;11;sem vítima;62,2;BR-153/SP;Sul;Colisão Traseira;2;;;;;;;;;;2;;;;
28/06/2017;08:11:00;18;sem vítima;62,8;BR-153/SP;Sul;Engavetamento;3;;;;;;;;;;3;;;;
28/06/2017;08:44:00;23;sem vítima;73;BR-153/SP;Norte;Colisão Traseira;1;;;;;;;;;1;2;;;;
28/06/2017;11:13:00;49;sem vítima;61;BR-153/SP;Norte;Colisão Traseira;;;2;;;;;;;;2;;;;
28/06/2017;13:36:00;59;com vítima;68;BR-153/SP;Norte;Tombamento de Moto;;;;1;;;;;;;0;1;;;
29/06/2017;03:49:00;11;sem vítima;113,5;BR-153/SP;Sul;Colisão Lateral;1;;1;;;;;;;;3;;;;
29/06/2017;08:04:00;21;com vítima;64,9;BR-153/SP;Norte;Atropelamento de Animal;;;;1;;;;;;;0;1;;;
30/06/2017;06:56:00;14;com vítima;71;BR-153/SP;Norte;Tombamento de Moto;;;;1;;;;;;;0;;1;;
30/06/2017;19:01:00;91;sem vítima;82;BR-153/SP;Norte;Colisão Traseira;1;;;;;;;;;1;2;;;;
30/06/2017;22:44:00;110;com vítima;59;BR-153/SP;Sul;Tombamento de Moto;;;;1;;;;;;;0;1;;;
01/07/2017;12:49:00;55;com vítima;154;BR-153/SP;Norte;Colisão Traseira;;;;1;;1;;;;;1;1;;;
01/07/2017;13:45:00;60;sem vítima;337,1;BR-153/SP;Sul;Tombamento;;;1;;;;;;;;1;;;;
01/07/2017;21:05:00;95;com vítima;22;BR-153/SP;Norte;Saída de Pista;1;;;;;;;;;;0;;;;1
02/07/2017;03:45:00;12;sem vítima;302;BR-153/SP;Norte;Saída de Pista;1;;;;;;;;;;3;;;;
02/07/2017;04:41:00;14;com vítima;200,5;BR-153/SP;Norte;Colisão Frontal;1;;;;;;;;;1;0;;1;1;2
02/07/2017;12:11:00;38;sem vítima;268,1;BR-153/SP;Norte;Colisão Traseira;;;1;1;;;;;;;3;;;;