data;horario;n_da_ocorrencia;tipo_de_ocorrencia;km;trecho;sentido;tipo_de_acidente;automovel;bicicleta;caminhao;moto;onibus;outros;tracao_animal;transporte_de_cargas_especiais;trator_maquinas;utilitarios;ilesos;levemente_feridos;moderadamente_feridos;gravemente_feridos;mortos
02/07/2017;22:21:00;79;sem vítima;136;BR-153/SP;Sul;Choque contra Objeto Fixo;1;;;;;;;;;;1;;;;
03/07/2017;15:45:00;67;com vítima;62;BR-153/SP;Sul;Engavetamento;1;;;;;;;;;2;4;2;;;
05/07/2017;14:35:00;58;sem vítima;62;BR-153/SP;Sul;Engavetamento;3;;;;;1;;;;;7;;;;
05/07/2017;19:38:00;88;sem vítima;164;BR-153/SP;Norte;Saída de Pista;;;1;;;;;;;;1;;;;
05/07/2017;20:42:00;94;sem vítima;74;BR-153/SP;Norte;Saída de Pista;1;;;;;1;;;;;2;;;;
06/07/2017;03:45:00;10;com vítima;130;BR-153/SP;Sul;Tombamento de Moto;;;;1;;;;;;;0;;1;;
06/07/2017;14:22:00;65;com vítima;58,8;BR-153/SP;Norte;Tombamento de Moto;;;;1;;;;;;;0;2;;;
06/07/2017;14:38:00;66;sem vítima;73,5;BR-153/SP;Sul;Capotamento;1;;;;;;;;;;1;;;;
06/07/2017;16:15:00;80;sem vítima;336,1;BR-153/SP;Norte;Colisão Traseira;;;1;;;;;;;1;2;;;;
06/07/2017;18:30:00;94;com vítima;60,3;BR-153/SP;Norte;Tombamento de Moto;;;;1;;;;;;;0;1;;;
09/07/2017;05:23:00;15;sem vítima;79;BR-153/SP;Norte;Colisão Lateral;1;;;;;;;;;1;4;;;;
09/07/2017;18:14:00;79;com vítima;65,5;BR-153/SP;Sul;Colisão Frontal;2;;;;;;;;;;4;1;;;
10/07/2017;20:34:00;94;sem vítima;62;BR-153/SP;Norte;Saída de Pista;1;;;;;;;;;;2;;;;
11/07/2017;19:07:00;99;sem vítima;71;BR-153/SP;Norte;Colisão Traseira;1;;;;;;;;;1;2;;;;
12/07/2017;10:23:00;34;com vítima;62,3;BR-153/SP;Sul;Engavetamento;1;;1;;;;;;;1;1;2;;;
13/07/2017;17:40:00;73;com vítima;52;BR-153/SP;Norte;Colisão Transversal;1;;;1;;;;;;;1;2;;;
13/07/2017;23:35:00;101;com vítima;256,5;BR-153/SP;Norte;Tombamento de Moto;;;;1;;;;;;;0;1;;;
14/07/2017;03:34:00;6;sem vítima;76,4;BR-153/SP;Sul;Saída de Pista;1;;;;;;;;;;2;;;;
14/07/2017;11:06:00;38;sem vítima;35,8;BR-153/SP;Norte;Colisão Traseira;1;;1;;;;;;;;2;;;;
14/07/2017;21:11:00;86;com vítima;40;BR-153/SP;Norte;Colisão Frontal;1;;;;1;;;;;;41;1;1;1;1
15/07/2017;11:37:00;31;sem vítima;58;BR-153/SP;Norte;Colisão Transversal;2;;;;;;;;;;4;;;;
15/07/2017;22:26:00;76;com vítima;157,6;BR-153/SP;Norte;Atropelamento de Animal;;;;1;;;;;;;0;;1;1;
16/07/2017;21:34:00;95;sem vítima;45;BR-153/SP;Sul;Colisão Traseira;1;;;;;1;;;;;2;;;;
17/07/2017;11:22:00;46;com vítima;98,9;BR-153/SP;Norte;Engavetamento;1;;;;;1;;;;1;2;2;;;
17/07/2017;14:02:00;67;sem vítima;62;BR-153/SP;Sul;Engavetamento;2;;;;;1;;;;2;8;;;;
17/07/2017;17:08:00;83;sem vítima;70,4;BR-153/SP;Norte;Engavetamento;1;;;;;1;;;;3;9;;;;
18/07/2017;17:02:00;81;sem vítima;183,8;BR-153/SP;Sul;Tombamento de Moto;;;;1;;;;;;;1;;;;
19/07/2017;15:39:00;77;sem vítima;98,5;BR-153/SP;Sul;Colisão Traseira;;;1;1;;;;;;;3;;;;
20/07/2017;08:05:00;18;sem vítima;61;BR-153/SP;Sul;Engavetamento;1;;;;;;;;;2;3;;;;
20/07/2017;08:47:00;24;sem vítima;62,3;BR-153/SP;Sul;Colisão Traseira;1;;;;;;;;;1;2;;;;
21/07/2017;03:28:00;5;sem vítima;63,4;BR-153/SP;Norte;Colisão Lateral;1;;1;;;;;;;;2;;;;
21/07/2017;03:49:00;6;com vítima;63,8;BR-153/SP;Norte;Saída de Pista;1;;;;;;;;;;0;;;2;
22/07/2017;02:45:00;7;com vítima;62,7;BR-153/SP;Norte;Colisão Traseira;2;;;;;;;;;;0;1;1;;
22/07/2017;13:47:00;61;com vítima;175;BR-153/SP;Sul;Colisão Traseira;;;1;;1;;;;;;2;5;;;
23/07/2017;13:14:00;40;sem vítima;280;BR-153/SP;Norte;Colisão Traseira;2;;;;;;;;;;8;;;;
23/07/2017;17:05:00;72;com vítima;63,05;BR-153/SP;Sul;Colisão Traseira;1;;;1;;;;;;;2;1;;;
25/07/2017;06:26:00;8;sem vítima;185;BR-153/SP;Sul;Atropelamento de Animal;;;1;;;;;;;;1;;;;
25/07/2017;07:37:00;15;sem vítima;284,5;BR-153/SP;Norte;Colisão Traseira;;;2;;;;;;;;2;;;;
25/07/2017;08:39:00;25;sem vítima;62;BR-153/SP;Sul;Colisão Traseira;2;;;;;;;;;;4;;;;
25/07/2017;06:36:00;51;com vítima;184,8;BR-153/SP;Sul;Atropelamento de Animal;;;;1;;;;;;;0;1;;;
26/07/2017;17:49:00;104;com vítima;64,7;BR-153/SP;Sul;Colisão Traseira;;;;;;;;;;2;1;1;;;
27/07/2017;17:18:00;78;sem vítima;62;BR-153/SP;Sul;Colisão Traseira;;;;;;;;;;2;5;;;;
28/07/2017;06:29:00;9;sem vítima;99;BR-153/SP;Norte;Tombamento;;;1;;;;;;;;1;;;;
28/07/2017;06:50:00;10;com vítima;72,35;BR-153/SP;Norte;Tombamento de Moto;;;;1;;;;;;;0;1;;;
28/07/2017;10:29:00;36;com vítima;200;BR-153/SP;Norte;Outros;;;;;;;;;;1;2;;;;1
28/07/2017;12:11:00;45;sem vítima;98,5;BR-153/SP;Sul;Colisão Traseira;1;;1;;;;;;;;2;;;;
28/07/2017;13:17:00;52;sem vítima;49;BR-153/SP;Norte;Colisão Traseira;1;;1;;;;;;;;2;;;;
28/07/2017;13:33:00;53;sem vítima;282,7;BR-153/SP;Norte;Saída de Pista;;;;;;;;;;1;1;;;;
28/07/2017;19:39:00;94;sem vítima;66,7;BR-153/SP;Sul;Colisão Lateral;;;2;;;;;;;1;4;;;;
29/07/2017;05:56:00;5;com vítima;145,5;BR-153/SP;Sul;Outros;;;1;;;;;;;;0;1;;;
29/07/2017;12:58:00;43;com vítima;193,3;BR-153/SP;Sul;Tombamento de Moto;;;;1;;;;;;;0;2;;;
29/07/2017;19:29:00;69;com vítima;40;BR-153/SP;Sul;Colisão Lateral;1;;;;;1;;;;;1;1;;;
30/07/2017;03:22:00;5;sem vítima;72,6;BR-153/SP;Norte;Tombamento de Moto;;;;1;;;;;;;1;;;;
30/07/2017;17:06:00;70;com vítima;107;BR-153/SP;Norte;Não Localizado / Evadiu-se;;;;1;;;;;;;0;1;;;
30/07/2017;18:50:00;83;com vítima;57;BR-153/SP;Norte;Colisão Transversal;2;;;;;;;;;;1;1;;;
31/07/2017;04:06:00;7;sem vítima;186;BR-153/SP;Sul;Saída de Pista;;;1;;;1;;;;;2;;;;
31/07/2017;15:41:00;75;sem vítima;56;BR-153/SP;Sul;Colisão Lateral;2;;;;;;;;;;4;;;;
31/07/2017;18:39:00;97;com vítima;56;BR-153/SP;Norte;Tombamento de Moto;;;;1;;;;;;;0;;1;;
01/08/2017;07:27:00;9;sem vítima;62;BR-153/SP;Sul;Colisão Traseira;1;;;;;;;;;1;2;;;;
01/08/2017;16:07:00;55;com vítima;80;BR-153/SP;Sul;Saída de Pista;1;;;;;;;;;;0;1;;;
01/08/2017;18:32:00;78;com vítima;256,9;BR-153/SP;Sul;Tombamento de Moto;;;;1;;;;;;;0;1;;;
01/08/2017;19:13:00;82;sem vítima;0;BR-153/SP;Norte;Colisão Frontal;2;;;;;;;;;;6;;;;
02/08/2017;00:17:00;2;sem vítima;180,8;BR-153/SP;Norte;Saída de Pista;1;;;;;;;;;;7;;;;
02/08/2017;00:23:00;4;sem vítima;160,8;BR-153/SP;Norte;Saída de Pista;1;;;;;;;;;;1;;;;
02/08/2017;14:31:00;70;sem vítima;62,1;BR-153/SP;Sul;Colisão Traseira;2;;;;;;;;;;3;;;;
02/08/2017;14:46:00;74;sem vítima;61,9;BR-153/SP;Sul;Colisão Traseira;;;1;;;;;;;1;2;;;;
03/08/2017;17:12:00;78;com vítima;312;BR-153/SP;Norte;Engavetamento;3;;;;;;;;;1;4;1;;;
03/08/2017;18:48:00;88;com vítima;73;BR-153/SP;Sul;Colisão Traseira;1;;;1;;;;;;;1;2;;;
03/08/2017;19:18:00;90;sem vítima;73;BR-153/SP;Sul;Colisão Traseira;1;;;;;1;;;;;3;;;;
04/08/2017;02:45:00;15;sem vítima;151,5;BR-153/SP;Sul;Colisão Lateral;;;1;;;1;;;;;3;;;;
04/08/2017;05:54:00;17;com vítima;286;BR-153/SP;Sul;Colisão Traseira;;;2;;;;;;;;2;;;1;
04/08/2017;06:36:00;18;com vítima;69;BR-153/SP;Sul;Colisão Transversal;2;;;;;;;;;;2;2;;;
04/08/2017;06:59:00;19;com vítima;75;BR-153/SP;Sul;Colisão Lateral;1;;;1;;;;;;;1;1;;;
04/08/2017;07:42:00;22;sem vítima;94;BR-153/SP;Sul;Colisão Lateral;;;1;;;1;;;;;3;;;;
04/08/2017;13:43:00;51;sem vítima;123,5;BR-153/SP;Norte;Saída de Pista;1;;;;;;;;;;3;;;;
04/08/2017;18:35:00;71;sem vítima;75;BR-153/SP;Norte;Colisão Transversal;2;;;;;;;;;;2;;;;
05/08/2017;10:05:00;27;com vítima;299;BR-153/SP;Norte;Tombamento;;;1;;;;;;;;0;;;;1
05/08/2017;17:15:00;62;sem vítima;48;BR-153/SP;Norte;Colisão Traseira;;;;1;;1;;;;;2;;;;
05/08/2017;18:18:00;69;sem vítima;55,9;BR-153/SP;Norte;Engavetamento;2;;;;;;;;;1;4;;;;
06/08/2017;02:50:00;4;sem vítima;70;BR-153/SP;Norte;Colisão Traseira;1;;;;;;;;;;1;;;;
06/08/2017;19:13:00;76;com vítima;99,3;BR-153/SP;Norte;Colisão Transversal;1;;1;;;;;;;;1;1;;;
08/08/2017;06:02:00;7;sem vítima;13;BR-153/SP;Sul;Colisão Lateral;1;;;;;1;;;;;3;;;;
08/08/2017;06:12:00;8;com vítima;186;BR-153/SP;Norte;Atropelamento de Animal;1;;;;;;;;;;2;2;;;
08/08/2017;06:34:00;13;sem vítima;186;BR-153/SP;Norte;Atropelamento de Animal;1;;;;;;;;;;1;;;;
08/08/2017;08:10:00;23;sem vítima;58;BR-153/SP;Norte;Colisão Transversal;2;;;;;;;;;;4;;;;
09/08/2017;18:03:00;91;com vítima;200,5;BR-153/SP;Norte;Colisão Transversal;1;;1;;;;;;;;1;1;;;
10/08/2017;18:25:00;76;sem vítima;63;BR-153/SP;Sul;Engavetamento;4;;;;;;;;;1;5;;;;
11/08/2017;14:46:00;70;sem vítima;62;BR-153/SP;Norte;Tombamento de Moto;;;;1;;;;;;;1;;;;
11/08/2017;14:59:00;72;sem vítima;63,5;BR-153/SP;Norte;Tombamento de Moto;;;;1;;;;;;;1;;;;
11/08/2017;15:07:00;74;sem vítima;182,7;BR-153/SP;Norte;Saída de Pista;2;;;;;;;;;;4;;;;
11/08/2017;18:33:00;98;com vítima;63,3;BR-153/SP;Norte;Tombamento de Moto;;;;1;;;;;;;0;2;;;
11/08/2017;19:41:00;104;sem vítima;35,8;BR-153/SP;Norte;Colisão Traseira;1;;;;;;;;;1;3;;;;
12/08/2017;13:06:00;59;com vítima;63,9;BR-153/SP;Sul;Tombamento de Moto;;;;1;;;;;;;0;1;;;
12/08/2017;15:20:00;71;sem vítima;180;BR-153/SP;Norte;Colisão Transversal;2;;;;;;;;;;5;;;;
12/08/2017;19:01:00;106;sem vítima;289;BR-153/SP;Norte;Colisão Transversal;2;;;;;;;;;;6;;;;
12/08/2017;22:05:00;112;com vítima;172,5;BR-153/SP;Sul;Colisão Traseira;1;;;1;;;;;;;1;2;;;
13/08/2017;16:55:00;72;sem vítima;58;BR-153/SP;Norte;Colisão Transversal;2;;;;;;;;;;5;;;;
14/08/2017;14:46:00;67;sem vítima;44;BR-153/SP;Norte;Saída de Pista;1;;;;;;;;;;1;;;;
15/08/2017;14:46:00;67;com vítima;276;BR-153/SP;Norte;Colisão Frontal;1;;1;;;;;;;;1;;;2;
15/08/2017;15:55:00;73;sem vítima;110;BR-153/SP;Sul;Colisão Traseira;;;;;;;;;;2;4;;;;
16/08/2017;17:10:00;92;sem vítima;184,9;BR-153/SP;Norte;Colisão Traseira;1;;;;;;;;;1;3;;;;
18/08/2017;07:20:00;9;sem vítima;183,8;BR-153/SP;Norte;Colisão Traseira;2;;;;;;;;;;3;;;;
18/08/2017;16:47:00;54;com vítima;15;BR-153/SP;Sul;Saída de Pista;;;;;;;;;;1;0;1;;;
18/08/2017;20:35:00;75;sem vítima;26,3;BR-153/SP;Norte;Saída de Pista;1;;;;;;;;;;1;;;;
18/08/2017;21:57:00;81;com vítima;74;BR-153/SP;Norte;Colisão Transversal;1;;;;;;;;;1;3;;1;;
19/08/2017;21:13:00;86;sem vítima;55;BR-153/SP;Sul;Saída de Pista;1;;;;;;;;;;1;;;;
20/08/2017;02:38:00;9;sem vítima;148;BR-153/SP;Norte;Saída de Pista;;;;;;;;;;1;1;;;;
20/08/2017;17:21:00;50;sem vítima;54;BR-153/SP;Sul;Saída de Pista;;;;;;;;;;1;2;;;;
21/08/2017;09:04:00;25;sem vítima;297,9;BR-153/SP;Norte;Colisão Traseira;1;;1;;;;;;;;3;;;;
21/08/2017;16:56:00;66;sem vítima;70;BR-153/SP;Norte;Saída de Pista;1;;;;;;;;;;1;;;;
22/08/2017;11:06:00;60;sem vítima;58;BR-153/SP;Norte;Colisão Transversal;1;;;;;;;;;1;3;;;;
22/08/2017;16:22:00;92;sem vítima;57;BR-153/SP;Norte;Colisão Lateral;;;2;;;;;;;;2;;;;
23/08/2017;07:10:00;11;sem vítima;58;BR-153/SP;Norte;Colisão Traseira;2;;;;;;;;;;4;;;;
23/08/2017;16:56:00;97;sem vítima;62;BR-153/SP;Sul;Colisão Traseira;1;;1;;;;;;;;5;;;;
23/08/2017;22:54:00;122;sem vítima;62;BR-153/SP;Sul;Choque contra Objeto Fixo;1;;;;;;;;;;2;;;;
24/08/2017;19:32:00;110;com vítima;31;BR-153/SP;Norte;Tombamento de Moto;;;;1;;;;;;;0;2;;;
25/08/2017;18:49:00;131;sem vítima;58,8;BR-153/SP;Norte;Colisão Transversal;2;;;;;;;;;;2;;;;
26/08/2017;19:35:00;85;com vítima;195;BR-153/SP;Norte;Saída de Pista;1;;;;;;;;;;0;4;;;
27/08/2017;13:40:00;41;sem vítima;15;BR-153/SP;Sul;Choque contra Objeto Fixo;;;;;;;;;;1;1;;;;
27/08/2017;16:45:00;56;sem vítima;35;BR-153/SP;Sul;Colisão Traseira;2;;;;;;;;;;5;;;;
27/08/2017;18:13:00;60;com vítima;171;BR-153/SP;Sul;Colisão Transversal;;;1;1;;;;;;;1;;1;;
27/08/2017;20:58:00;73;sem vítima;257,3;BR-153/SP;Sul;Atropelamento de Animal;;;1;;;;;;;;1;;;;
29/08/2017;09:04:00;22;sem vítima;62;BR-153/SP;Sul;Colisão Traseira;;;;;;;;;;2;2;;;;
29/08/2017;09:20:00;24;com vítima;61,9;BR-153/SP;Sul;Colisão Traseira;;;;1;;;;;;;0;1;;;
29/08/2017;15:03:00;60;com vítima;62,95;BR-153/SP;Norte;Colisão Traseira;1;;;1;;;;;;;2;2;;;
30/08/2017;08:10:00;22;sem vítima;61;BR-153/SP;Sul;Colisão Traseira;1;;;;;;;;;1;2;;;;
01/09/2017;06:45:00;11;com vítima;62,8;BR-153/SP;Sul;Colisão Traseira;2;;;;;;;;;;1;1;;;
02/09/2017;09:29:00;17;sem vítima;18;BR-153/SP;Sul;Engavetamento;2;;;;;;;;;1;7;;;;
02/09/2017;12:57:00;31;sem vítima;56;BR-153/SP;Norte;Colisão Traseira;1;;;;;;;;;1;3;;;;
02/09/2017;13:39:00;34;com vítima;109;BR-153/SP;Sul;Capotamento;1;;;;;;;;;;2;2;;;
02/09/2017;15:53:00;50;sem vítima;257,8;BR-153/SP;Sul;Colisão Traseira;2;;;;;;;;;;4;;;;
02/09/2017;20:16:00;87;sem vítima;56;BR-153/SP;Norte;Colisão Traseira;1;;;1;;;;;;;4;;;;
04/09/2017;10:57:00;55;com vítima;115,8;BR-153/SP;Norte;Capotamento;1;;;;;;;;;;0;1;;;
05/09/2017;15:28:00;89;com vítima;56,1;BR-153/SP;Sul;Colisão Traseira;;;;1;;;;;;1;2;1;;;
05/09/2017;18:22:00;108;sem vítima;57;BR-153/SP;Norte;Colisão Transversal;1;;;1;;;;;;;2;;;;
06/09/2017;16:16:00;76;sem vítima;58,2;BR-153/SP;Sul;Colisão Lateral;1;;1;;;;;;;;2;;;;
06/09/2017;18:28:00;90;com vítima;65;BR-153/SP;Sul;Engavetamento;3;;1;;;;;;;1;4;;1;;
06/09/2017;19:06:00;94;com vítima;49;BR-153/SP;Norte;Atropelamento  de Pedestre;;;;1;;;;;;;1;;1;;
07/09/2017;20:59:00;106;com vítima;18,6;BR-153/SP;Norte;Colisão Transversal;;;;1;;;;;;1;3;1;1;;
08/09/2017;04:24:00;10;sem vítima;64,5;BR-153/SP;Sul;Saída de Pista;1;;;;;;;;;;2;;;;
08/09/2017;10:39:00;45;com vítima;341;BR-153/SP;Norte;Tombamento de Moto;;;;1;;;;;;;0;1;;;
08/09/2017;16:37:00;95;sem vítima;75;BR-153/SP;Sul;Colisão Traseira;2;;;;;;;;;;2;;;;
09/09/2017;10:09:00;24;com vítima;36;BR-153/SP;Norte;Colisão Traseira;1;;;1;;;;;;;1;;1;;
09/09/2017;16:54:00;61;com vítima;113;BR-153/SP;Norte;Colisão Transversal;1;;;;;;;;;1;6;1;;;
09/09/2017;22:02:00;87;com vítima;72,8;BR-153/SP;Sul;Tombamento de Moto;;;;1;;;;;;;0;1;1;;
10/09/2017;00:27:00;2;com vítima;71;BR-153/SP;Norte;Tombamento de Moto;;;;1;;;;;;;1;1;;;
10/09/2017;18:57:00;100;sem vítima;35,8;BR-153/SP;Sul;Colisão Traseira;2;;;;;;;;;;8;;;;
10/09/2017;22:04:00;112;sem vítima;99;BR-153/SP;Norte;Colisão Transversal;;;1;;;;;;;1;4;;;;
11/09/2017;18:36:00;88;com vítima;57;BR-153/SP;Norte;Tombamento de Moto;;;;1;;;;;;;0;2;;;
12/09/2017;10:12:00;39;com vítima;58;BR-153/SP;Norte;Colisão Transversal;1;;;1;;;;;;;1;1;;;
12/09/2017;14:00:00;60;com vítima;195;BR-153/SP;Norte;Saída de Pista;;;1;;;;;;;;0;1;;;
13/09/2017;08:48:00;23;sem vítima;62;BR-153/SP;Sul;Engavetamento;1;;;;;1;;;;1;4;;;;
13/09/2017;11:45:00;46;com vítima;61;BR-153/SP;Sul;Colisão Lateral;1;;;1;;;;;;;2;1;;;
14/09/2017;03:57:00;5;com vítima;319,9;BR-153/SP;Sul;Saída de Pista;;;;;;;;;;1;0;1;;;
14/09/2017;23:39:00;116;com vítima;145;BR-153/SP;Sul;Saída de Pista;1;;;;;;;;;;0;1;;;
16/09/2017;03:05:00;4;com vítima;61,4;BR-153/SP;Norte;Tombamento de Moto;;;;1;;;;;;;0;;1;;
16/09/2017;10:12:00;44;com vítima;48,7;BR-153/SP;Sul;Colisão Traseira;2;;;;;;;;;;2;2;;;
16/09/2017;12:43:00;58;com vítima;75;BR-153/SP;Norte;Tombamento de Moto;;;;1;;;;;;;0;1;;;
16/09/2017;16:05:00;83;com vítima;63,5;BR-153/SP;Sul;Capotamento;1;;;;;;;;;;0;1;;;
16/09/2017;17:40:00;100;sem vítima;58;BR-153/SP;Norte;Colisão Transversal;1;;;;;;;;;1;4;;;;
17/09/2017;10:43:00;24;sem vítima;62;BR-153/SP;Sul;Colisão Traseira;1;;;1;;;;;;;4;;;;
17/09/2017;17:29:00;65;com vítima;119;BR-153/SP;Sul;Tombamento de Moto;;;;1;;;;;;;0;1;;;
18/09/2017;20:06:00;101;sem vítima;23,7;BR-153/SP;Sul;Saída de Pista;1;;;;;;;;;;2;;;;
19/09/2017;14:34:00;55;sem vítima;118,9;BR-153/SP;Norte;Colisão Lateral;1;;;;;;;;;1;2;;;;
19/09/2017;20:40:00;98;sem vítima;97;BR-153/SP;Norte;Capotamento;;;;;;;;;;1;2;;;;
21/09/2017;15:39:00;92;com vítima;58,5;BR-153/SP;Norte;Colisão Transversal;1;;1;;;;;;;;2;2;;;
21/09/2017;17:23:00;115;sem vítima;70;BR-153/SP;Sul;Colisão Traseira;1;;;;;1;;;;;4;;;;
22/09/2017;18:32:00;108;sem vítima;155,5;BR-153/SP;Sul;Colisão Transversal;1;;;;;;;;;1;2;;;;
23/09/2017;15:30:00;71;com vítima;157,2;BR-153/SP;Sul;Capotamento;1;;;;;;;;;;0;1;;;
23/09/2017;16:08:00;75;sem vítima;133,9;BR-153/SP;Norte;Saída de Pista;1;;;;;;;;;;4;;;;
23/09/2017;19:57:00;94;sem vítima;113;BR-153/SP;Sul;Saída de Pista;1;;;;;;;;;;1;;;;
24/09/2017;18:30:00;99;sem vítima;29,5;BR-153/SP;Sul;Colisão Traseira;2;;;;;;;;;;8;;;;
24/09/2017;19:30:00;104;sem vítima;65;BR-153/SP;Norte;Saída de Pista;1;;;;;;;;;;1;;;;
25/09/2017;05:01:00;8;sem vítima;142;BR-153/SP;Sul;Saída de Pista;1;;;;;;;;;;1;;;;
25/09/2017;20:20:00;94;com vítima;70;BR-153/SP;Norte;Tombamento de Moto;;;;1;;;;;;;0;1;;;
26/09/2017;18:24:00;96;com vítima;58;BR-153/SP;Norte;Colisão Lateral;1;;;1;;;;;;;1;1;;;
27/09/2017;06:42:00;14;com vítima;71;BR-153/SP;Norte;Tombamento de Moto;;;;1;;;;;;;0;1;;;
27/09/2017;07:15:00;17;sem vítima;61;BR-153/SP;Sul;Colisão Traseira;1;;;1;;;;;;;2;;;;
27/09/2017;17:07:00;86;com vítima;60;BR-153/SP;Norte;Tombamento de Moto;;;;1;;;;;;;0;1;;;
28/09/2017;08:16:00;27;sem vítima;63;BR-153/SP;Sul;Incidente;;;1;1;;;;;;;2;;;;
28/09/2017;18:15:00;104;sem vítima;62;BR-153/SP;Norte;Colisão Traseira;1;;;;;;;;;1;2;;;;
29/09/2017;08:09:00;34;sem vítima;257;BR-153/SP;Norte;Outros;1;;;;;;;;;;1;;;;
29/09/2017;16:14:00;90;sem vítima;111,3;BR-153/SP;Sul;Colisão Traseira;1;;;;;;;;;1;2;;;;
29/09/2017;18:59:00;105;sem vítima;61;BR-153/SP;Norte;Colisão Traseira;1;;;;;;;;;1;3;;;;
29/09/2017;22:49:00;123;sem vítima;56;BR-153/SP;Sul;Capotamento;1;;;;;;;;;;1;;;;
29/09/2017;22:58:00;125;sem vítima;75;BR-153/SP;Norte;Colisão Traseira;2;;;;;;;;;;4;;;;
29/09/2017;23:38:00;127;sem vítima;73;BR-153/SP;Sul;Saída de Pista;1;;;;;;;;;;3;;;;
30/09/2017;10:11:00;32;sem vítima;72;BR-153/SP;Norte;Colisão Traseira;2;;;;;;;;;;5;;;;
30/09/2017;15:51:00;66;sem vítima;47;BR-153/SP;Norte;Saída de Pista;;;1;;;;;;;;1;;;;
01/10/2017;23:02:00;102;com vítima;72,3;BR-153/SP;Sul;Saída de Pista;;;;1;;1;;;;;1;1;1;;
01/10/2017;23:19:00;103;sem vítima;72,5;BR-153/SP;Sul;Saída de Pista;1;;;;;;;;;;1;;;;
02/10/2017;07:24:00;24;sem vítima;62,8;BR-153/SP;Norte;Colisão Traseira;1;;;;;;;;;1;4;;;;
02/10/2017;07:33:00;28;sem vítima;62,8;BR-153/SP;Norte;Colisão Traseira;1;;;;;;;;;1;3;;;;
02/10/2017;17:19:00;88;sem vítima;163;BR-153/SP;Norte;Saída de Pista;1;;;;;;;;;;1;;;;
03/10/2017;07:16:00;12;com vítima;274,5;BR-153/SP;Norte;Saída de Pista;;;1;;;;;;;;1;1;;;
03/10/2017;12:34:00;45;sem vítima;65;BR-153/SP;Norte;Colisão Traseira;1;;;;;;;;;1;2;;;;
03/10/2017;19:11:00;87;sem vítima;71;BR-153/SP;Norte;Colisão Lateral;1;;;;1;;;;;;2;;;;
03/10/2017;19:35:00;89;com vítima;65;BR-153/SP;Sul;Tombamento de Moto;;;;1;;;;;;;0;1;;;
03/10/2017;19:44:00;93;sem vítima;71,2;BR-153/SP;Sul;Colisão Lateral;1;;;;1;;;;;;3;;;;
03/10/2017;19:58:00;94;com vítima;327;BR-153/SP;Norte;Colisão Transversal;;;;1;;1;;;;;1;1;;;
04/10/2017;19:09:00;97;com vítima;56;BR-153/SP;Sul;Atropelamento  de Pedestre;1;;;;;;;;;;1;1;;;
05/10/2017;08:23:00;29;sem vítima;62,5;BR-153/SP;Sul;Colisão Traseira;2;;;;;;;;;;2;;;;
06/10/2017;05:23:00;17;sem vítima;98,5;BR-153/SP;Sul;Choque contra Objeto Fixo;1;;1;;;;;;;;2;;;;
06/10/2017;16:41:00;98;sem vítima;61;BR-153/SP;Norte;Colisão Traseira;1;;;1;;;;;;;2;;;;
06/10/2017;16:41:00;100;sem vítima;93,1;BR-153/SP;Norte;Engavetamento;;;4;;;;;;;;4;;;;
06/10/2017;20:00:00;122;sem vítima;26,3;BR-153/SP;Norte;Colisão Traseira;;;;;;;;;;2;4;;;;
06/10/2017;21:12:00;127;sem vítima;174;BR-153/SP;Norte;Tombamento de Moto;;;;1;;;;;;;1;;;;
06/10/2017;23:25:00;133;sem vítima;61,9;BR-153/SP;Sul;Atropelamento de Animal;1;;;;;;;;;;3;;;;
07/10/2017;11:40:00;44;com vítima;70;BR-153/SP;Sul;Tombamento de Moto;;;;1;;;;;;;0;1;;;
08/10/2017;00:40:00;4;com vítima;120;BR-153/SP;Sul;Colisão Traseira;1;;1;;;;;;;;1;;;;1
08/10/2017;16:30:00;61;sem vítima;75;BR-153/SP;Norte;Colisão Traseira;1;;;;;;;;;1;4;;;;
08/10/2017;19:55:00;84;com vítima;54;BR-153/SP;Norte;Tombamento de Moto;;;;1;;;;;;;0;;1;;
09/10/2017;14:26:00;75;com vítima;268,1;BR-153/SP;Norte;Saída de Pista;1;;;;;;;;;;0;1;;;
09/10/2017;17:00:00;94;sem vítima;55,2;BR-153/SP;Sul;Choque contra objeto na faixa de rolamento;1;;1;;;;;;;;4;;;;
09/10/2017;20:04:00;112;com vítima;55,5;BR-153/SP;Norte;Colisão Transversal;2;;;;;;;;;;1;1;;;
10/10/2017;11:25:00;57;sem vítima;155,5;BR-153/SP;Sul;Colisão Traseira;2;;;;;;;;;;3;;;;
10/10/2017;18:38:00;124;sem vítima;70;BR-153/SP;Sul;Engavetamento;3;;;;;;;;;;4;;;;
10/10/2017;18:39:00;125;com vítima;58;BR-153/SP;Norte;Colisão Traseira;1;;;1;;;;;;;1;2;;;
11/10/2017;14:36:00;54;sem vítima;80;BR-153/SP;Sul;Saída de Pista;1;;;;;;;;;;1;;;;
12/10/2017;05:15:00;8;sem vítima;61;BR-153/SP;Norte;Choque contra Objeto Fixo;1;;;;;;;;;;1;;;;
12/10/2017;08:50:00;27;sem vítima;58;BR-153/SP;Norte;Colisão Lateral;1;;;1;;;;;;;2;;;;