data;horario;n_da_ocorrencia;tipo_de_ocorrencia;km;trecho;sentido;tipo_de_acidente;automovel;bicicleta;caminhao;moto;onibus;outros;tracao_animal;transporte_de_cargas_especiais;trator_maquinas;utilitarios;ilesos;levemente_feridos;moderadamente_feridos;gravemente_feridos;mortos
12/10/2017;10:58:00;39;sem vítima;183,8;BR-153/SP;Norte;Colisão Traseira;1;;;;;;;;;1;3;;;;
12/10/2017;21:09:00;102;com vítima;18;BR-153/SP;Sul;Tombamento de Moto;;;;1;;;;;;;0;2;;;
13/10/2017;03:20:00;5;com vítima;110,1;BR-153/SP;Sul;Capotamento;1;;;;;;;;;;0;2;;;
13/10/2017;10:01:00;42;com vítima;30;BR-153/SP;Sul;Colisão Transversal;1;;;1;;;;;;;1;2;;;
13/10/2017;14:53:00;75;com vítima;108;BR-153/SP;Sul;Colisão Traseira;1;;;;;;;;;1;3;1;;;
13/10/2017;18:26:00;91;com vítima;32,8;BR-153/SP;Sul;Colisão Transversal;1;;;1;;;;;;;0;;1;1;1
13/10/2017;18:31:00;92;com vítima;61;BR-153/SP;Norte;Colisão Traseira;;;1;1;;;;;;;1;1;;;
14/10/2017;14:01:00;59;com vítima;182,6;BR-153/SP;Norte;Colisão Lateral;1;;;1;;;;;;;3;1;;;
14/10/2017;20:09:00;98;sem vítima;58;BR-153/SP;Norte;Colisão Transversal;2;;;;;;;;;;5;;;;
15/10/2017;15:49:00;58;com vítima;60,6;BR-153/SP;Norte;Tombamento de Moto;;;;1;;;;;;;0;1;;;
15/10/2017;16:42:00;65;sem vítima;59;BR-153/SP;Norte;Colisão Transversal;;;1;;;;;;;1;2;;;;
15/10/2017;18:01:00;78;sem vítima;44;BR-153/SP;Sul;Colisão Traseira;2;;;;;;;;;;3;;;;
15/10/2017;21:14:00;95;sem vítima;222,1;BR-153/SP;Norte;Colisão Traseira;1;;;;;;;;;1;6;;;;
16/10/2017;01:49:00;4;com vítima;275,2;BR-153/SP;Sul;Capotamento;1;;;;;;;;;;0;;3;;
16/10/2017;11:12:00;39;com vítima;174,3;BR-153/SP;Norte;Colisão Transversal;1;;1;;;;;;;;1;1;1;;
16/10/2017;15:22:00;61;com vítima;114;BR-153/SP;Norte;Tombamento de Moto;;;;1;;;;;;;0;2;;;
16/10/2017;18:05:00;80;com vítima;20;BR-153/SP;Norte;Saída de Pista;2;;;;;;;;;;5;1;;;
17/10/2017;06:06:00;8;com vítima;63,3;BR-153/SP;Sul;Colisão Lateral;;;;2;;;;;;;1;1;;;
18/10/2017;05:46:00;7;com vítima;50;BR-153/SP;Norte;Atropelamento  de Pedestre;;;;1;;;;;;;0;1;;;1
18/10/2017;13:53:00;77;sem vítima;58;BR-153/SP;Norte;Colisão Transversal;1;;;;;;;;;1;5;;;;
19/10/2017;17:02:00;82;com vítima;63,5;BR-153/SP;Norte;Tombamento de Moto;;;;1;;;;;;;1;1;;;
19/10/2017;18:09:00;90;com vítima;258;BR-153/SP;Norte;Atropelamento  de Pedestre;;;1;;;;;;;;1;;;1;
20/10/2017;06:54:00;6;com vítima;69;BR-153/SP;Norte;Colisão Frontal;1;;;1;;;;;;;1;1;;;
20/10/2017;14:06:00;57;com vítima;75;BR-153/SP;Norte;Colisão Lateral;2;;;;;;;;;;4;1;;;
21/10/2017;00:38:00;1;sem vítima;61,5;BR-153/SP;Sul;Choque contra Objeto Fixo;1;;;;;;;;;;2;;;;
21/10/2017;08:08:00;14;com vítima;261;BR-153/SP;Sul;Colisão Lateral;1;;1;;;;;;;;1;1;;;
21/10/2017;10:41:00;37;com vítima;108;BR-153/SP;Norte;Colisão Transversal;1;;;;;;;;;1;4;1;;;
22/10/2017;04:15:00;7;sem vítima;59,5;BR-153/SP;Sul;Saída de Pista;1;;;;;;;;;;2;;;;
22/10/2017;10:15:00;22;com vítima;299;BR-153/SP;Sul;Colisão Transversal;1;;;;;;;;;1;5;1;;;
23/10/2017;06:32:00;9;com vítima;73;BR-153/SP;Sul;Colisão Frontal;1;;;;;;;;;3;4;3;1;;
23/10/2017;07:57:00;13;sem vítima;296,9;BR-153/SP;Sul;Colisão Lateral;1;;;;;1;;;;;2;;;;
23/10/2017;09:35:00;31;sem vítima;75;BR-153/SP;Norte;Colisão Lateral;1;;1;;;;;;;;2;;;;
23/10/2017;13:24:00;54;sem vítima;44;BR-153/SP;Sul;Colisão Traseira;1;;;;;;;;;1;4;;;;
23/10/2017;14:29:00;60;sem vítima;89,9;BR-153/SP;Sul;Colisão Traseira;1;;1;;;;;;;;4;;;;
23/10/2017;16:53:00;68;com vítima;258;BR-153/SP;Norte;Colisão Traseira;1;;;1;;;;;;;1;1;;;
24/10/2017;19:55:00;95;sem vítima;18,1;BR-153/SP;Norte;Colisão Traseira;2;;;;;;;;;;7;;;;
26/10/2017;21:48:00;121;com vítima;44;BR-153/SP;Norte;Colisão Transversal;1;;1;;;;;;;;1;1;;;
27/10/2017;09:11:00;28;sem vítima;53;BR-153/SP;Sul;Choque contra Objeto Fixo;1;;;;;;;;;;1;;;;
27/10/2017;20:29:00;91;sem vítima;66;BR-153/SP;Sul;Colisão Traseira;1;;;;;;;;;1;3;;;;
28/10/2017;14:26:00;72;sem vítima;63,2;BR-153/SP;Sul;Colisão Traseira;1;;;1;;;;;;;2;;;;
28/10/2017;19:20:00;99;com vítima;109;BR-153/SP;Norte;Colisão Frontal;1;;;;;;;;;1;0;;4;1;
29/10/2017;19:54:00;84;com vítima;174;BR-153/SP;Norte;Colisão Transversal;2;;;;;;;;;;2;1;;;
29/10/2017;20:51:00;85;com vítima;61;BR-153/SP;Norte;Colisão Traseira;2;;;;;;;;;;3;1;;;
30/10/2017;09:01:00;40;sem vítima;159;BR-153/SP;Norte;Tombamento;;;1;;;;;;;;1;;;;
30/10/2017;18:02:00;81;sem vítima;61;BR-153/SP;Norte;Colisão Traseira;;;1;;;;;;;1;2;;;;
31/10/2017;18:11:00;103;com vítima;220,8;BR-153/SP;Norte;Atropelamento de Animal;1;;;;;;;;;;3;1;;;
01/11/2017;00:02:00;1;com vítima;283,2;BR-153/SP;Norte;Atropelamento de Animal;1;;;;;;;;;;0;1;;;
01/11/2017;07:35:00;9;sem vítima;61;BR-153/SP;Norte;Tombamento de Moto;;;;1;;;;;;;2;;;;
01/11/2017;09:38:00;31;com vítima;58;BR-153/SP;Norte;Colisão Transversal;1;;1;;;;;;;;4;2;;;
01/11/2017;15:00:00;58;sem vítima;62,8;BR-153/SP;Sul;Colisão Lateral;1;;;;;;;;;1;2;;;;
01/11/2017;17:58:00;73;com vítima;289;BR-153/SP;Sul;Saída de Pista;;;1;;;;;;;;1;1;;;
01/11/2017;18:36:00;78;sem vítima;6,1;BR-153/SP;Norte;Saída de Pista;1;;;;;;;;;;1;;;;
01/11/2017;21:18:00;94;sem vítima;64,5;BR-153/SP;Sul;Colisão Lateral;1;;1;;;;;;;;2;;;;
02/11/2017;05:45:00;10;sem vítima;58;BR-153/SP;Norte;Saída de Pista;1;;;;;;;;;;3;;;;
02/11/2017;07:20:00;20;sem vítima;75,3;BR-153/SP;Sul;Colisão Traseira;2;;;;;;;;;;3;;;;
02/11/2017;10:24:00;42;sem vítima;275,2;BR-153/SP;Sul;Colisão Lateral;1;;;;;;;;;1;3;;;;
02/11/2017;17:00:00;78;sem vítima;208,85;BR-153/SP;Norte;Colisão Transversal;1;;1;;;;;;;;3;;;;
03/11/2017;12:53:00;82;com vítima;74;BR-153/SP;Sul;Colisão Traseira;1;;;1;;;;;;;2;2;;;
03/11/2017;13:12:00;86;com vítima;73,8;BR-153/SP;Norte;Tombamento de Moto;;;;1;;;;;;;0;1;;;
03/11/2017;20:33:00;129;sem vítima;301;BR-153/SP;Norte;Saída de Pista;1;;;;;;;;;;1;;;;
04/11/2017;20:48:00;78;com vítima;31;BR-153/SP;Norte;Colisão Transversal;;;2;;;;;;;;1;1;;;
04/11/2017;23:21:00;91;sem vítima;78;BR-153/SP;Norte;Saída de Pista;1;;;;;;;;;;2;;;;
05/11/2017;00:17:00;1;sem vítima;64;BR-153/SP;Norte;Colisão Transversal;2;;;;;;;;;;3;;;;
05/11/2017;02:03:00;4;sem vítima;273;BR-153/SP;Sul;Atropelamento de Animal;;;;;;;;;;1;1;;;;
05/11/2017;02:19:00;5;sem vítima;273,05;BR-153/SP;Norte;Atropelamento de Animal;1;;;;;;;;;;2;;;;
06/11/2017;06:22:00;6;sem vítima;74,5;BR-153/SP;Sul;Saída de Pista;1;;;;;;;;;;1;;;;
06/11/2017;07:31:00;18;com vítima;75,5;BR-153/SP;Norte;Colisão Lateral;1;;;1;;;;;;;1;1;;;
06/11/2017;09:06:00;26;sem vítima;62,3;BR-153/SP;Sul;Engavetamento;2;;;;;;;;;1;5;;;;
06/11/2017;14:32:00;58;sem vítima;340;BR-153/SP;Sul;Saída de Pista;1;;;;;;;;;;1;;;;
06/11/2017;18:53:00;86;com vítima;74,2;BR-153/SP;Sul;Tombamento de Moto;;;;1;;;;;;;0;2;;;
07/11/2017;04:00:00;9;com vítima;160,6;BR-153/SP;Sul;Tombamento;;;1;;;;;;;;0;1;;;
10/11/2017;11:28:00;67;com vítima;63,3;BR-153/SP;Sul;Colisão Traseira;1;;;1;;;;;;;1;3;;;
11/11/2017;03:20:00;11;com vítima;313;BR-153/SP;Norte;Saída de Pista;1;;;;;;;;;;4;;1;;
11/11/2017;04:43:00;14;com vítima;135,2;BR-153/SP;Sul;Saída de Pista;1;;;;;;;;;;0;1;;;
11/11/2017;09:35:00;62;com vítima;52;BR-153/SP;Norte;Colisão Transversal;1;;;;;;;;;1;1;1;;;
13/11/2017;14:08:00;46;sem vítima;86,9;BR-153/SP;Norte;Atropelamento de Animal;;;;;;;;;;1;1;;;;
13/11/2017;15:34:00;63;sem vítima;218;BR-153/SP;Norte;Colisão Traseira;1;;;;;1;;;;;3;;;;
15/11/2017;07:51:00;27;com vítima;64;BR-153/SP;Norte;Colisão Transversal;2;;;;;;;;;;1;1;;;
17/11/2017;20:11:00;82;sem vítima;63,7;BR-153/SP;Sul;Tombamento de Moto;;;;1;;;;;;;2;;;;
18/11/2017;08:02:00;26;com vítima;72;BR-153/SP;Norte;Engavetamento;1;;;;;;;;;2;6;1;;;
18/11/2017;08:08:00;28;sem vítima;269;BR-153/SP;Norte;Engavetamento;1;;1;;;1;;;;;5;;;;
18/11/2017;20:32:00;104;com vítima;29;BR-153/SP;Norte;Saída de Pista;1;;;;;;;;;;0;1;;;
19/11/2017;16:50:00;76;sem vítima;114,3;BR-153/SP;Norte;Saída de Pista;;;;;;;;;;1;2;;;;
20/11/2017;14:32:00;44;sem vítima;71,8;BR-153/SP;Norte;Colisão Lateral;1;;;;;;;;;1;2;;;;
21/11/2017;06:20:00;11;com vítima;73;BR-153/SP;Norte;Engavetamento;2;;;;;;;;;1;4;1;;;
21/11/2017;06:27:00;12;sem vítima;73;BR-153/SP;Norte;Engavetamento;3;;;;;;;;;;9;;;;
21/11/2017;07:56:00;20;com vítima;74;BR-153/SP;Norte;Tombamento de Moto;;;;1;;;;;;;0;1;;;
21/11/2017;12:45:00;56;sem vítima;73;BR-153/SP;Norte;Colisão Traseira;2;;;;;;;;;;2;;;;
21/11/2017;16:18:00;84;com vítima;221,5;BR-153/SP;Norte;Colisão Lateral;;;2;;;;;;;;2;;1;;
21/11/2017;20:37:00;109;sem vítima;61;BR-153/SP;Norte;Saída de Pista;1;;;;;;;;;;1;;;;
21/11/2017;21:27:00;113;sem vítima;56;BR-153/SP;Norte;Engavetamento;2;;;;;1;;;;;7;;;;
21/11/2017;22:20:00;115;sem vítima;31;BR-153/SP;Norte;Saída de Pista;;;;;;;;;;1;2;;;;
22/11/2017;18:20:00;89;sem vítima;62;BR-153/SP;Norte;Engavetamento;2;;;;;;;;;2;5;;;;
24/11/2017;14:03:00;68;sem vítima;70;BR-153/SP;Sul;Colisão Traseira;1;;;;;1;;;;;2;;;;
25/11/2017;14:47:00;52;sem vítima;55;BR-153/SP;Sul;Colisão Lateral;;;1;;;;;;;1;2;;;;
25/11/2017;18:25:00;76;sem vítima;71;BR-153/SP;Sul;Colisão Traseira;;;;;;1;;;;1;2;;;;
26/11/2017;00:12:00;1;com vítima;57;BR-153/SP;Norte;Colisão Frontal;1;;;;;;;;;1;1;1;;1;
26/11/2017;01:11:00;5;sem vítima;63,7;BR-153/SP;Norte;Saída de Pista;1;;;;;;;;;;1;;;;
26/11/2017;11:48:00;42;sem vítima;342;BR-153/SP;Norte;Saída de Pista;1;;;;;;;;;;1;;;;
26/11/2017;12:39:00;49;com vítima;60;BR-153/SP;Norte;Tombamento de Moto;;;;1;;;;;;;1;1;;;
26/11/2017;18:49:00;77;sem vítima;159;BR-153/SP;Sul;Capotamento;1;;;;;;;;;;1;;;;
27/11/2017;06:28:00;10;com vítima;67,35;BR-153/SP;Norte;Colisão Frontal;1;;;1;;;;;;;2;;;;1
27/11/2017;06:46:00;13;sem vítima;67;BR-153/SP;Norte;Colisão Traseira;;;2;;;;;;;;2;;;;
27/11/2017;08:26:00;21;sem vítima;62,5;BR-153/SP;Sul;Colisão Traseira;;;;;;;;;;2;3;;;;
28/11/2017;16:27:00;74;sem vítima;302;BR-153/SP;Sul;Colisão Transversal;1;;1;;;;;;;;3;;;;
28/11/2017;18:32:00;89;com vítima;62;BR-153/SP;Norte;Colisão Traseira;1;;;1;;;;;;;4;1;;;
29/11/2017;18:26:00;84;sem vítima;63;BR-153/SP;Norte;Colisão Lateral;;;;1;;;;;;1;2;;;;
29/11/2017;18:44:00;89;sem vítima;62,8;BR-153/SP;Norte;Colisão Traseira;2;;;;;;;;;;2;;;;
30/11/2017;17:30:00;102;sem vítima;59;BR-153/SP;Norte;Saída de Pista;1;;;;;;;;;;3;;;;
01/12/2017;02:05:00;4;com vítima;134;BR-153/SP;Sul;Saída de Pista;1;;;;;;;;;;0;;;;1
01/12/2017;08:16:00;21;com vítima;72;BR-153/SP;Norte;Engavetamento;2;;;1;;;;;;;7;1;;;
01/12/2017;08:21:00;23;sem vítima;72;BR-153/SP;Norte;Engavetamento;1;;;;;;;;;2;6;;;;
01/12/2017;15:06:00;50;com vítima;70;BR-153/SP;Norte;Colisão Transversal;1;;;1;;;;;;;2;1;;;
01/12/2017;17:41:00;69;com vítima;60;BR-153/SP;Sul;Colisão Traseira;1;;;1;;;;;;;1;1;;;
02/12/2017;03:28:00;12;com vítima;230;BR-153/SP;Sul;Capotamento;;;;;;;;;;1;1;3;;;
02/12/2017;14:58:00;67;sem vítima;28,6;BR-153/SP;Norte;Colisão Traseira;2;;;;;;;;;;2;;;;
02/12/2017;20:20:00;104;sem vítima;30;BR-153/SP;Norte;Colisão Lateral;2;;;;;;;;;;3;;;;
03/12/2017;01:03:00;3;sem vítima;55;BR-153/SP;Norte;Colisão Transversal;2;;;;;;;;;;3;;;;
03/12/2017;04:49:00;12;sem vítima;155,1;BR-153/SP;Norte;Colisão Lateral;2;;;;;;;;;;6;;;;
04/12/2017;13:26:00;85;com vítima;14,5;BR-153/SP;Sul;Colisão Traseira;1;;;;;;;;;1;3;1;;;
04/12/2017;19:27:00;131;sem vítima;63;BR-153/SP;Sul;Colisão Lateral;1;;1;;;;;;;;2;;;;
05/12/2017;10:09:00;47;sem vítima;35;BR-153/SP;Sul;Colisão Traseira;;;2;;;;;;;;2;;;;
06/12/2017;07:14:00;5;com vítima;59;BR-153/SP;Sul;Colisão Lateral;1;;;1;;;;;;;1;1;;;
06/12/2017;08:20:00;12;sem vítima;58;BR-153/SP;Norte;Engavetamento;3;;;;;;;;;;5;;;;
06/12/2017;14:56:00;57;sem vítima;286;BR-153/SP;Sul;Tombamento;;;1;;;;;;;;1;;;;
06/12/2017;19:57:00;90;sem vítima;48,3;BR-153/SP;Sul;Colisão Lateral;1;;;;;1;;;;;5;;;;
07/12/2017;13:05:00;40;com vítima;73;BR-153/SP;Norte;Colisão Traseira;1;;;1;;;;;;;1;1;;;
07/12/2017;13:11:00;41;sem vítima;73;BR-153/SP;Norte;Colisão Traseira;1;;;;;;;;;1;3;;;;
07/12/2017;15:21:00;58;com vítima;55;BR-153/SP;Sul;Tombamento de Moto;;;;1;;;;;;;1;1;;;
09/12/2017;02:01:00;8;com vítima;138,5;BR-153/SP;Sul;Colisão Lateral;1;;1;;;;;;;;1;1;;;
09/12/2017;06:00:00;20;sem vítima;56;BR-153/SP;Norte;Colisão Transversal;1;;;;;1;;;;;2;;;;
09/12/2017;06:14:00;23;sem vítima;193,9;BR-153/SP;Norte;Capotamento;1;;;;;;;;;;4;;;;
09/12/2017;12:42:00;63;com vítima;221,8;BR-153/SP;Norte;Saída de Pista;;;;;;;;;;1;0;;1;;
09/12/2017;14:11:00;76;sem vítima;70;BR-153/SP;Sul;Colisão Transversal;2;;;;;;;;;;5;;;;
09/12/2017;17:46:00;100;com vítima;71;BR-153/SP;Sul;Saída de Pista;2;;;;;;;;;1;5;;1;;
11/12/2017;06:36:00;9;com vítima;71;BR-153/SP;Sul;Tombamento de Moto;;;;1;;;;;;;0;;1;;
12/12/2017;15:02:00;60;sem vítima;71;BR-153/SP;Norte;Colisão Traseira;;;;;;1;;;;1;2;;;;
13/12/2017;09:35:00;26;sem vítima;70;BR-153/SP;Norte;Colisão Traseira;;;;;;;;;;2;3;;;;
13/12/2017;17:31:00;84;sem vítima;56;BR-153/SP;Norte;Colisão Traseira;2;;;;;;;;;;3;;;;
14/12/2017;10:10:00;48;sem vítima;24;BR-153/SP;Norte;Engavetamento;1;;2;;;;;;;;3;;;;
14/12/2017;17:46:00;79;sem vítima;21,4;BR-153/SP;Norte;Colisão Traseira;;;2;;;;;;;;4;;;;
14/12/2017;18:25:00;83;com vítima;64;BR-153/SP;Norte;Engavetamento;4;;;;;;;;;;3;1;;;
14/12/2017;23:39:00;96;sem vítima;70;BR-153/SP;Norte;Saída de Pista;1;;;;;;;;;;2;;;;
15/12/2017;13:38:00;48;sem vítima;35;BR-153/SP;Norte;Saída de Pista;1;;;;;;;;;;1;;;;
15/12/2017;15:46:00;61;sem vítima;62;BR-153/SP;Sul;Engavetamento;1;;;;;;;;;2;3;;;;
15/12/2017;16:17:00;64;sem vítima;61;BR-153/SP;Sul;Colisão Traseira;1;;1;;;;;;;;2;;;;
15/12/2017;16:23:00;65;sem vítima;62,8;BR-153/SP;Norte;Colisão Traseira;;;;1;;1;;;;;2;;;;
16/12/2017;10:24:00;48;com vítima;42,8;BR-153/SP;Sul;Colisão Traseira;1;;;;;;;;;1;1;1;;;
17/12/2017;00:02:00;1;com vítima;58,7;BR-153/SP;Norte;Colisão Transversal;1;;;;1;;;;;;1;;;;1
17/12/2017;02:16:00;8;com vítima;10;BR-153/SP;Norte;Colisão Frontal;1;;;;1;;;;;;0;2;;;2
17/12/2017;07:41:00;23;sem vítima;15;BR-153/SP;Sul;Colisão Traseira;2;;;;;;;;;;6;;;;
17/12/2017;19:21:00;82;sem vítima;75;BR-153/SP;Norte;Colisão Traseira;2;;;;;;;;;;5;;;;
18/12/2017;14:30:00;74;com vítima;8;BR-153/SP;Norte;Colisão Frontal;1;;2;;;;;;;;2;;;;2
18/12/2017;18:21:00;99;sem vítima;62;BR-153/SP;Sul;Colisão Traseira;1;;;;;1;;;;;2;;;;
19/12/2017;13:35:00;75;com vítima;161;BR-153/SP;Norte;Colisão Lateral;;;1;1;;;;;;;1;1;;;
19/12/2017;21:09:00;123;com vítima;280,3;BR-153/SP;Norte;Colisão Transversal;1;;;;;;;;;1;1;;;;1
20/12/2017;00:57:00;3;sem vítima;161;BR-153/SP;Norte;Atropelamento de Animal;1;;;;;;;;;;4;;;;
20/12/2017;07:18:00;18;sem vítima;59;BR-153/SP;Sul;Tombamento de Moto;;;;1;;;;;;;1;;;;
20/12/2017;07:44:00;20;sem vítima;58,1;BR-153/SP;Sul;Engavetamento;3;;;;;;;;;1;5;;;;
20/12/2017;08:54:00;29;com vítima;1,5;BR-153/SP;Norte;Colisão Frontal;;;1;;;;;;;1;0;1;;;1
20/12/2017;13:42:00;63;sem vítima;62;BR-153/SP;Sul;Engavetamento;3;;;;;1;;;;;6;;;;
20/12/2017;15:48:00;83;sem vítima;277;BR-153/SP;Norte;Colisão Lateral;;;1;;;1;;;;;2;;;;
20/12/2017;21:20:00;130;com vítima;72;BR-153/SP;Norte;Colisão Transversal;2;;;;;;;;;;2;2;;;
20/12/2017;23:03:00;139;com vítima;51,4;BR-153/SP;Sul;Colisão Traseira;;;1;;;;;;;1;1;;1;;
21/12/2017;09:43:00;33;sem vítima;84;BR-153/SP;Sul;Colisão Traseira;1;;1;;;;;;;;5;;;;
21/12/2017;14:07:00;65;com vítima;71;BR-153/SP;Norte;Tombamento de Moto;;;;1;;;;;;;0;1;;;
22/12/2017;17:48:00;72;sem vítima;71;BR-153/SP;Sul;Colisão Traseira;1;;;;;1;;;;;2;;;;
22/12/2017;18:58:00;84;com vítima;52;BR-153/SP;Norte;Colisão Transversal;1;;;1;;;;;;;0;1;;1;
22/12/2017;23:37:00;106;sem vítima;46;BR-153/SP;Norte;Saída de Pista;1;;;;;;;;;;4;;;;
23/12/2017;16:29:00;51;sem vítima;96,1;BR-153/SP;Norte;Choque contra objeto na faixa de rolamento;1;;;;;;;;;;1;;;;
23/12/2017;16:51:00;54;sem vítima;69;BR-153/SP;Sul;Colisão Traseira;2;;;;;;;;;;4;;;;
23/12/2017;17:17:00;61;sem vítima;69,01;BR-153/SP;Sul;Colisão Traseira;1;;;1;;;;;;;3;;;;
24/12/2017;01:26:00;6;sem vítima;345;BR-153/SP;Sul;Saída de Pista;1;;;;;;;;;;1;;;;
24/12/2017;19:53:00;72;sem vítima;165;BR-153/SP;Norte;Capotamento;1;;;;;;;;;;2;;;;
25/12/2017;00:35:00;4;com vítima;74,5;BR-153/SP;Norte;Colisão Traseira;1;;;;;;;;;1;1;1;;;
25/12/2017;09:40:00;23;sem vítima;58;BR-153/SP;Norte;Colisão Transversal;1;;;1;;;;;;;4;;;;
25/12/2017;12:55:00;28;sem vítima;183;BR-153/SP;Sul;Saída de Pista;1;;;;;;;;;;1;;;;
26/12/2017;07:14:00;11;sem vítima;112;BR-153/SP;Sul;Saída de Pista;;;1;;;;;;;;3;;;;
26/12/2017;19:05:00;84;sem vítima;67;BR-153/SP;Norte;Tombamento;;;1;;;;;;;;1;;;;
26/12/2017;20:19:00;89;com vítima;65,3;BR-153/SP;Sul;Engavetamento;2;;;;;;;;;1;4;4;;;
26/12/2017;20:41:00;90;com vítima;66;BR-153/SP;Norte;Engavetamento;2;;1;;;;;;;;2;1;;;
26/12/2017;21:38:00;95;sem vítima;51;BR-153/SP;Norte;Saída de Pista;1;;;;;;;;;;1;;;;
27/12/2017;07:36:00;13;sem vítima;70;BR-153/SP;Norte;Colisão Lateral;;;2;;;;;;;;2;;;;
27/12/2017;16:00:00;77;sem vítima;70;BR-153/SP;Sul;Colisão Traseira;2;;;;;;;;;;4;;;;
27/12/2017;22:23:00;106;sem vítima;83;BR-153/SP;Norte;Atropelamento de Animal;1;;;;;;;;;;2;;;;
28/12/2017;08:39:00;18;com vítima;85;BR-153/SP;Sul;Saída de Pista;;;1;;;;;;;;0;1;;;
28/12/2017;15:30:00;51;sem vítima;30;BR-153/SP;Sul;Colisão Transversal;1;;;;;;;;;1;3;;;;
28/12/2017;17:44:00;60;sem vítima;75,4;BR-153/SP;Norte;Colisão Traseira;2;;;;;;;;;;6;;;;
29/12/2017;00:01:00;1;sem vítima;47;BR-153/SP;Norte;Tombamento de Moto;;;;1;;;;;;;2;;;;
29/12/2017;08:06:00;18;sem vítima;59,3;BR-153/SP;Norte;Saída de Pista;1;;;;;;;;;;3;;;;
29/12/2017;10:10:00;39;sem vítima;35,8;BR-153/SP;Sul;Colisão Traseira;;;2;;;;;;;;4;;;;
29/12/2017;11:41:00;51;sem vítima;18;BR-153/SP;Norte;Colisão Transversal;1;;;;;;;;;1;5;;;;
29/12/2017;16:10:00;88;com vítima;72;BR-153/SP;Norte;Colisão Traseira;1;;;1;;;;;;;1;1;1;;
29/12/2017;16:27:00;90;sem vítima;72;BR-153/SP;Norte;Colisão Traseira;2;;;;;;;;;;2;;;;
29/12/2017;20:12:00;119;com vítima;39,5;BR-153/SP;Sul;Tombamento de Moto;;;;1;;;;;;;0;1;;;
30/12/2017;18:32:00;77;sem vítima;113;BR-153/SP;Norte;Choque contra objeto na faixa de rolamento;1;;;;;;;;;;2;;;;
31/12/2017;00:49:00;5;sem vítima;62;BR-153/SP;Norte;Saída de Pista;1;;;;;;;;;;1;;;;
01/01/2018;06:33:00;11;sem vítima;63,9;BR-153/SP;Norte;Saída de Pista;1;;;;;;;;;;1;;;;
01/01/2018;17:54:00;60;sem vítima;12;BR-153/SP;Norte;Saída de Pista;1;;;;;;;;;;3;;;;
02/01/2018;10:09:00;44;sem vítima;70;BR-153/SP;Norte;Colisão Lateral;1;;;1;;;;;;;3;;;;
03/01/2018;09:59:00;27;com vítima;44;BR-153/SP;Norte;Colisão Transversal;1;;1;;;;;;;;3;1;;;
03/01/2018;13:56:00;52;sem vítima;62;BR-153/SP;Sul;Engavetamento;2;;1;;;;;;;1;5;;;;
03/01/2018;14:49:00;60;sem vítima;307;BR-153/SP;Sul;Saída de Pista;1;;;;;;;;;;2;;;;
03/01/2018;19:21:00;89;sem vítima;174;BR-153/SP;Norte;Colisão Traseira;2;;;;;;;;;;6;;;;
04/01/2018;00:57:00;4;com vítima;35;BR-153/SP;Norte;Colisão Lateral;1;;1;;;;;;;;1;;;;1
04/01/2018;08:46:00;26;sem vítima;61,3;BR-153/SP;Norte;Saída de Pista;1;;;;;;;;;;1;;;;
04/01/2018;18:27:00;109;com vítima;61;BR-153/SP;Norte;Tombamento de Moto;;;;1;;;;;;;0;1;;;
05/01/2018;02:17:00;2;sem vítima;53;BR-153/SP;Sul;Saída de Pista;;;1;;;;;;;;2;;;;
05/01/2018;05:33:00;5;com vítima;14,7;BR-153/SP;Sul;Saída de Pista;;;1;;;;;;;;1;1;;;
05/01/2018;08:04:00;19;com vítima;69,9;BR-153/SP;Norte;Colisão Frontal;3;;1;;;;;;;;4;1;;;
05/01/2018;16:09:00;59;com vítima;64,6;BR-153/SP;Sul;Saída de Pista;1;;;;;;;;;;0;1;;;
06/01/2018;17:45:00;85;com vítima;146,8;BR-153/SP;Norte;Saída de Pista;;;1;;;;;;;;0;1;;;
07/01/2018;16:52:00;53;sem vítima;59;BR-153/SP;Sul;Colisão Traseira;2;;;;;;;;;;6;;;;
08/01/2018;02:34:00;7;sem vítima;148,4;BR-153/SP;Sul;Tombamento;;;1;;;;;;;;1;;;;
08/01/2018;07:17:00;13;com vítima;90,4;BR-153/SP;Norte;Colisão Frontal;1;;1;;;;;;;;0;;;2;
08/01/2018;14:46:00;49;sem vítima;183,8;BR-153/SP;Norte;Colisão Lateral;2;;;;;;;;;;8;;;;
10/01/2018;14:46:00;56;com vítima;14,8;BR-153/SP;Sul;Colisão Lateral;;;;1;;;;;;1;0;1;1;1;
11/01/2018;14:48:00;81;sem vítima;174;BR-153/SP;Sul;Colisão Lateral;;;1;;;;;;;1;4;;;;
12/01/2018;02:10:00;6;sem vítima;142;BR-153/SP;Sul;Saída de Pista;;;1;;;;;;;;1;;;;
12/01/2018;08:15:00;30;com vítima;277;BR-153/SP;Sul;Saída de Pista;1;;;;;;;;;;0;;1;;
12/01/2018;09:08:00;39;sem vítima;62,05;BR-153/SP;Sul;Engavetamento;2;;1;;;;;;;;3;;;;
12/01/2018;09:55:00;47;sem vítima;68;BR-153/SP;Norte;Colisão Transversal;;;1;;;;;;;1;4;;;;