data;horario;n_da_ocorrencia;tipo_de_ocorrencia;km;trecho;sentido;tipo_de_acidente;automovel;bicicleta;caminhao;moto;onibus;outros;tracao_animal;transporte_de_cargas_especiais;trator_maquinas;utilitarios;ilesos;levemente_feridos;moderadamente_feridos;gravemente_feridos;mortos
03/04/2018;13:00:00;62;sem vítima;112,2;BR-153/SP;Sul;Colisão Traseira;1;;;;;;;;;;1;;;;
04/04/2018;07:30:00;21;com vítima;41,4;BR-153/SP;Sul;Tombamento de Moto;;;;1;;;;;;;0;1;;;
04/04/2018;07:42:00;24;sem vítima;121,1;BR-153/SP;Norte;Saída de Pista;;;1;;;;;;;;1;;;;
04/04/2018;09:38:00;38;sem vítima;58;BR-153/SP;Norte;Colisão Transversal;1;;1;;;;;;;;3;;;;
04/04/2018;12:29:00;60;com vítima;67,8;BR-153/SP;Norte;Colisão Traseira;1;;;1;;;;;;;2;;1;;
05/04/2018;07:48:00;15;com vítima;211;BR-153/SP;Norte;Tombamento de Moto;;;;1;;;;;;;0;1;;;
05/04/2018;08:24:00;19;com vítima;61,9;BR-153/SP;Sul;Engavetamento;2;;;;;;;;;1;5;1;;;
05/04/2018;10:05:00;28;sem vítima;76,5;BR-153/SP;Sul;Colisão Traseira;1;;1;;;;;;;;3;;;;
06/04/2018;06:21:00;9;sem vítima;174;BR-153/SP;Norte;Colisão Transversal;1;;1;;;;;;;;3;;;;
06/04/2018;06:41:00;10;com vítima;67,1;BR-153/SP;Norte;Colisão Lateral;;;;1;;1;;;;;1;1;;;
06/04/2018;10:48:00;36;com vítima;148,8;BR-153/SP;Norte;Saída de Pista;;;1;;;;;;;;0;1;1;;
06/04/2018;11:22:00;41;sem vítima;70;BR-153/SP;Norte;Colisão Traseira;2;;;;;;;;;;2;;;;
06/04/2018;19:00:00;91;sem vítima;61,7;BR-153/SP;Sul;Colisão Traseira;1;;;;;;;;;1;3;;;;
06/04/2018;19:22:00;93;sem vítima;61,9;BR-153/SP;Sul;Colisão Traseira;;;;;;;;;;2;3;;;;
07/04/2018;05:40:00;4;com vítima;62,5;BR-153/SP;Sul;Capotamento;1;;;;;;;;;;0;;1;;
07/04/2018;13:34:00;47;com vítima;37;BR-153/SP;Sul;Colisão Traseira;1;;;1;;;;;;;2;1;;;
07/04/2018;19:36:00;74;sem vítima;72;BR-153/SP;Norte;Colisão Lateral;;;1;;;;;;;1;3;;;;
08/04/2018;18:53:00;91;sem vítima;333;BR-153/SP;Norte;Colisão Traseira;2;;;;;;;;;;3;;;;
09/04/2018;08:38:00;27;sem vítima;334,8;BR-153/SP;Sul;Colisão Traseira;1;;;;;;;;;1;2;;;;
09/04/2018;09:50:00;43;sem vítima;183,8;BR-153/SP;Norte;Colisão Traseira;1;;;;;;;;;1;2;;;;
10/04/2018;19:36:00;96;com vítima;171,5;BR-153/SP;Sul;Colisão Transversal;1;;;1;;;;;;;1;1;;;
11/04/2018;19:28:00;97;sem vítima;258,5;BR-153/SP;Norte;Atropelamento de Animal;;;;;;;;;;1;2;;;;
12/04/2018;14:02:00;70;sem vítima;62,1;BR-153/SP;Sul;Colisão Traseira;1;;;;;1;;;;;2;;;;
12/04/2018;17:39:00;102;sem vítima;62,5;BR-153/SP;Sul;Colisão Traseira;1;;;;;;;;;1;2;;;;
13/04/2018;01:25:00;4;sem vítima;65,3;BR-153/SP;Norte;Saída de Pista;1;;;;;;;;;;1;;;;
13/04/2018;16:10:00;67;sem vítima;208,8;BR-153/SP;Norte;Colisão Transversal;1;;;;;1;;;;;3;;;;
14/04/2018;06:51:00;8;sem vítima;70;BR-153/SP;Sul;Colisão Frontal;1;;;;;1;;;;;2;;;;
14/04/2018;07:12:00;10;com vítima;279;BR-153/SP;Sul;Colisão Traseira;;;;1;;;;;;1;2;1;;;
14/04/2018;08:10:00;17;sem vítima;59,2;BR-153/SP;Norte;Saída de Pista;1;;;;;;;;;;1;;;;
14/04/2018;08:14:00;18;com vítima;346;BR-153/SP;Norte;Tombamento de Moto;;;;1;;;;;;;0;1;;;
14/04/2018;08:28:00;20;com vítima;62,95;BR-153/SP;Norte;Tombamento de Moto;;;;1;;;;;;;1;1;;;
14/04/2018;19:38:00;72;com vítima;55,85;BR-153/SP;Norte;Colisão Traseira;1;;;;;;;;;1;2;1;;;
15/04/2018;08:17:00;21;com vítima;39,5;BR-153/SP;Norte;Colisão Transversal;1;;;1;;;;;;;3;;1;;
15/04/2018;21:23:00;75;com vítima;229,3;BR-153/SP;Norte;Tombamento de Moto;;;;1;;;;;;;0;1;;;
16/04/2018;05:02:00;6;com vítima;257,05;BR-153/SP;Sul;Colisão Lateral;;;1;1;;;;;;;1;1;;;
16/04/2018;07:35:00;15;com vítima;18;BR-153/SP;Sul;Colisão Transversal;2;;;;;;;;;;4;2;;;
16/04/2018;07:36:00;16;sem vítima;74,6;BR-153/SP;Norte;Tombamento de Moto;;;;1;;;;;;;2;;;;
16/04/2018;12:42:00;49;com vítima;256,9;BR-153/SP;Norte;Colisão Transversal;;;;1;;1;;;;;1;1;;;
16/04/2018;17:31:00;72;sem vítima;327;BR-153/SP;Norte;Colisão Traseira;1;;1;;;;;;;;4;;;;
16/04/2018;19:06:00;80;sem vítima;61;BR-153/SP;Sul;Colisão Traseira;1;;;;;1;;;;;2;;;;
17/04/2018;14:08:00;66;sem vítima;62;BR-153/SP;Norte;Outros;;;1;;;;;;;;1;;;;
18/04/2018;07:24:00;6;sem vítima;61,5;BR-153/SP;Sul;Colisão Traseira;1;;;;;1;;;;;2;;;;
18/04/2018;09:37:00;30;sem vítima;62,3;BR-153/SP;Sul;Engavetamento;2;;;;;;;;;2;5;;;;
18/04/2018;17:23:00;71;sem vítima;59;BR-153/SP;Norte;Colisão Transversal;1;;1;;;;;;;;2;;;;
18/04/2018;17:44:00;74;com vítima;57;BR-153/SP;Norte;Colisão Lateral;2;;;;;;;;;;5;1;;;
19/04/2018;02:46:00;4;sem vítima;72;BR-153/SP;Norte;Saída de Pista;;;1;;;;;;;;1;;;;
19/04/2018;06:25:00;7;sem vítima;58;BR-153/SP;Sul;Colisão Transversal;2;;;;;;;;;;4;;;;
19/04/2018;08:48:00;27;com vítima;66,65;BR-153/SP;Sul;Colisão Traseira;;;2;;;;;;;;2;2;;;
20/04/2018;11:43:00;63;sem vítima;98,9;BR-153/SP;Norte;Colisão Traseira;2;;;;;;;;;;2;;;;
20/04/2018;14:48:00;75;sem vítima;34,7;BR-153/SP;Norte;Colisão Traseira;;;2;;;;;;;;2;;;;
20/04/2018;20:50:00;108;sem vítima;60;BR-153/SP;Norte;Saída de Pista;1;;;;;;;;;;1;;;;
21/04/2018;10:05:00;24;com vítima;230;BR-153/SP;Norte;Colisão Traseira;;;;1;;;;;;1;19;1;1;;
21/04/2018;11:44:00;30;sem vítima;113,95;BR-153/SP;Sul;Tombamento de Moto;;;;1;;;;;;;1;;;;
21/04/2018;22:47:00;82;sem vítima;165,2;BR-153/SP;Norte;Atropelamento de Animal;;;1;;;;;;;;2;;;;
22/04/2018;20:28:00;59;sem vítima;61,5;BR-153/SP;Norte;Saída de Pista;1;;;;;;;;;;3;;;;
22/04/2018;21:26:00;64;com vítima;82,05;BR-153/SP;Norte;Colisão Transversal;1;;1;;;;;;;;3;1;1;;
23/04/2018;06:09:00;8;com vítima;327,6;BR-153/SP;Norte;Tombamento de Moto;;;1;1;;;;;;;1;1;;;
23/04/2018;07:50:00;14;sem vítima;75,2;BR-153/SP;Norte;Engavetamento;;;;;;2;;;;1;3;;;;
23/04/2018;22:42:00;90;com vítima;63,3;BR-153/SP;Norte;Tombamento de Moto;;;;1;;;;;;;0;2;;;
23/04/2018;22:49:00;91;sem vítima;63,3;BR-153/SP;Norte;Colisão Lateral;;;;;;1;;;;1;3;;;;
25/04/2018;09:46:00;24;com vítima;223,4;BR-153/SP;Norte;Tombamento;;;1;;;;;;;;0;;;1;
26/04/2018;08:37:00;21;sem vítima;58,7;BR-153/SP;Norte;Colisão Transversal;1;;;;;;;;;1;3;;;;
26/04/2018;20:42:00;92;com vítima;23,7;BR-153/SP;Norte;Colisão Traseira;2;;;;;;;;;;1;1;;;
27/04/2018;08:50:00;20;sem vítima;62;BR-153/SP;Sul;Colisão Traseira;;;;;;;;;;2;2;;;;
27/04/2018;11:40:00;46;sem vítima;61;BR-153/SP;Sul;Colisão Traseira;;;1;;;;;;;1;2;;;;
27/04/2018;18:35:00;90;sem vítima;62;BR-153/SP;Norte;Colisão Traseira;1;;;;;;;;;1;3;;;;
27/04/2018;22:41:00;110;com vítima;73,3;BR-153/SP;Norte;Colisão Transversal;2;;;;;;;;;;2;1;;;
28/04/2018;07:22:00;17;sem vítima;33,4;BR-153/SP;Sul;Colisão Traseira;;;2;;;;;;;;2;;;;
29/04/2018;03:30:00;4;com vítima;177,5;BR-153/SP;Norte;Colisão Frontal;1;;1;;;;;;;;2;2;;;
29/04/2018;03:49:00;6;sem vítima;111,1;BR-153/SP;Sul;Atropelamento de Animal;;;;;;;;;;1;7;;;;
30/04/2018;09:29:00;23;sem vítima;71;BR-153/SP;Norte;Engavetamento;4;;;;;;;;;;9;;;;
30/04/2018;16:57:00;49;sem vítima;55,75;BR-153/SP;Norte;Colisão Traseira;1;;1;;;;;;;;2;;;;
01/08/2018;07:26:00;10;sem vítima;59;BR-153/SP;Sul;Tombamento de Moto;;;;1;;;;;;;1;;;;
01/08/2018;20:36:00;89;com vítima;37,5;BR-153/SP;Sul;Colisão Transversal;;;;1;;;;;;1;2;1;;;
02/08/2018;07:45:00;18;com vítima;73,6;BR-153/SP;Norte;Colisão Traseira;1;;;1;;;;;;;1;1;;;
02/08/2018;07:56:00;19;com vítima;60,2;BR-153/SP;Sul;Colisão Traseira;1;;;1;;;;;;;1;;1;;
02/08/2018;10:13:00;48;sem vítima;60,95;BR-153/SP;Sul;Colisão Traseira;;;1;;;;;;;1;2;;;;
02/08/2018;15:23:00;89;sem vítima;42,6;BR-153/SP;Norte;Colisão Lateral;2;;;;;;;;;;4;;;;
03/08/2018;04:46:00;9;sem vítima;274;BR-153/SP;Sul;Capotamento;;;;;;;;;;1;1;;;;
03/08/2018;05:50:00;11;sem vítima;227,5;BR-153/SP;Norte;Colisão Lateral;;;1;;;1;;;;;3;;;;
03/08/2018;15:30:00;65;sem vítima;72;BR-153/SP;Norte;Engavetamento;2;;;;;1;;;;;7;;;;
03/08/2018;17:39:00;79;sem vítima;54,95;BR-153/SP;Norte;Engavetamento;1;;;1;1;;;;;;5;;;;
04/08/2018;06:23:00;10;sem vítima;18;BR-153/SP;Sul;Tombamento de Moto;;;;1;;;;;;;1;;;;
04/08/2018;06:31:00;11;sem vítima;61,9;BR-153/SP;Norte;Saída de Pista;1;;;;;;;;;;1;;;;
04/08/2018;19:31:00;103;sem vítima;102;BR-153/SP;Norte;Atropelamento de Animal;;;1;;;;;;;;2;;;;
04/08/2018;19:55:00;104;sem vítima;56,5;BR-153/SP;Norte;Colisão Traseira;1;;;;;;;;;1;3;;;;
04/08/2018;23:16:00;112;com vítima;71;BR-153/SP;Norte;Saída de Pista;1;;;;;;;;;;0;1;;;
05/08/2018;00:44:00;2;sem vítima;74,9;BR-153/SP;Norte;Saída de Pista;1;;;;;;;;;;4;;;;
05/08/2018;02:21:00;7;com vítima;119,5;BR-153/SP;Sul;Saída de Pista;1;;;;;;;;;;0;1;1;;
05/08/2018;02:35:00;9;com vítima;73;BR-153/SP;Sul;Colisão Frontal;1;;;1;;;;;;;2;;1;;
05/08/2018;04:06:00;11;com vítima;67,2;BR-153/SP;Sul;Colisão Transversal;1;;;1;;;;;;;1;;1;;
05/08/2018;11:56:00;54;com vítima;214,9;BR-153/SP;Norte;Colisão Traseira;1;;;;;;;;;1;3;2;;;
05/08/2018;18:14:00;91;sem vítima;53;BR-153/SP;Sul;Colisão Traseira;2;;;;;;;;;;3;;;;
06/08/2018;19:05:00;72;com vítima;42,6;BR-153/SP;Norte;Colisão Frontal;1;;;;;;;;;1;2;1;1;;
07/08/2018;17:22:00;77;com vítima;31,6;BR-153/SP;Norte;Colisão Transversal;2;;;;;;;;;;0;4;;;
08/08/2018;20:24:00;101;com vítima;275,4;BR-153/SP;Norte;Tombamento de Moto;;;;1;;;;;;;0;;;2;
08/08/2018;22:37:00;104;sem vítima;67,1;BR-153/SP;Sul;Saída de Pista;1;;;;;;;;;;1;;;;
09/08/2018;01:02:00;2;sem vítima;256;BR-153/SP;Norte;Capotamento;1;;;;;;;;;;1;;;;
09/08/2018;10:58:00;36;sem vítima;62,4;BR-153/SP;Sul;Colisão Traseira;1;;;;;1;;;;;2;;;;
09/08/2018;13:57:00;58;sem vítima;57;BR-153/SP;Norte;Colisão Traseira;2;;;;;;;;;;3;;;;
09/08/2018;15:24:00;73;sem vítima;64;BR-153/SP;Sul;Engavetamento;2;;;;;;;;;1;4;;;;
09/08/2018;18:55:00;94;sem vítima;101;BR-153/SP;Norte;Capotamento;1;;;;;;;;;;2;;;;
09/08/2018;19:25:00;96;sem vítima;174;BR-153/SP;Norte;Colisão Lateral;1;;;;;;;;;1;2;;;;
10/08/2018;06:51:00;11;com vítima;58,7;BR-153/SP;Sul;Colisão Transversal;1;;;1;;;;;;;2;2;;;
10/08/2018;07:29:00;16;sem vítima;58,35;BR-153/SP;Norte;Engavetamento;4;;;;;;;;;;9;;;;
10/08/2018;11:54:00;67;sem vítima;62,8;BR-153/SP;Sul;Colisão Traseira;1;;;;;;;;;1;3;;;;
10/08/2018;15:13:00;89;com vítima;268,1;BR-153/SP;Norte;Choque na Praça - Submarino;1;;;;;;;;;;0;2;;;
10/08/2018;15:55:00;94;sem vítima;63,6;BR-153/SP;Sul;Colisão Traseira;2;;;;;1;;;;;4;;;;
10/08/2018;16:41:00;98;sem vítima;58;BR-153/SP;Norte;Colisão Transversal;2;;;;;;;;;;3;;;;
10/08/2018;17:18:00;104;sem vítima;48;BR-153/SP;Norte;Saída de Pista;1;;;;;;;;;;1;;;;
10/08/2018;18:52:00;114;sem vítima;72;BR-153/SP;Norte;Colisão Lateral;;;1;;;;;;;1;2;;;;
10/08/2018;18:57:00;116;sem vítima;63;BR-153/SP;Norte;Engavetamento;3;;;;;;;;;;5;;;;
10/08/2018;19:05:00;117;sem vítima;61,2;BR-153/SP;Norte;Colisão Traseira;1;;;;;1;;;;;2;;;;
11/08/2018;07:41:00;17;com vítima;64,9;BR-153/SP;Sul;Tombamento de Moto;;;;1;;;;;;;0;1;;;
11/08/2018;20:22:00;97;com vítima;30;BR-153/SP;Norte;Colisão Frontal;1;;1;;;;;;;;1;1;;;
11/08/2018;21:36:00;102;com vítima;109,3;BR-153/SP;Norte;Colisão Traseira;1;;;1;;;;;;;1;2;;;
12/08/2018;05:41:00;11;sem vítima;117;BR-153/SP;Norte;Saída de Pista;1;;;;;;;;;;1;;;;
12/08/2018;09:05:00;19;sem vítima;79;BR-153/SP;Norte;Colisão Traseira;;;2;;;;;;;;2;;;;
12/08/2018;19:31:00;77;sem vítima;72;BR-153/SP;Norte;Colisão Traseira;2;;;;;;;;;;3;;;;
13/08/2018;00:45:00;3;com vítima;21,9;BR-153/SP;Sul;Atropelamento de Animal;;;;1;;;;;;;0;1;;;
13/08/2018;10:21:00;34;sem vítima;275,1;BR-153/SP;Sul;Colisão Lateral;1;;1;;;;;;;;3;;;;
13/08/2018;13:20:00;53;com vítima;79;BR-153/SP;Sul;Colisão Transversal;;;1;1;;;;;;;1;1;;;
14/08/2018;08:21:00;20;com vítima;72,8;BR-153/SP;Sul;Tombamento de Moto;;;;1;;;;;;;0;1;;;
14/08/2018;15:56:00;75;com vítima;136,5;BR-153/SP;Sul;Colisão Traseira;1;;;1;;;;;;;1;1;;;
15/08/2018;08:24:00;31;com vítima;58,7;BR-153/SP;Norte;Atropelamento  de Pedestre;1;;;;;;;;;;1;1;;;
17/08/2018;14:31:00;69;com vítima;74;BR-153/SP;Sul;Tombamento de Moto;;;;1;;;;;;;1;;1;;
18/08/2018;19:28:00;90;sem vítima;169;BR-153/SP;Norte;Colisão Transversal;;;1;;1;;;;;;2;;;;
19/08/2018;10:39:00;31;sem vítima;58,8;BR-153/SP;Norte;Colisão Transversal;1;;;;;;;;;1;2;;;;
19/08/2018;14:09:00;53;sem vítima;154;BR-153/SP;Sul;Saída de Pista;1;;;;;;;;;;2;;;;
19/08/2018;18:53:00;89;com vítima;66;BR-153/SP;Sul;Atropelamento  de Pedestre;1;;;;;;;;;;5;;;;1
19/08/2018;23:00:00;105;sem vítima;113,2;BR-153/SP;Norte;Saída de Pista;1;;;;;;;;;;1;;;;
21/08/2018;08:21:00;27;sem vítima;116;BR-153/SP;Norte;Colisão Lateral;;;3;;;;;;;;3;;;;
22/08/2018;05:56:00;12;com vítima;55,8;BR-153/SP;Sul;Tombamento de Moto;;;;1;;;;;;;0;;1;;
22/08/2018;07:06:00;17;com vítima;71,9;BR-153/SP;Norte;Colisão Lateral;1;;;;;1;;;;;1;1;;;
23/08/2018;09:34:00;45;sem vítima;67,5;BR-153/SP;Sul;Colisão Traseira;;;;;;1;;;;1;2;;;;
24/08/2018;05:45:00;4;sem vítima;324;BR-153/SP;Sul;Colisão Lateral;1;;;;;1;;;;;3;;;;
24/08/2018;08:11:00;22;sem vítima;72,2;BR-153/SP;Norte;Colisão Traseira;1;;1;;;;;;;;2;;;;
24/08/2018;11:07:00;45;com vítima;174,2;BR-153/SP;Sul;Colisão Lateral;1;;1;;;;;;;;1;1;1;1;
24/08/2018;13:45:00;68;sem vítima;275;BR-153/SP;Norte;Tombamento de Moto;;;;1;;;;;;;1;;;;
24/08/2018;14:49:00;72;sem vítima;61,1;BR-153/SP;Sul;Colisão Traseira;2;;;;;;;;;;4;;;;
24/08/2018;15:20:00;80;sem vítima;61,9;BR-153/SP;Sul;Colisão Traseira;2;;;;;;;;;;2;;;;
24/08/2018;18:36:00;104;sem vítima;93,5;BR-153/SP;Norte;Atropelamento de Animal;;;;;;;;;;1;1;;;;
26/08/2018;19:11:00;75;sem vítima;63;BR-153/SP;Norte;Saída de Pista;1;;;;;;;;;;2;;;;
27/08/2018;08:59:00;32;sem vítima;174,8;BR-153/SP;Norte;Saída de Pista;2;;;;;;;;;;5;;;;
27/08/2018;19:01:00;88;sem vítima;62;BR-153/SP;Sul;Colisão Traseira;2;;;;;;;;;;2;;;;
28/08/2018;07:59:00;21;com vítima;43,8;BR-153/SP;Sul;Saída de Pista;;;;1;;;;;;;0;1;;;
28/08/2018;16:37:00;82;com vítima;60,8;BR-153/SP;Norte;Colisão Traseira;;;;1;;;;;;1;1;1;;;
28/08/2018;23:39:00;112;com vítima;225,4;BR-153/SP;Sul;Colisão Lateral;1;;;;;1;;;;;1;2;1;;
29/08/2018;06:09:00;11;sem vítima;71,5;BR-153/SP;Norte;Tombamento de Moto;;;;1;;;;;;;1;;;;
29/08/2018;09:26:00;38;sem vítima;62;BR-153/SP;Sul;Engavetamento;2;;;;;;;;;1;7;;;;
30/08/2018;21:09:00;113;com vítima;87;BR-153/SP;Sul;Atropelamento  de Pedestre;1;;;;;;;;;;1;1;;;
31/08/2018;11:32:00;48;sem vítima;58,7;BR-153/SP;Norte;Colisão Traseira;1;;1;;;;;;;;2;;;;
31/08/2018;11:41:00;52;sem vítima;174,4;BR-153/SP;Norte;Colisão Transversal;1;;1;;;;;;;;3;;;;
31/08/2018;15:55:00;84;sem vítima;55;BR-153/SP;Sul;Colisão Traseira;;;2;;;;;;;;2;;;;
31/08/2018;21:14:00;126;com vítima;51,6;BR-153/SP;Norte;Colisão Traseira;1;;;1;;;;;;;1;;;1;1
01/07/2018;17:19:00;68;com vítima;74,6;BR-153/SP;Sul;Tombamento de Moto;;;;1;;;;;;;0;2;;;
01/07/2018;23:41:00;91;sem vítima;174;BR-153/SP;Norte;Colisão Transversal;1;;1;;;;;;;;2;;;;
02/07/2018;13:08:00;50;com vítima;58,5;BR-153/SP;Sul;Colisão Transversal;1;;;1;;;;;;;1;1;;;
02/07/2018;13:18:00;51;sem vítima;177;BR-153/SP;Sul;Tombamento;;;;;;1;;;;1;3;;;;
02/07/2018;14:59:00;59;com vítima;257,5;BR-153/SP;Sul;Colisão Traseira;;;1;1;;;;;;;1;;1;;
02/07/2018;20:17:00;97;sem vítima;98,5;BR-153/SP;Sul;Atropelamento de Animal;;;;;;;;;;1;1;;;;
03/07/2018;12:31:00;66;sem vítima;99;BR-153/SP;Norte;Tombamento;;;1;;;;;;;;2;;;;
03/07/2018;22:55:00;127;sem vítima;25,4;BR-153/SP;Norte;Colisão Transversal;1;;;;;1;;;;;4;;;;
04/07/2018;19:01:00;83;sem vítima;70;BR-153/SP;Sul;Colisão Traseira;1;;;;;;;;;;1;;;;
04/07/2018;20:16:00;92;sem vítima;61,4;BR-153/SP;Sul;Tombamento de Moto;;;;1;;;;;;;1;;;;
04/07/2018;20:20:00;93;com vítima;61,4;BR-153/SP;Sul;Tombamento de Moto;;;;1;;;;;;;0;1;;;
05/07/2018;06:27:00;12;sem vítima;72;BR-153/SP;Norte;Colisão Traseira;1;;;;;;;;;;3;;;;
05/07/2018;16:47:00;102;sem vítima;89,05;BR-153/SP;Sul;Engavetamento;2;;1;;;;;;;;7;;;;
05/07/2018;18:35:00;114;sem vítima;182;BR-153/SP;Norte;Colisão Transversal;1;;1;;;;;;;;2;;;;
06/07/2018;09:20:00;29;sem vítima;45,5;BR-153/SP;Sul;Colisão Transversal;1;;;;;1;;;;;3;;;;
06/07/2018;13:51:00;67;sem vítima;72;BR-153/SP;Sul;Engavetamento;3;;;;;;;;;;11;;;;
06/07/2018;14:24:00;71;sem vítima;61,8;BR-153/SP;Norte;Tombamento de Moto;;;;1;;;;;;;1;;;;
06/07/2018;19:11:00;94;sem vítima;209;BR-153/SP;Norte;Colisão Lateral;;;1;;;1;;;;;2;;;;
07/07/2018;11:53:00;41;sem vítima;71,8;BR-153/SP;Norte;Colisão Traseira;2;;;;;;;;;;3;;;;
07/07/2018;12:16:00;44;sem vítima;72,85;BR-153/SP;Sul;Tombamento de Moto;;;;1;;;;;;;1;;;;
07/07/2018;18:34:00;82;com vítima;44,95;BR-153/SP;Sul;Colisão Transversal;1;;1;;;;;;;;1;1;;;
08/07/2018;03:23:00;2;sem vítima;63;BR-153/SP;Norte;Colisão Traseira;1;;;1;;;;;;;2;;;;
08/07/2018;13:53:00;56;sem vítima;131,9;BR-153/SP;Sul;Incidente;;;;;;1;;;;1;3;;;;
08/07/2018;17:26:00;76;com vítima;304;BR-153/SP;Norte;Tombamento de Moto;;;;1;;;;;;;1;1;;;
08/07/2018;21:20:00;89;com vítima;161,3;BR-153/SP;Norte;Atropelamento  de Pedestre;;;;;;1;;;;;1;;;;1
09/07/2018;12:00:00;40;sem vítima;8,5;BR-153/SP;Norte;Saída de Pista;1;;;;;;;;;;1;;;;
09/07/2018;18:49:00;71;sem vítima;24;BR-153/SP;Sul;Tombamento;;;;1;;;;;;;2;;;;
09/07/2018;21:41:00;81;sem vítima;32,6;BR-153/SP;Sul;Colisão Traseira;;;;;;;;;;2;7;;;;
10/07/2018;08:19:00;28;sem vítima;61;BR-153/SP;Sul;Engavetamento;5;;;;;;;;;;9;;;;
10/07/2018;08:37:00;33;sem vítima;60,5;BR-153/SP;Sul;Colisão Traseira;2;;;;;;;;;;2;;;;
10/07/2018;09:39:00;42;com vítima;99;BR-153/SP;Norte;Tombamento de Moto;;;;1;;;;;;;0;1;;;
10/07/2018;14:24:00;73;com vítima;333,8;BR-153/SP;Sul;Colisão Traseira;1;;;;;;;;;1;3;1;;;
10/07/2018;15:01:00;76;com vítima;174,4;BR-153/SP;Sul;Colisão Transversal;2;;;;;;;;;;1;2;;;
12/07/2018;10:08:00;44;com vítima;64;BR-153/SP;Norte;Tombamento de Moto;;;;1;;;;;;;0;1;;;
12/07/2018;10:21:00;49;com vítima;256;BR-153/SP;Sul;Colisão Lateral;;;1;1;;;;;;;2;;;1;
12/07/2018;20:08:00;103;sem vítima;56;BR-153/SP;Norte;Saída de Pista;;;1;;;;;;;;1;;;;
13/07/2018;07:44:00;16;sem vítima;73,8;BR-153/SP;Norte;Saída de Pista;;;;;;;;;;1;1;;;;
13/07/2018;11:45:00;48;sem vítima;257,8;BR-153/SP;Sul;Tombamento de Moto;;;;1;;;;;;;1;;;;
13/07/2018;19:00:00;107;sem vítima;42;BR-153/SP;Sul;Colisão Transversal;1;;;;;1;;;;;2;;;;
13/07/2018;21:34:00;121;sem vítima;151;BR-153/SP;Sul;Saída de Pista;1;;;;;;;;;;1;;;;
13/07/2018;21:54:00;122;sem vítima;72,7;BR-153/SP;Sul;Tombamento;;;1;;;;;;;;1;;;;
14/07/2018;02:52:00;8;sem vítima;67,5;BR-153/SP;Norte;Colisão Frontal;1;;1;;;;;;;;3;;;;
14/07/2018;08:04:00;26;com vítima;55,8;BR-153/SP;Sul;Tombamento de Moto;;;;1;;;;;;;0;2;;;
14/07/2018;08:23:00;31;sem vítima;69;BR-153/SP;Norte;Tombamento de Moto;;;;1;;;;;;;1;;;;
14/07/2018;14:58:00;75;sem vítima;98,9;BR-153/SP;Sul;Colisão Traseira;2;;;;;;;;;;2;;;;
14/07/2018;15:03:00;76;sem vítima;278,4;BR-153/SP;Norte;Tombamento;;;1;;;;;;;;1;;;;
14/07/2018;16:11:00;82;com vítima;70;BR-153/SP;Sul;Colisão Traseira;1;;;1;;;;;;;2;1;;;
14/07/2018;17:46:00;88;sem vítima;174,7;BR-153/SP;Norte;Colisão Traseira;2;;;;;;;;;;8;;;;
16/07/2018;13:22:00;64;com vítima;146,7;BR-153/SP;Sul;Colisão Traseira;1;;1;;;;;;;1;4;2;1;;
16/07/2018;13:58:00;66;com vítima;1,6;BR-153/SP;Sul;Tombamento de Moto;;;;1;;;;;;;0;1;;;
16/07/2018;17:21:00;95;sem vítima;108;BR-153/SP;Sul;Colisão Transversal;1;;;;;;;;;1;2;;;;
16/07/2018;19:00:00;105;com vítima;111;BR-153/SP;Norte;Colisão Traseira;1;;;1;;;;;;;2;1;;;
16/07/2018;19:01:00;106;sem vítima;71;BR-153/SP;Sul;Colisão Traseira;1;;1;;;;;;;;3;;;;
17/07/2018;13:57:00;55;com vítima;63;BR-153/SP;Sul;Colisão Traseira;;;;;;;;;;2;5;1;;;
17/07/2018;14:07:00;56;sem vítima;58;BR-153/SP;Norte;Colisão Transversal;1;;;;;;;;;1;4;;;;
17/07/2018;22:49:00;90;com vítima;55,5;BR-153/SP;Norte;Tombamento de Moto;;;;1;;;;;;;0;1;;;
17/07/2018;22:49:00;91;sem vítima;55,5;BR-153/SP;Norte;Tombamento de Moto;;;;1;;;;;;;1;;;;
18/07/2018;17:05:00;89;com vítima;58,75;BR-153/SP;Norte;Colisão Transversal;1;;;1;;;;;;;1;1;;;
18/07/2018;18:51:00;100;sem vítima;67,8;BR-153/SP;Sul;Colisão Traseira;1;;;;1;;;;;;15;;;;
18/07/2018;20:10:00;109;sem vítima;71;BR-153/SP;Sul;Colisão Lateral;1;;1;;;;;;;;2;;;;
18/07/2018;21:38:00;114;com vítima;65,3;BR-153/SP;Sul;Capotamento;1;;;;;;;;;;0;1;;;
19/07/2018;06:59:00;14;sem vítima;72;BR-153/SP;Norte;Colisão Traseira;1;;;;;;;;;1;2;;;;
19/07/2018;10:46:00;47;com vítima;78;BR-153/SP;Norte;Saída de Pista;;;;;;;;;;1;0;1;;;
19/07/2018;18:08:00;98;com vítima;193,9;BR-153/SP;Sul;Engavetamento;1;;2;;;;;;;;2;2;;;
20/07/2018;05:43:00;12;com vítima;281,5;BR-153/SP;Sul;Tombamento;;;1;;;;;;;;0;1;;;