data;horario;n_da_ocorrencia;tipo_de_ocorrencia;km;trecho;sentido;tipo_de_acidente;automovel;bicicleta;caminhao;moto;onibus;outros;tracao_animal;transporte_de_cargas_especiais;trator_maquinas;utilitarios;ilesos;levemente_feridos;moderadamente_feridos;gravemente_feridos;mortos
20/07/2018;09:01:00;32;com vítima;61;BR-153/SP;Sul;Tombamento de Moto;;;;1;;;;;;;0;1;;;
20/07/2018;13:52:00;66;com vítima;47,7;BR-153/SP;Norte;Colisão Transversal;2;;;;;;;;;;3;1;;;
20/07/2018;14:44:00;69;sem vítima;183,8;BR-153/SP;Sul;Colisão Traseira;;;2;;;;;;;;2;;;;
21/07/2018;21:30:00;105;sem vítima;136;BR-153/SP;Norte;Atropelamento de Animal;1;;;;;;;;;;4;;;;
22/07/2018;18:37:00;86;com vítima;153;BR-153/SP;Sul;Colisão Lateral;1;;;1;;1;;;;;4;;1;;
23/07/2018;06:34:00;12;com vítima;6,5;BR-153/SP;Norte;Atropelamento  de Pedestre;;;;;;1;;;;;1;;;;1
23/07/2018;06:53:00;15;com vítima;61,4;BR-153/SP;Sul;Colisão Lateral;1;;1;;;;;;;;2;1;;;
23/07/2018;13:27:00;67;com vítima;44,5;BR-153/SP;Norte;Colisão Lateral;2;;;;;;;;;;1;2;;;
24/07/2018;07:00:00;9;sem vítima;151,8;BR-153/SP;Norte;Saída de Pista;1;;;;;;;;;;1;;;;
24/07/2018;10:54:00;54;sem vítima;342,2;BR-153/SP;Norte;Colisão Transversal;1;;;;;1;;;;;3;;;;
24/07/2018;18:25:00;102;sem vítima;56;BR-153/SP;Sul;Colisão Traseira;1;;;;;;;;;1;4;;;;
24/07/2018;20:28:00;111;sem vítima;83,3;BR-153/SP;Norte;Saída de Pista;1;;;;;;;;;;1;;;;
26/07/2018;12:25:00;46;com vítima;42,5;BR-153/SP;Norte;Tombamento de Moto;;;;1;;;;;;;0;1;;;
26/07/2018;13:51:00;52;com vítima;217;BR-153/SP;Sul;Tombamento de Moto;;;;1;;;;;;;0;1;;;
26/07/2018;14:42:00;59;sem vítima;37,7;BR-153/SP;Sul;Colisão Traseira;1;;;;;;;;;1;2;;;;
26/07/2018;15:00:00;63;com vítima;321;BR-153/SP;Norte;Colisão Transversal;2;;;;;;;;;;0;3;;1;1
27/07/2018;08:39:00;14;com vítima;72,8;BR-153/SP;Norte;Colisão Traseira;;;;;;1;;;1;1;2;1;;;
27/07/2018;09:41:00;26;sem vítima;63,9;BR-153/SP;Sul;Colisão Traseira;;;2;;;;;;;;2;;;;
27/07/2018;12:20:00;43;sem vítima;184,7;BR-153/SP;Sul;Saída de Pista;1;;;;;;;;;;1;;;;
28/07/2018;03:59:00;9;sem vítima;108,3;BR-153/SP;Sul;Saída de Pista;1;;;;;;;;;;2;;;;
28/07/2018;17:08:00;69;sem vítima;55;BR-153/SP;Norte;Engavetamento;3;;;;;;;;;;4;;;;
28/07/2018;19:29:00;81;com vítima;190,8;BR-153/SP;Norte;Atropelamento de Animal;2;;;;;;;;;1;2;4;1;;
28/07/2018;21:44:00;88;com vítima;174,4;BR-153/SP;Sul;Colisão Transversal;1;;;1;;;;;;;1;;;1;
29/07/2018;17:12:00;73;sem vítima;60,85;BR-153/SP;Sul;Colisão Traseira;1;;;;;;;;;1;5;;;;
30/07/2018;07:25:00;9;sem vítima;71,8;BR-153/SP;Sul;Engavetamento;2;;1;;;;;;;1;7;;;;
30/07/2018;18:37:00;78;sem vítima;38;BR-153/SP;Sul;Saída de Pista;1;;;;;;;;;;1;;;;
31/07/2018;23:53:00;94;sem vítima;64;BR-153/SP;Norte;Capotamento;1;;;;;;;;;;1;;;;
01/06/2018;06:31:00;10;sem vítima;58;BR-153/SP;Sul;Colisão Lateral;1;;;;;1;;;;;3;;;;
01/06/2018;07:36:00;14;sem vítima;35,8;BR-153/SP;Sul;Colisão Lateral;;;1;;;;;;;1;5;;;;
01/06/2018;18:18:00;63;com vítima;63;BR-153/SP;Norte;Colisão Traseira;;;;1;;1;;;;;1;1;;;
01/06/2018;19:01:00;67;sem vítima;61,2;BR-153/SP;Sul;Saída de Pista;;;;;;;;;;1;1;;;;
02/06/2018;04:51:00;9;com vítima;27,3;BR-153/SP;Norte;Colisão Frontal;2;;;;;;;;;;0;;1;1;
02/06/2018;17:18:00;76;com vítima;18,1;BR-153/SP;Sul;Capotamento;1;;;;;;;;;;3;4;;;
02/06/2018;18:34:00;80;sem vítima;223,8;BR-153/SP;Norte;Colisão Transversal;;;1;;;;;;;1;3;;;;
02/06/2018;23:07:00;100;sem vítima;60,8;BR-153/SP;Sul;Colisão Traseira;2;;;;;;;;;;4;;;;
03/06/2018;04:11:00;8;sem vítima;70,5;BR-153/SP;Sul;Colisão Traseira;1;;;;;;;;;1;7;;;;
03/06/2018;16:29:00;51;com vítima;5;BR-153/SP;Sul;Colisão Transversal;2;;;;;;;;;;1;1;3;;
03/06/2018;18:35:00;61;com vítima;73;BR-153/SP;Norte;Tombamento de Moto;;;;1;;;;;;;0;1;;;
04/06/2018;02:02:00;8;com vítima;99,1;BR-153/SP;Norte;Saída de Pista;1;;;;;;;;;;2;1;;;
04/06/2018;06:24:00;9;sem vítima;80,5;BR-153/SP;Sul;Colisão Traseira;1;;;;;1;;;;;3;;;;
04/06/2018;07:31:00;17;com vítima;61,9;BR-153/SP;Sul;Tombamento de Moto;;;;1;;;;;;;0;1;;;
04/06/2018;07:53:00;20;sem vítima;73,4;BR-153/SP;Norte;Colisão Traseira;1;;;;;;;;;1;3;;;;
04/06/2018;08:30:00;25;sem vítima;256,5;BR-153/SP;Norte;Tombamento;;;1;;;;;;;;2;;;;
04/06/2018;14:28:00;55;com vítima;277;BR-153/SP;Norte;Saída de Pista;;;1;1;;;;;;;1;2;;;
04/06/2018;16:08:00;64;sem vítima;52;BR-153/SP;Sul;Engavetamento;;;;;;;;;;3;7;;;;
04/06/2018;18:09:00;71;com vítima;71;BR-153/SP;Norte;Colisão Transversal;1;;;1;;;;;;;1;1;;;
05/06/2018;14:19:00;67;com vítima;335;BR-153/SP;Norte;Tombamento de Moto;;;;1;;;;;;;1;1;;;
05/06/2018;18:33:00;99;com vítima;72;BR-153/SP;Sul;Colisão Transversal;;;;1;;1;;;;;2;1;;;
05/06/2018;18:38:00;101;com vítima;8,6;BR-153/SP;Norte;Colisão Lateral;;;1;;;;;;;1;2;1;;;
07/06/2018;06:13:00;9;com vítima;18;BR-153/SP;Sul;Colisão Transversal;2;;;;;;;;;;0;1;2;;
07/06/2018;14:28:00;63;sem vítima;62;BR-153/SP;Sul;Colisão Traseira;1;;;1;;;;;;;2;;;;
07/06/2018;18:50:00;92;com vítima;111;BR-153/SP;Norte;Tombamento de Moto;;;;1;;;;;;;0;1;;;
08/06/2018;07:13:00;15;sem vítima;75;BR-153/SP;Norte;Tombamento de Moto;;;;1;;;;;;;1;;;;
08/06/2018;11:10:00;43;sem vítima;63,3;BR-153/SP;Sul;Engavetamento;2;;1;;;;;;;;3;;;;
08/06/2018;17:54:00;81;sem vítima;77;BR-153/SP;Norte;Colisão Traseira;2;;;;;;;;;;4;;;;
08/06/2018;18:17:00;83;com vítima;45,5;BR-153/SP;Norte;Colisão Lateral;1;;;1;;;;;;;6;1;;;
08/06/2018;18:53:00;86;sem vítima;62;BR-153/SP;Sul;Engavetamento;3;;;;;1;;;;;4;;;;
08/06/2018;19:00:00;87;com vítima;344;BR-153/SP;Sul;Saída de Pista;;;;;;;;;;1;0;1;;;
08/06/2018;19:02:00;88;sem vítima;72;BR-153/SP;Norte;Engavetamento;2;;;;;1;;;;;4;;;;
08/06/2018;19:31:00;94;sem vítima;61,6;BR-153/SP;Sul;Colisão Traseira;1;;;;;;;;;1;2;;;;
08/06/2018;22:03:00;101;sem vítima;98,9;BR-153/SP;Sul;Colisão Lateral;1;;1;;;;;;;;3;;;;
09/06/2018;07:24:00;11;com vítima;78,95;BR-153/SP;Norte;Capotamento;1;;;;;;;;;;0;2;;;
09/06/2018;09:49:00;20;com vítima;80;BR-153/SP;Norte;Colisão Traseira;;;1;;;;;;;1;1;;1;;
09/06/2018;13:10:00;47;sem vítima;174;BR-153/SP;Sul;Colisão Transversal;1;;1;;;;;;;;3;;;;
09/06/2018;18:46:00;79;com vítima;118;BR-153/SP;Norte;Atropelamento de Ciclista;;1;;;;1;;;;;1;1;;;
09/06/2018;19:28:00;80;sem vítima;70,9;BR-153/SP;Norte;Saída de Pista;;;;;;;;;;1;2;;;;
09/06/2018;22:54:00;93;sem vítima;98,9;BR-153/SP;Norte;Colisão Traseira;1;;1;;;;;;;;6;;;;
10/06/2018;02:27:00;6;com vítima;286,2;BR-153/SP;Norte;Saída de Pista;1;;;;;;;;;;0;1;;;
10/06/2018;03:43:00;9;sem vítima;307,8;BR-153/SP;Sul;Saída de Pista;1;;;;;;;;;;1;;;;
10/06/2018;10:19:00;29;sem vítima;99;BR-153/SP;Norte;Colisão Transversal;;;2;;;;;;;;2;;;;
10/06/2018;10:54:00;33;sem vítima;121,3;BR-153/SP;Norte;Saída de Pista;1;;;;;;;;;;4;;;;
10/06/2018;12:45:00;39;com vítima;64;BR-153/SP;Sul;Tombamento de Moto;;;;1;;;;;;;0;2;;;
11/06/2018;18:44:00;96;com vítima;74;BR-153/SP;Norte;Colisão Lateral;1;;;1;;;;;;;2;2;;;
12/06/2018;07:24:00;14;com vítima;73,7;BR-153/SP;Norte;Engavetamento;2;;;;1;;;;;;3;1;;;
12/06/2018;09:32:00;33;sem vítima;213,8;BR-153/SP;Sul;Engavetamento;3;;;;;;;;;;3;;;;
12/06/2018;17:54:00;81;com vítima;70;BR-153/SP;Norte;Tombamento de Moto;;;;1;;;;;;;0;1;;;
12/06/2018;18:15:00;85;sem vítima;71;BR-153/SP;Sul;Engavetamento;3;;;;;;;;;;4;;;;
12/06/2018;19:24:00;92;sem vítima;96,1;BR-153/SP;Sul;Colisão Lateral;1;;;;;1;;;;;3;;;;
13/06/2018;21:44:00;7;com vítima;345;BR-153/SP;Sul;Saída de Pista;;;;;;;;;;1;1;1;;;
13/06/2018;21:26:00;8;com vítima;71,8;BR-153/SP;Norte;Tombamento de Moto;;;;1;;;;;;;0;1;;;
13/06/2018;11:51:00;57;com vítima;55,9;BR-153/SP;Sul;Colisão Traseira;;;;2;;;;;;;1;2;;;
13/06/2018;11:52:00;58;sem vítima;67,4;BR-153/SP;Sul;Colisão Traseira;1;;;;;;;;;1;2;;;;
13/06/2018;13:32:00;66;com vítima;62,8;BR-153/SP;Sul;Colisão Lateral;1;;;1;;;;;;;1;1;;;
13/06/2018;16:36:00;83;com vítima;58;BR-153/SP;Norte;Colisão Transversal;2;;;;;;;;;;1;1;;;
13/06/2018;21:00:00;100;sem vítima;65;BR-153/SP;Sul;Colisão Traseira;;;2;;;;;;;;3;;;;
14/06/2018;05:54:00;6;sem vítima;75,35;BR-153/SP;Sul;Colisão Traseira;;;;;;;;;;2;2;;;;
14/06/2018;06:13:00;7;com vítima;67;BR-153/SP;Norte;Tombamento de Moto;;;;1;;;;;;;0;1;;;
14/06/2018;09:55:00;42;sem vítima;35,8;BR-153/SP;Norte;Colisão Lateral;1;;1;;;;;;;;2;;;;
15/06/2018;09:55:00;40;sem vítima;55,8;BR-153/SP;Norte;Colisão Traseira;2;;;;;;;;;;3;;;;
15/06/2018;11:43:00;64;com vítima;62;BR-153/SP;Sul;Engavetamento;1;;;;;;;;;2;2;1;;;
15/06/2018;15:57:00;88;sem vítima;27,7;BR-153/SP;Norte;Colisão Transversal;2;;;;;;;;;;5;;;;
15/06/2018;18:57:00;108;sem vítima;174;BR-153/SP;Norte;Choque contra Objeto Fixo;1;;;;;;;;;;2;;;;
16/06/2018;00:17:00;1;com vítima;274;BR-153/SP;Norte;Saída de Pista;1;;;;;;;;;;0;3;1;;
16/06/2018;09:42:00;28;com vítima;58,7;BR-153/SP;Sul;Colisão Transversal;1;;;1;;;;;;;1;1;;;
16/06/2018;12:59:00;44;sem vítima;73,5;BR-153/SP;Sul;Engavetamento;2;;;;;;;;;1;6;;;;
16/06/2018;13:01:00;45;com vítima;61,9;BR-153/SP;Sul;Tombamento de Moto;;;;1;;1;;;;;1;2;;;
17/06/2018;10:40:00;21;com vítima;280;BR-153/SP;Sul;Colisão Transversal;1;;;1;;;;;;;0;1;;;1
17/06/2018;13:35:00;30;sem vítima;188,6;BR-153/SP;Sul;Saída de Pista;;;;;;;;;;1;2;;;;
17/06/2018;15:24:00;35;sem vítima;90;BR-153/SP;Norte;Colisão Traseira;1;;1;;;;;;;;2;;;;
17/06/2018;20:40:00;58;com vítima;72,1;BR-153/SP;Sul;Colisão Transversal;1;;;1;;;;;;;2;1;;1;
17/06/2018;23:49:00;61;sem vítima;174;BR-153/SP;Norte;Colisão Transversal;1;;;1;;;;;;;5;;;;
18/06/2018;02:05:00;6;com vítima;0;BR-153/SP;Norte;Atropelamento  de Pedestre;;;1;;;;;;;;1;;;1;
18/06/2018;08:32:00;22;sem vítima;74;BR-153/SP;Norte;Engavetamento;3;;;;;;;;;;6;;;;
18/06/2018;14:08:00;62;sem vítima;227;BR-153/SP;Sul;Tombamento de Moto;;;;1;;;;;;;1;;;;
18/06/2018;15:52:00;73;sem vítima;174,4;BR-153/SP;Norte;Colisão Transversal;;;1;;;;;;;1;4;;;;
19/06/2018;06:36:00;9;sem vítima;42;BR-153/SP;Sul;Saída de Pista;1;;;;;;;;;;1;;;;
19/06/2018;10:59:00;49;com vítima;62,4;BR-153/SP;Sul;Engavetamento;3;;;;;;;;;;3;1;;;
19/06/2018;11:33:00;54;sem vítima;119,7;BR-153/SP;Norte;Choque contra objeto na faixa de rolamento;;;3;;;;;;;;4;;;;
19/06/2018;13:06:00;65;sem vítima;62;BR-153/SP;Sul;Engavetamento;3;;;;;;;;;;6;;;;
19/06/2018;18:38:00;98;com vítima;73;BR-153/SP;Sul;Tombamento de Moto;;;;1;;;;;;;0;1;;;
19/06/2018;18:56:00;99;com vítima;72,3;BR-153/SP;Sul;Tombamento de Moto;;;;1;;;;;;;0;1;;;
20/06/2018;10:15:00;45;com vítima;25;BR-153/SP;Norte;Colisão Transversal;1;;;1;;;;;;;1;;;1;
20/06/2018;11:13:00;48;sem vítima;56,1;BR-153/SP;Norte;Tombamento de Moto;;;;1;;;;;;;1;;;;
21/06/2018;09:14:00;31;sem vítima;61,9;BR-153/SP;Sul;Engavetamento;2;;;;;;;;;1;4;;;;
21/06/2018;12:10:00;58;sem vítima;71,8;BR-153/SP;Norte;Colisão Traseira;2;;;;;;;;;;3;;;;
21/06/2018;17:04:00;90;com vítima;62;BR-153/SP;Sul;Engavetamento;2;;;;;;;;;1;2;1;;;
22/06/2018;03:32:00;5;sem vítima;99;BR-153/SP;Norte;Saída de Pista;1;;;;;;;;;;4;;;;
22/06/2018;07:02:00;14;com vítima;72,35;BR-153/SP;Sul;Colisão Transversal;1;;;;;;;;;1;3;3;;;
22/06/2018;08:52:00;25;sem vítima;73,2;BR-153/SP;Norte;Colisão Traseira;2;;;;;;;;;;4;;;;
22/06/2018;08:58:00;27;sem vítima;98,5;BR-153/SP;Sul;Colisão Traseira;;;1;;;;;;;1;2;;;;
22/06/2018;12:31:00;52;com vítima;63,9;BR-153/SP;Norte;Atropelamento  de Pedestre;;;;;;;;;;1;1;1;;;
22/06/2018;13:22:00;58;sem vítima;64;BR-153/SP;Norte;Colisão Traseira;1;;;;;;;;;1;2;;;;
22/06/2018;15:34:00;74;com vítima;54;BR-153/SP;Norte;Colisão Lateral;;;;1;;1;;;;1;2;1;;;
22/06/2018;18:29:00;94;sem vítima;123,5;BR-153/SP;Sul;Outros;;;1;;;;;;;1;2;;;;
22/06/2018;22:20:00;106;sem vítima;96;BR-153/SP;Sul;Colisão Transversal;1;;;;;1;;;;1;6;;;;
23/06/2018;08:40:00;20;com vítima;293,2;BR-153/SP;Sul;Colisão Traseira;;;;1;;;;;;1;3;;1;;
23/06/2018;19:00:00;72;com vítima;114;BR-153/SP;Norte;Colisão Frontal;1;;;1;;;;;;;2;;;;1
23/06/2018;19:46:00;76;com vítima;55,9;BR-153/SP;Norte;Colisão Transversal;1;;;;;;;;;1;2;1;;;
23/06/2018;19:47:00;77;sem vítima;105;BR-153/SP;Norte;Colisão Lateral;;;;;;1;;;;1;3;;;;
24/06/2018;01:08:00;5;sem vítima;60,1;BR-153/SP;Sul;Saída de Pista;1;;;;;;;;;;1;;;;
24/06/2018;11:30:00;31;com vítima;108;BR-153/SP;Sul;Colisão Transversal;2;;;;;;;;;;5;1;;;
24/06/2018;13:50:00;41;com vítima;30;BR-153/SP;Sul;Colisão Transversal;1;;;;;;;;;1;4;1;;;
24/06/2018;15:45:00;52;com vítima;215,8;BR-153/SP;Norte;Colisão Transversal;1;;1;;;;;;;;5;1;;;
24/06/2018;18:30:00;68;sem vítima;72;BR-153/SP;Norte;Colisão Traseira;;;;1;;;;;;1;2;;;;
24/06/2018;22:55:00;78;sem vítima;67;BR-153/SP;Norte;Saída de Pista;;;;;;;;;;1;1;;;;
25/06/2018;06:30:00;14;com vítima;99;BR-153/SP;Norte;Tombamento de Moto;;;;1;;;;;;;0;1;;;
25/06/2018;16:21:00;74;sem vítima;25,8;BR-153/SP;Sul;Saída de Pista;;;;;;;;;;1;1;;;;
26/06/2018;06:38:00;10;com vítima;70,1;BR-153/SP;Norte;Colisão Transversal;1;;;1;;;;;;;1;1;;;
26/06/2018;10:21:00;42;com vítima;55,8;BR-153/SP;Sul;Tombamento de Moto;;;;1;;;;;;;0;1;;;
28/06/2018;20:15:00;117;sem vítima;217;BR-153/SP;Norte;Saída de Pista;1;;;;;;;;;;1;;;;
29/06/2018;17:01:00;97;sem vítima;73;BR-153/SP;Norte;Engavetamento;2;;;;;;;;;1;4;;;;
29/06/2018;18:09:00;109;com vítima;71,4;BR-153/SP;Sul;Colisão Traseira;1;;;;;;;;;1;2;1;;;
29/06/2018;18:54:00;115;sem vítima;62;BR-153/SP;Sul;Colisão Traseira;;;;1;;;;;;1;4;;;;
29/06/2018;19:09:00;116;sem vítima;58;BR-153/SP;Norte;Colisão Transversal;;;;2;;;;;;;3;;;;
29/06/2018;19:24:00;117;sem vítima;62;BR-153/SP;Sul;Engavetamento;2;;;1;;;;;;;3;;;;
30/06/2018;03:54:00;8;com vítima;118;BR-153/SP;Norte;Capotamento;1;;;;;;;;;;0;1;;;
30/06/2018;22:09:00;123;sem vítima;131,2;BR-153/SP;Sul;Atropelamento de Animal;;;;;;;;;;1;3;;;;
30/06/2018;22:28:00;126;sem vítima;131,2;BR-153/SP;Norte;Atropelamento de Animal;1;;;;;;;;;;5;;;;
02/05/2018;02:06:00;8;sem vítima;10,95;BR-153/SP;Sul;Saída de Pista;;;;;;;;;;1;1;;;;
02/05/2018;08:10:00;21;sem vítima;74;BR-153/SP;Norte;Colisão Traseira;1;;;;;1;;;;;2;;;;
02/05/2018;09:30:00;33;com vítima;27;BR-153/SP;Sul;Colisão Transversal;;;;;;;;;;2;1;1;;;
03/05/2018;08:32:00;17;sem vítima;62,5;BR-153/SP;Sul;Engavetamento;2;;;;;;;;;2;6;;;;
03/05/2018;09:03:00;21;sem vítima;62,2;BR-153/SP;Sul;Engavetamento;2;;;;;;;;;1;7;;;;
03/05/2018;16:02:00;57;sem vítima;61,5;BR-153/SP;Sul;Colisão Traseira;1;;;;;;;;;1;3;;;;
03/05/2018;23:07:00;92;sem vítima;83;BR-153/SP;Sul;Atropelamento de Animal;;;1;;;;;;;;1;;;;
04/05/2018;20:28:00;99;sem vítima;78,9;BR-153/SP;Sul;Colisão Transversal;2;;;;;;;;;;3;;;;
05/05/2018;22:03:00;78;com vítima;179,05;BR-153/SP;Sul;Tombamento de Moto;;;;1;;;;;;;0;1;;;
06/05/2018;14:41:00;58;com vítima;61;BR-153/SP;Norte;Colisão Traseira;1;;1;;;;;;;;2;2;;;
08/05/2018;13:14:00;47;sem vítima;73,4;BR-153/SP;Norte;Colisão Traseira;1;;;;;1;;;;;3;;;;
09/05/2018;07:47:00;18;sem vítima;58,4;BR-153/SP;Sul;Engavetamento;4;;;;;;;;;;11;;;;
09/05/2018;07:59:00;20;sem vítima;61,4;BR-153/SP;Sul;Engavetamento;3;;;;;;;;;2;6;;;;
09/05/2018;09:21:00;33;sem vítima;75,05;BR-153/SP;Norte;Colisão Lateral;1;;1;;;;;;;;3;;;;
09/05/2018;18:24:00;77;sem vítima;71;BR-153/SP;Norte;Colisão Traseira;;;;;;;;;;2;4;;;;
09/05/2018;19:04:00;83;sem vítima;72;BR-153/SP;Sul;Engavetamento;2;;;;;;;;;1;3;;;;
10/05/2018;01:38:00;7;sem vítima;161;BR-153/SP;Sul;Colisão Traseira;1;;1;;;;;;;;5;;;;
10/05/2018;09:39:00;31;sem vítima;72,2;BR-153/SP;Norte;Colisão Traseira;1;;;;;;;;;1;4;;;;
10/05/2018;20:11:00;87;sem vítima;72,8;BR-153/SP;Sul;Colisão Traseira;;;1;;;1;;;;;3;;;;
12/05/2018;11:27:00;37;sem vítima;108,2;BR-153/SP;Norte;Engavetamento;1;;;;1;;;;;1;24;;;;
13/05/2018;00:53:00;3;sem vítima;183,8;BR-153/SP;Norte;Colisão Traseira;1;;;;;;;;;1;3;;;;
13/05/2018;02:58:00;5;com vítima;326;BR-153/SP;Sul;Choque contra Objeto Fixo;;;;1;;;;;;;0;2;;;
13/05/2018;12:57:00;55;sem vítima;78,5;BR-153/SP;Sul;Colisão Lateral;1;;;;;1;;;;1;6;;;;
13/05/2018;19:16:00;85;sem vítima;207,5;BR-153/SP;Norte;Colisão Traseira;1;;;;;;;;;1;6;;;;
14/05/2018;22:26:00;94;sem vítima;55,7;BR-153/SP;Sul;Saída de Pista;;;1;;;;;;;;2;;;;
14/05/2018;23:12:00;97;sem vítima;116,2;BR-153/SP;Sul;Colisão Traseira;1;;;;;1;;;;;3;;;;
15/05/2018;09:15:00;31;sem vítima;75;BR-153/SP;Sul;Colisão Lateral;1;;1;;;;;;;;2;;;;
15/05/2018;12:10:00;46;com vítima;56,8;BR-153/SP;Norte;Colisão Traseira;1;;;1;;;;;;;1;1;;;
15/05/2018;13:38:00;53;com vítima;183;BR-153/SP;Sul;Colisão Transversal;1;;;;;;;;;1;0;2;;;
15/05/2018;17:46:00;85;sem vítima;72;BR-153/SP;Sul;Engavetamento;2;;;;;;;;;1;8;;;;
16/05/2018;21:43:00;91;com vítima;171,3;BR-153/SP;Norte;Tombamento;;;1;;;;;;;;0;2;;;
17/05/2018;06:36:00;5;com vítima;91,2;BR-153/SP;Sul;Saída de Pista;1;;;;;;;;;;0;1;;;
17/05/2018;18:32:00;75;com vítima;140;BR-153/SP;Norte;Colisão Lateral;1;;1;;;;;;;;2;1;;;
18/05/2018;18:04:00;89;com vítima;219,8;BR-153/SP;Norte;Colisão Lateral;2;;;;;;;;;;1;2;;;
19/05/2018;06:57:00;14;com vítima;61,15;BR-153/SP;Sul;Tombamento de Moto;;;;1;;;;;;;0;2;;;
19/05/2018;17:44:00;75;sem vítima;56;BR-153/SP;Norte;Colisão Lateral;1;;1;;;;;;;;3;;;;
19/05/2018;18:20:00;79;sem vítima;62;BR-153/SP;Norte;Colisão Lateral;2;;;;;;;;;;4;;;;
20/05/2018;14:05:00;37;com vítima;61;BR-153/SP;Norte;Colisão Traseira;;;;1;;;;;;1;2;1;;;
21/05/2018;09:25:00;29;sem vítima;27,9;BR-153/SP;Norte;Colisão Lateral;1;;1;;;;;;;;2;;;;
21/05/2018;22:52:00;98;com vítima;61,5;BR-153/SP;Norte;Tombamento de Moto;;;;1;;;;;;;0;1;;;
22/05/2018;05:04:00;8;com vítima;72,3;BR-153/SP;Sul;Colisão Transversal;2;;;;;;;;;;2;3;1;;
22/05/2018;07:42:00;15;sem vítima;61,9;BR-153/SP;Sul;Colisão Traseira;1;;;1;;;;;;;2;;;;
22/05/2018;14:35:00;64;sem vítima;62;BR-153/SP;Sul;Colisão Traseira;;;;;;;;;;2;2;;;;
22/05/2018;18:11:00;77;sem vítima;74;BR-153/SP;Norte;Colisão Traseira;1;;;;;1;;;;;2;;;;
23/05/2018;21:27:00;81;com vítima;70;BR-153/SP;Sul;Tombamento de Moto;;;;1;;;;;;;0;1;;;
24/05/2018;09:15:00;17;sem vítima;136;BR-153/SP;Sul;Colisão Traseira;2;;;;;;;;;;3;;;;
24/05/2018;17:00:00;48;sem vítima;73,4;BR-153/SP;Norte;Colisão Traseira;1;;;;;;;;;1;2;;;;
25/05/2018;03:01:00;2;sem vítima;37,1;BR-153/SP;Norte;Saída de Pista;1;;;;;;;;;;1;;;;
25/05/2018;07:57:00;10;sem vítima;71;BR-153/SP;Norte;Colisão Lateral;;;;1;;;;;;1;2;;;;
25/05/2018;19:00:00;57;sem vítima;211;BR-153/SP;Norte;Colisão Transversal;1;;;;;;;;;1;7;;;;
26/05/2018;07:57:00;10;com vítima;58,9;BR-153/SP;Norte;Colisão Lateral;1;;;;;1;;;;1;4;1;;;
26/05/2018;23:08:00;54;sem vítima;63,9;BR-153/SP;Norte;Saída de Pista;1;;;;;;;;;;1;;;;
28/05/2018;05:31:00;6;com vítima;259,1;BR-153/SP;Sul;Atropelamento de Animal;1;;;;;;;;;;0;1;;;
28/05/2018;21:58:00;64;com vítima;212,2;BR-153/SP;Sul;Atropelamento de Animal;;;;;;;;;;1;2;1;;;
29/05/2018;16:45:00;60;sem vítima;49,8;BR-153/SP;Sul;Colisão Traseira;;;;1;;;;;;1;2;;;;
29/05/2018;19:40:00;68;com vítima;61;BR-153/SP;Norte;Atropelamento  de Pedestre;1;;;;;;;;;;1;;1;;
30/05/2018;22:54:00;68;com vítima;63,5;BR-153/SP;Sul;Colisão Traseira;1;;;1;;;;;;;2;1;;;
31/05/2018;19:35:00;49;com vítima;220,6;BR-153/SP;Norte;Tombamento;;;;;;;;;1;;0;;;;1
01/09/2018;07:13:00;10;sem vítima;62,8;BR-153/SP;Sul;Colisão Lateral;1;;1;;;;;;;;2;;;;
01/09/2018;09:43:00;26;com vítima;48;BR-153/SP;Norte;Colisão Transversal;1;;;1;;;;;;;1;;;1;
01/09/2018;15:17:00;56;sem vítima;65;BR-153/SP;Sul;Colisão Traseira;;;;;;;;;;2;4;;;;
02/09/2018;01:18:00;4;sem vítima;74,3;BR-153/SP;Norte;Saída de Pista;1;;;;;;;;;;1;;;;
03/09/2018;12:35:00;54;sem vítima;66,3;BR-153/SP;Sul;Colisão Traseira;1;;;;;;;;;1;4;;;;
04/09/2018;08:39:00;18;com vítima;31,8;BR-153/SP;Sul;Saída de Pista;;;;;;;;;;1;0;1;;;
05/09/2018;05:34:00;12;com vítima;62,3;BR-153/SP;Sul;Colisão Traseira;;;2;;;;;;;;1;1;;;
05/09/2018;18:29:00;88;com vítima;48,15;BR-153/SP;Norte;Colisão Frontal;2;;;;1;;;;;1;2;1;1;;1
05/09/2018;19:44:00;91;sem vítima;80;BR-153/SP;Sul;Capotamento;1;;;;;;;;;;1;;;;
05/09/2018;21:04:00;96;sem vítima;59,2;BR-153/SP;Norte;Colisão Traseira;;;2;;;;;;;;2;;;;
06/09/2018;07:31:00;22;com vítima;174,4;BR-153/SP;Sul;Colisão Transversal;;;1;1;;;;;;;1;;1;1;
06/09/2018;14:20:00;65;sem vítima;98,9;BR-153/SP;Sul;Colisão Traseira;1;;;;;;;;;1;3;;;;
06/09/2018;17:18:00;86;sem vítima;337;BR-153/SP;Sul;Tombamento de Moto;;;;1;;;;;;;2;;;;
06/09/2018;17:51:00;90;sem vítima;49;BR-153/SP;Sul;Colisão Lateral;1;;;1;;;;;;;3;;;;
06/09/2018;18:49:00;97;sem vítima;164;BR-153/SP;Sul;Colisão Lateral;;;;;;;;;;1;1;;;;