data;horario;n_da_ocorrencia;tipo_de_ocorrencia;km;trecho;sentido;tipo_de_acidente;automovel;bicicleta;caminhao;moto;onibus;outros;tracao_animal;transporte_de_cargas_especiais;trator_maquinas;utilitarios;ilesos;levemente_feridos;moderadamente_feridos;gravemente_feridos;mortos
07/09/2018;15:10:00;57;com vítima;322,3;BR-153/SP;Sul;Tombamento de Moto;;;;1;;;;;;;0;;1;;
07/09/2018;17:10:00;74;com vítima;59;BR-153/SP;Norte;Saída de Pista;;;;;;;;;;1;0;1;;;
07/09/2018;18:07:00;85;com vítima;256;BR-153/SP;Sul;Atropelamento  de Pedestre;;;;1;;;;;;;1;;1;;
07/09/2018;19:29:00;94;com vítima;281,8;BR-153/SP;Sul;Colisão Traseira;2;;;;;;;;;;1;4;1;;
08/09/2018;05:38:00;11;com vítima;49,7;BR-153/SP;Sul;Colisão Frontal;1;;;;;;;;;1;0;1;;1;1
08/09/2018;22:43:00;90;com vítima;75,3;BR-153/SP;Norte;Saída de Pista;1;;;;;;;;;;0;1;;;
09/09/2018;05:39:00;14;com vítima;149,8;BR-153/SP;Sul;Saída de Pista;;;;;;;;;;1;0;1;1;;
09/09/2018;16:51:00;65;sem vítima;98;BR-153/SP;Norte;Colisão Traseira;1;;;;;;;;;1;3;;;;
09/09/2018;19:36:00;93;sem vítima;64;BR-153/SP;Norte;Colisão Lateral;2;;;;;;;;;;6;;;;
09/09/2018;20:35:00;98;com vítima;256;BR-153/SP;Sul;Choque contra Objeto Fixo;1;;;;;;;;;;0;1;;;
10/09/2018;05:46:00;14;sem vítima;187,5;BR-153/SP;Norte;Atropelamento de Animal;1;;;;;;;;;;1;;;;
10/09/2018;07:21:00;21;com vítima;64;BR-153/SP;Norte;Tombamento de Moto;;;;1;;;;;;;0;1;;;
10/09/2018;07:26:00;24;com vítima;187,5;BR-153/SP;Norte;Colisão Traseira;2;;;;;;;;;;3;1;;;
10/09/2018;08:23:00;33;sem vítima;35,4;BR-153/SP;Norte;Colisão Lateral;1;;1;;;;;;;;3;;;;
10/09/2018;16:48:00;100;sem vítima;25;BR-153/SP;Norte;Colisão Traseira;1;;;;;1;;;;;2;;;;
10/09/2018;22:52:00;132;com vítima;343,8;BR-153/SP;Sul;Tombamento de Moto;;;;1;;;;;;;0;;1;;
11/09/2018;19:26:00;96;com vítima;62,2;BR-153/SP;Norte;Atropelamento  de Pedestre;1;;;;;;;;;;2;;1;;
12/09/2018;09:35:00;30;sem vítima;46,4;BR-153/SP;Sul;Saída de Pista;;;;;;1;;;;1;2;;;;
13/09/2018;07:47:00;16;com vítima;105,5;BR-153/SP;Norte;Colisão Transversal;;;1;;;;;;;1;1;1;;;
14/09/2018;12:29:00;55;com vítima;77,9;BR-153/SP;Norte;Saída de Pista;;;;;;;;;;1;0;1;;;
14/09/2018;13:59:00;61;sem vítima;17;BR-153/SP;Sul;Colisão Lateral;;;2;;;;;;;;2;;;;
14/09/2018;14:24:00;67;com vítima;108;BR-153/SP;Sul;Colisão Transversal;;;1;;;;;;;1;1;1;;;
14/09/2018;15:20:00;72;com vítima;49;BR-153/SP;Norte;Colisão Frontal;1;;;1;;;;;;;1;;;1;
16/09/2018;19:25:00;78;sem vítima;113,6;BR-153/SP;Norte;Engavetamento;2;;;;;;;;;1;3;;;;
17/09/2018;19:53:00;96;com vítima;93,3;BR-153/SP;Norte;Colisão Frontal;2;;1;;;;;;;;2;;;;1
18/09/2018;15:41:00;75;sem vítima;56;BR-153/SP;Sul;Colisão Lateral;1;;;1;;;;;;;3;;;;
19/09/2018;20:45:00;114;sem vítima;256;BR-153/SP;Sul;Tombamento de Moto;;;;1;;;;;;;1;;;;
19/09/2018;22:25:00;117;sem vítima;284,9;BR-153/SP;Norte;Colisão Traseira;1;;1;;;;;;;;2;;;;
20/09/2018;19:33:00;105;com vítima;59;BR-153/SP;Sul;Atropelamento  de Pedestre;;;;1;;;;;;;2;1;;;
20/09/2018;21:05:00;111;com vítima;220,25;BR-153/SP;Norte;Saída de Pista;1;;;;;;;;;;0;1;;;
21/09/2018;08:38:00;25;sem vítima;71;BR-153/SP;Norte;Colisão Traseira;;;2;;;;;;;;2;;;;
21/09/2018;10:58:00;46;sem vítima;135;BR-153/SP;Sul;Colisão Transversal;1;;;;;;;;;;1;;;;
21/09/2018;14:22:00;60;com vítima;109;BR-153/SP;Norte;Engavetamento;2;;;;;;;;;1;4;1;;;
21/09/2018;23:09:00;122;com vítima;97,2;BR-153/SP;Sul;Saída de Pista;1;;;;;;;;;;0;3;;;
22/09/2018;17:31:00;77;com vítima;55;BR-153/SP;Norte;Colisão Lateral;1;;;1;;;;;;;1;1;;;
22/09/2018;20:33:00;94;sem vítima;113;BR-153/SP;Norte;Colisão Transversal;1;;;1;;;;;;;3;;;;
22/09/2018;22:15:00;101;com vítima;173,7;BR-153/SP;Norte;Colisão Transversal;2;;;;;;;;;;5;4;;;
23/09/2018;05:42:00;15;com vítima;55,6;BR-153/SP;Sul;Saída de Pista;1;;;;;;;;;;1;1;;;
23/09/2018;12:22:00;44;com vítima;50,8;BR-153/SP;Sul;Colisão Transversal;1;;;1;;;;;;;1;;1;;
25/09/2018;13:20:00;57;com vítima;60,9;BR-153/SP;Sul;Colisão Lateral;;;;1;;1;;;;;1;1;;;
25/09/2018;13:23:00;58;sem vítima;80,5;BR-153/SP;Norte;Colisão Traseira;1;;;;;;;;;1;4;;;;
25/09/2018;14:12:00;66;sem vítima;108;BR-153/SP;Sul;Colisão Traseira;;;1;;;;;;;1;3;;;;
25/09/2018;19:08:00;100;sem vítima;110,9;BR-153/SP;Norte;Colisão Traseira;1;;;;;1;;;;;3;;;;
26/09/2018;12:14:00;81;sem vítima;64,3;BR-153/SP;Norte;Colisão Traseira;1;;;;;;;;;1;2;;;;
26/09/2018;14:46:00;99;com vítima;62,5;BR-153/SP;Sul;Engavetamento;3;;;;;;;;;1;6;1;;;
27/09/2018;08:21:00;30;sem vítima;61,8;BR-153/SP;Sul;Colisão Traseira;1;;;;;;;;;1;2;;;;
27/09/2018;16:07:00;83;com vítima;62;BR-153/SP;Norte;Colisão Traseira;2;;;;;;;;;;1;1;;;
28/09/2018;02:57:00;5;sem vítima;61,6;BR-153/SP;Norte;Saída de Pista;;;;;;;;;;1;1;;;;
28/09/2018;05:47:00;9;com vítima;78,8;BR-153/SP;Sul;Colisão Transversal;1;;1;;;;;;;;1;2;;;
28/09/2018;09:11:00;33;sem vítima;63,9;BR-153/SP;Sul;Engavetamento;3;;;;;;;;;;4;;;;
29/09/2018;19:01:00;69;com vítima;107;BR-153/SP;Norte;Colisão Transversal;;;;1;;;;;;1;3;1;;;
29/09/2018;21:28:00;78;com vítima;63,2;BR-153/SP;Norte;Tombamento;;;;1;;;;;;;1;1;;;
30/09/2018;04:16:00;13;com vítima;58,9;BR-153/SP;Norte;Saída de Pista;1;;;;;;;;;;2;2;;;
30/09/2018;12:53:00;58;sem vítima;70;BR-153/SP;Norte;Tombamento;;;1;;;;;;;;1;;;;
01/10/2018;01:26:00;2;com vítima;275,4;BR-153/SP;Norte;Tombamento;;;1;;;;;;;;0;;;;1
02/10/2018;10:17:00;47;sem vítima;61,9;BR-153/SP;Sul;Engavetamento;2;;;;;;;;;1;5;;;;
03/10/2018;09:43:00;43;com vítima;55,8;BR-153/SP;Sul;Tombamento de Moto;;;;1;;;;;;;0;1;;;
03/10/2018;11:53:00;67;sem vítima;72;BR-153/SP;Norte;Colisão Traseira;1;;1;;;;;;;;3;;;;
04/10/2018;15:23:00;95;sem vítima;54;BR-153/SP;Sul;Colisão Traseira;;;2;;;;;;;;2;;;;
04/10/2018;22:20:00;126;com vítima;59;BR-153/SP;Norte;Tombamento de Moto;;;;1;;;;;;;0;1;;;
05/10/2018;17:13:00;112;sem vítima;268,7;BR-153/SP;Sul;Tombamento de Moto;;;;1;;;;;;;1;;;;
06/10/2018;08:49:00;23;sem vítima;183;BR-153/SP;Sul;Colisão Traseira;1;;1;;;;;;;;5;;;;
06/10/2018;21:00:00;101;sem vítima;73,2;BR-153/SP;Sul;Tombamento de Moto;;;;1;;;;;;;1;;;;
07/10/2018;20:48:00;82;com vítima;59,2;BR-153/SP;Norte;Tombamento de Moto;;;;1;;;;;;;0;1;;;
08/10/2018;00:38:00;4;sem vítima;256,5;BR-153/SP;Norte;Choque contra Objeto Fixo;;;;;;;;;;1;2;;;;
09/10/2018;15:52:00;76;com vítima;182;BR-153/SP;Sul;Colisão Transversal;;;2;;;;;;;;2;1;;;
09/10/2018;18:50:00;89;sem vítima;61;BR-153/SP;Sul;Colisão Traseira;1;;;;;1;;;;;2;;;;
09/10/2018;18:56:00;90;sem vítima;62;BR-153/SP;Sul;Colisão Traseira;2;;;;;;;;;;2;;;;
09/10/2018;18:59:00;91;sem vítima;62;BR-153/SP;Sul;Colisão Traseira;;;;;;1;;;;1;2;;;;
09/10/2018;22:04:00;103;sem vítima;55,3;BR-153/SP;Sul;Tombamento;;;1;;;;;;;;1;;;;
09/10/2018;23:37:00;108;sem vítima;60,3;BR-153/SP;Sul;Saída de Pista;1;;;;;;;;;;1;;;;
12/10/2018;17:19:00;62;com vítima;269;BR-153/SP;Sul;Tombamento de Moto;;;;1;;;;;;;0;1;;;
12/10/2018;19:57:00;75;com vítima;75,9;BR-153/SP;Norte;Colisão Traseira;2;;;;;;;;;;1;1;;;
13/10/2018;23:04:00;93;com vítima;60;BR-153/SP;Sul;Tombamento de Moto;;;;1;;;;;;;0;2;;;
14/10/2018;09:05:00;23;sem vítima;83;BR-153/SP;Sul;Colisão Traseira;1;;1;;;;;;;;3;;;;
15/10/2018;15:21:00;48;com vítima;119,9;BR-153/SP;Norte;Colisão Traseira;2;;1;;;;;;;;4;2;;;
15/10/2018;16:31:00;57;com vítima;117,4;BR-153/SP;Sul;Colisão Traseira;;;1;;;1;;;;;1;1;;;
15/10/2018;23:37:00;91;com vítima;208,3;BR-153/SP;Sul;Colisão Traseira;1;;1;;;;;;;;1;2;1;;
16/10/2018;09:29:00;34;sem vítima;111;BR-153/SP;Norte;Colisão Traseira;;;3;;;;;;;;3;;;;
17/10/2018;10:39:00;52;sem vítima;55;BR-153/SP;Norte;Colisão Transversal;1;;1;;;;;;;;2;;;;
17/10/2018;15:52:00;85;sem vítima;115,8;BR-153/SP;Norte;Saída de Pista;;;;;1;;;;;;37;;;;
17/10/2018;16:15:00;89;sem vítima;284;BR-153/SP;Norte;Saída de Pista;1;;;;;1;;;;;4;;;;
18/10/2018;09:07:00;28;sem vítima;62,5;BR-153/SP;Sul;Engavetamento;;;;;;2;;;;1;3;;;;
18/10/2018;21:00:00;112;com vítima;69;BR-153/SP;Norte;Tombamento de Moto;;;;1;;;;;;;0;1;;;
19/10/2018;06:59:00;17;com vítima;72;BR-153/SP;Norte;Colisão Lateral;1;;;1;;;;;;;1;1;;;
19/10/2018;16:10:00;97;com vítima;120;BR-153/SP;Sul;Colisão Transversal;1;;1;;;;;;;;1;2;;;
20/10/2018;09:55:00;43;sem vítima;54,05;BR-153/SP;Norte;Colisão Traseira;1;;1;;;;;;;;3;;;;
20/10/2018;16:19:00;88;com vítima;55;BR-153/SP;Norte;Capotamento;;;;;;;;;;1;0;2;;;
20/10/2018;18:05:00;97;com vítima;116;BR-153/SP;Sul;Tombamento de Moto;;;;1;;;;;;;1;1;;;
21/10/2018;12:51:00;44;com vítima;110;BR-153/SP;Sul;Tombamento de Moto;;;;1;;;;;;;0;;1;1;
21/10/2018;18:29:00;85;sem vítima;107;BR-153/SP;Norte;Colisão Transversal;2;;;;;;;;;;9;;;;
21/10/2018;18:44:00;87;sem vítima;108;BR-153/SP;Norte;Colisão Traseira;1;;1;;;;;;;;6;;;;
21/10/2018;21:20:00;95;sem vítima;64;BR-153/SP;Norte;Colisão Lateral;1;;1;;;;;;;;5;;;;
22/10/2018;06:18:00;16;com vítima;72,3;BR-153/SP;Norte;Saída de Pista;1;;;;;;;;;;0;1;;;
22/10/2018;10:45:00;39;sem vítima;165,8;BR-153/SP;Norte;Colisão Lateral;1;;1;;;;;;;;5;;;;
23/10/2018;08:40:00;20;sem vítima;256;BR-153/SP;Norte;Engavetamento;;;;;;1;;;;2;4;;;;
24/10/2018;12:41:00;53;sem vítima;62;BR-153/SP;Sul;Engavetamento;1;;;;;;;;;2;4;;;;
24/10/2018;13:05:00;57;sem vítima;55;BR-153/SP;Norte;Colisão Traseira;1;;1;;;;;;;;2;;;;
24/10/2018;18:18:00;87;com vítima;214;BR-153/SP;Sul;Colisão Traseira;;;;1;;;;;;1;1;1;;;
24/10/2018;20:02:00;93;sem vítima;225;BR-153/SP;Sul;Atropelamento de Animal;;;;;;;;;;1;1;;;;
25/10/2018;06:14:00;9;sem vítima;206;BR-153/SP;Norte;Colisão Lateral;;;2;;;;;;;;2;;;;
25/10/2018;17:34:00;97;com vítima;30;BR-153/SP;Sul;Colisão Lateral;1;;1;;;;;;;;2;1;;;
25/10/2018;18:45:00;104;sem vítima;98;BR-153/SP;Sul;Colisão Traseira;1;;;;;;;;;1;2;;;;
26/10/2018;12:56:00;49;sem vítima;61,2;BR-153/SP;Sul;Tombamento de Moto;;;;1;;1;;;;;2;;;;
26/10/2018;14:21:00;55;com vítima;91;BR-153/SP;Norte;Colisão Traseira;1;;1;;;;;;;;4;2;;;
26/10/2018;15:12:00;62;sem vítima;81;BR-153/SP;Norte;Colisão Traseira;1;;;;;;;;;1;2;;;;
26/10/2018;16:05:00;68;com vítima;216,6;BR-153/SP;Sul;Colisão Traseira;2;;;;;;;;;;3;;;1;
26/10/2018;18:13:00;82;sem vítima;56;BR-153/SP;Norte;Engavetamento;2;;;;;;;;;1;4;;;;
26/10/2018;18:50:00;88;com vítima;60;BR-153/SP;Norte;Colisão Traseira;1;;1;;;;;;;;3;1;;;
26/10/2018;19:00:00;91;sem vítima;268,1;BR-153/SP;Sul;Colisão Traseira;2;;;;;;;;;;9;;;;
26/10/2018;20:54:00;101;sem vítima;64;BR-153/SP;Norte;Saída de Pista;1;;;;;;;;;;3;;;;
27/10/2018;01:24:00;7;sem vítima;340;BR-153/SP;Sul;Saída de Pista;1;;;;;;;;;;1;;;;
28/10/2018;06:54:00;11;sem vítima;63,7;BR-153/SP;Norte;Saída de Pista;1;;;;;;;;;;1;;;;
28/10/2018;18:41:00;82;com vítima;69;BR-153/SP;Norte;Tombamento de Moto;;;;1;;;;;;;0;;1;;
28/10/2018;21:12:00;94;sem vítima;145;BR-153/SP;Norte;Colisão Transversal;1;;;;;1;;;;;3;;;;
29/10/2018;02:20:00;5;sem vítima;178,1;BR-153/SP;Norte;Tombamento;;;1;;;;;;;;1;;;;
30/10/2018;06:36:00;14;com vítima;49,9;BR-153/SP;Sul;Tombamento de Moto;;;;1;;;;;;;0;2;;;
30/10/2018;15:56:00;74;sem vítima;68;BR-153/SP;Sul;Colisão Traseira;;;2;;;;;;;;2;;;;
30/10/2018;18:06:00;95;sem vítima;66,9;BR-153/SP;Norte;Choque contra objeto na faixa de rolamento;2;;;;;;;;;;5;;;;
30/10/2018;18:25:00;98;com vítima;256,5;BR-153/SP;Sul;Tombamento de Moto;;;;1;;;;;;;0;1;;;
31/10/2018;06:55:00;14;sem vítima;58;BR-153/SP;Sul;Colisão Traseira;1;;;;;;;;;1;8;;;;
01/11/2018;07:55:00;23;com vítima;59;BR-153/SP;Sul;Colisão Traseira;1;;;1;;;;;;;4;1;;;
01/11/2018;10:31:00;49;sem vítima;62,7;BR-153/SP;Sul;Engavetamento;3;;;;;;;;;;6;;;;
01/11/2018;11:20:00;56;sem vítima;85;BR-153/SP;Norte;Colisão Traseira;1;;;;;;;;;1;6;;;;
01/11/2018;15:45:00;87;sem vítima;57;BR-153/SP;Norte;Engavetamento;2;;1;;;;;;;;5;;;;
01/11/2018;17:38:00;94;sem vítima;64;BR-153/SP;Norte;Colisão Traseira;2;;;;;;;;;;3;;;;
01/11/2018;17:54:00;97;sem vítima;62;BR-153/SP;Sul;Colisão Traseira;1;;;1;;;;;;;2;;;;
01/11/2018;18:51:00;104;com vítima;59;BR-153/SP;Norte;Colisão Traseira;1;;;1;;;;;;;2;1;;;
02/11/2018;06:12:00;14;sem vítima;62;BR-153/SP;Norte;Choque contra Objeto Fixo;1;;;;;;;;;;1;;;;
02/11/2018;12:26:00;47;sem vítima;113;BR-153/SP;Norte;Saída de Pista;1;;;;;;;;;;4;;;;
02/11/2018;13:47:00;57;sem vítima;93;BR-153/SP;Norte;Saída de Pista;1;;;;;;;;;;2;;;;
03/11/2018;09:15:00;23;sem vítima;82;BR-153/SP;Norte;Saída de Pista;1;;;;;1;;;;;2;;;;
03/11/2018;23:32:00;98;com vítima;120;BR-153/SP;Sul;Colisão Transversal;2;;;;;;;;;;4;1;;;
04/11/2018;01:15:00;2;sem vítima;63,9;BR-153/SP;Norte;Saída de Pista;1;;;;;;;;;;2;;;;
04/11/2018;04:14:00;9;sem vítima;71,8;BR-153/SP;Sul;Saída de Pista;1;;;;;;;;;;1;;;;
04/11/2018;05:47:00;12;com vítima;75;BR-153/SP;Sul;Choque contra Objeto Fixo;1;;;;;;;;;;0;;;2;2
04/11/2018;17:56:00;74;com vítima;48;BR-153/SP;Sul;Saída de Pista;;;;;;;;;;1;0;2;;;
04/11/2018;20:15:00;83;sem vítima;61;BR-153/SP;Norte;Saída de Pista;1;;;;;;;;;;2;;;;
05/11/2018;07:28:00;12;com vítima;71,55;BR-153/SP;Norte;Tombamento de Moto;;;;1;;;;;;;0;1;1;;
05/11/2018;08:40:00;26;com vítima;61;BR-153/SP;Sul;Tombamento de Moto;;;;1;;;;;;;1;1;;;
05/11/2018;23:25:00;114;com vítima;99;BR-153/SP;Norte;Tombamento de Moto;;;;1;;;;;;;0;1;;;
07/11/2018;12:54:00;46;com vítima;30;BR-153/SP;Norte;Colisão Transversal;2;;;;;;;;;;2;1;;;
07/11/2018;13:19:00;48;com vítima;37;BR-153/SP;Sul;Colisão Transversal;1;;1;;;;;;;;2;1;;;
07/11/2018;13:38:00;49;sem vítima;64,15;BR-153/SP;Norte;Saída de Pista;;;1;;;;;;;;1;;;;
08/11/2018;10:34:00;42;com vítima;168;BR-153/SP;Sul;Saída de Pista;;;1;;;;;;;;0;1;;;
08/11/2018;14:16:00;64;sem vítima;25;BR-153/SP;Sul;Saída de Pista;;;;;;;;;;1;2;;;;
08/11/2018;16:10:00;75;com vítima;174,3;BR-153/SP;Norte;Atropelamento de Ciclista;;1;;;;1;;;;;1;;;1;
09/11/2018;19:29:00;98;sem vítima;64;BR-153/SP;Norte;Colisão Traseira;1;;1;;;;;;;;2;;;;
10/11/2018;05:04:00;10;sem vítima;174,4;BR-153/SP;Sul;Choque contra objeto na faixa de rolamento;1;;;;;;;;;;2;;;;
11/11/2018;07:30:00;15;com vítima;114,6;BR-153/SP;Norte;Capotamento;1;;;;;;;;;;0;1;;;
11/11/2018;22:16:00;79;com vítima;110,2;BR-153/SP;Sul;Colisão Transversal;1;;1;;;;;;;;1;;2;;
13/11/2018;17:28:00;81;com vítima;106;BR-153/SP;Norte;Colisão Transversal;;;1;;;;;;;1;1;;1;;
14/11/2018;11:42:00;61;com vítima;149,9;BR-153/SP;Norte;Engavetamento;1;;2;;;;;;;2;2;8;3;;
14/11/2018;14:42:00;81;sem vítima;191,8;BR-153/SP;Norte;Colisão Traseira;;;1;;;1;;;;;2;;;;
14/11/2018;20:34:00;128;com vítima;271;BR-153/SP;Sul;Colisão Traseira;;;;;;;;;;3;2;;2;;
14/11/2018;23:28:00;138;sem vítima;347;BR-153/SP;Sul;Atropelamento de Animal;1;;;;;;;;;;2;;;;
15/11/2018;00:04:00;1;sem vítima;347;BR-153/SP;Norte;Atropelamento de Animal;1;;;;;;;;;;1;;;;
15/11/2018;20:05:00;74;sem vítima;153;BR-153/SP;Sul;Saída de Pista;1;;;;;;;;;;5;;;;
16/11/2018;11:25:00;39;sem vítima;119,9;BR-153/SP;Sul;Colisão Traseira;2;;;;;;;;;;4;;;;
17/11/2018;11:14:00;27;com vítima;0;BR-153/SP;Sul;Colisão Traseira;1;;;;;;;;;1;4;1;;;
17/11/2018;20:54:00;70;com vítima;278;BR-153/SP;Sul;Colisão Transversal;2;;;;;;;;;;2;1;;;
19/11/2018;14:09:00;50;com vítima;58;BR-153/SP;Sul;Engavetamento;3;;;1;;;;;;;4;2;;;
20/11/2018;08:11:00;13;sem vítima;62,5;BR-153/SP;Sul;Colisão Traseira;2;;;;;;;;;;2;;;;
20/11/2018;08:30:00;16;sem vítima;62,6;BR-153/SP;Sul;Colisão Traseira;1;;;;;1;;;;;4;;;;
20/11/2018;17:20:00;79;sem vítima;107,95;BR-153/SP;Norte;Colisão Transversal;2;;;;;;;;;;2;;;;
21/11/2018;07:33:00;10;com vítima;62,8;BR-153/SP;Sul;Colisão Traseira;;;;1;;;;;;1;2;1;;;
21/11/2018;13:08:00;66;com vítima;182,2;BR-153/SP;Sul;Colisão Transversal;;;1;;;;;;;1;2;1;;;
22/11/2018;14:25:00;63;sem vítima;260,5;BR-153/SP;Sul;Colisão Transversal;1;;;;;;;;;1;2;;;;
23/11/2018;01:30:00;3;sem vítima;71,6;BR-153/SP;Norte;Saída de Pista;1;;;;;;;;;;1;;;;
23/11/2018;07:40:00;15;com vítima;55,8;BR-153/SP;Norte;Colisão Lateral;2;;;1;;;;;;;2;1;;;
23/11/2018;13:56:00;49;com vítima;187;BR-153/SP;Norte;Colisão Traseira;1;;;;;;;;;1;4;1;;;
23/11/2018;14:21:00;53;com vítima;335,5;BR-153/SP;Norte;Colisão Transversal;1;;1;;;;;;;;2;1;;;
23/11/2018;19:26:00;88;sem vítima;62,3;BR-153/SP;Sul;Colisão Traseira;2;;;;;;;;;;5;;;;
24/11/2018;14:28:00;50;sem vítima;73;BR-153/SP;Norte;Saída de Pista;1;;;;;;;;;;1;;;;
25/11/2018;17:44:00;76;com vítima;54;BR-153/SP;Norte;Colisão Transversal;;;;1;;1;;;;;1;1;;;
26/11/2018;21:59:00;113;sem vítima;100;BR-153/SP;Sul;Saída de Pista;1;;;;;;;;;;1;;;;
27/11/2018;07:52:00;16;sem vítima;70,2;BR-153/SP;Norte;Colisão Lateral;1;;1;;;;;;;;3;;;;
27/11/2018;08:52:00;26;sem vítima;62;BR-153/SP;Sul;Colisão Traseira;;;;1;;;;;;1;2;;;;
27/11/2018;09:11:00;30;sem vítima;62,9;BR-153/SP;Sul;Colisão Traseira;1;;;;;;;;;1;3;;;;
27/11/2018;19:10:00;110;com vítima;61;BR-153/SP;Sul;Tombamento de Moto;;;;1;;;;;;;0;1;;;
29/11/2018;10:28:00;46;com vítima;50,7;BR-153/SP;Norte;Colisão Lateral;;;1;1;;;;;;;1;;1;;
29/11/2018;18:31:00;105;sem vítima;72;BR-153/SP;Norte;Colisão Traseira;1;;1;;;;;;;;2;;;;
29/11/2018;21:47:00;116;com vítima;37,7;BR-153/SP;Sul;Atropelamento  de Pedestre;;;;1;;;;;;;1;1;;;
29/11/2018;22:32:00;121;com vítima;39,5;BR-153/SP;Norte;Colisão Transversal;1;;;1;;;;;;;2;2;;;
30/11/2018;14:44:00;59;com vítima;62,5;BR-153/SP;Sul;Colisão Traseira;;;;1;;;;;;1;1;;1;;
30/11/2018;17:32:00;86;com vítima;18,4;BR-153/SP;Sul;Colisão Lateral;2;;1;;;;;;;;1;;2;2;2
30/11/2018;18:01:00;89;com vítima;62,5;BR-153/SP;Sul;Engavetamento;3;;;;;;;;;;4;1;;;
01/12/2018;13:38:00;47;sem vítima;61;BR-153/SP;Norte;Colisão Traseira;2;;;;;;;;;;4;;;;
01/12/2018;23:35:00;94;sem vítima;321;BR-153/SP;Sul;Saída de Pista;1;;;;;;;;;;3;;;;
04/12/2018;22:26:00;104;com vítima;49,8;BR-153/SP;Sul;Colisão Transversal;2;;;;;;;;;;0;;1;;1
04/12/2018;23:38:00;107;sem vítima;182,8;BR-153/SP;Sul;Colisão Transversal;;;1;;;;;;;1;3;;;;
05/12/2018;08:48:00;33;sem vítima;56;BR-153/SP;Norte;Colisão Lateral;1;;1;;;;;;;;2;;;;
07/12/2018;13:06:00;64;sem vítima;54,5;BR-153/SP;Sul;Colisão Transversal;2;;;;;;;;;;3;;;;
08/12/2018;05:33:00;9;sem vítima;174,2;BR-153/SP;Sul;Colisão Transversal;1;;1;;;;;;;;2;;;;
09/12/2018;19:39:00;92;sem vítima;56,9;BR-153/SP;Norte;Colisão Traseira;2;;;;;;;;;;7;;;;
10/12/2018;10:01:00;36;sem vítima;137,2;BR-153/SP;Sul;Saída de Pista;;;1;;;;;;;;2;;;;
10/12/2018;18:22:00;87;sem vítima;113;BR-153/SP;Norte;Colisão Transversal;1;;;;;;;;;1;2;;;;
10/12/2018;20:56:00;106;com vítima;117;BR-153/SP;Norte;Tombamento de Moto;;;;1;;;;;;;0;2;;;
11/12/2018;08:00:00;9;sem vítima;62,1;BR-153/SP;Sul;Engavetamento;2;;;;;1;;;;;5;;;;
11/12/2018;09:15:00;21;com vítima;62,5;BR-153/SP;Sul;Colisão Traseira;1;;;;;;;;;1;2;1;;;
11/12/2018;11:57:00;39;sem vítima;62,3;BR-153/SP;Sul;Engavetamento;4;;;;;;;;;1;7;;;;
11/12/2018;17:01:00;61;sem vítima;99;BR-153/SP;Sul;Atropelamento de Animal;;;;;;;;;;1;1;;;;
11/12/2018;17:30:00;64;sem vítima;98,8;BR-153/SP;Sul;Colisão Traseira;;;2;;;;;;;;3;;;;
12/12/2018;17:32:00;86;sem vítima;297,5;BR-153/SP;Sul;Colisão Traseira;;;3;;;;;;;;3;;;;
12/12/2018;19:03:00;94;com vítima;71;BR-153/SP;Sul;Tombamento de Moto;;;;1;;;;;;;0;1;;;
12/12/2018;21:37:00;106;com vítima;61,4;BR-153/SP;Sul;Tombamento de Moto;;;;1;;;;;;;0;;1;;
12/12/2018;22:26:00;110;sem vítima;73;BR-153/SP;Sul;Choque contra Objeto Fixo;1;;;;;;;;;;2;;;;
13/12/2018;10:41:00;47;sem vítima;61,9;BR-153/SP;Sul;Engavetamento;1;;1;;;;;;;1;4;;;;
13/12/2018;17:03:00;80;sem vítima;308;BR-153/SP;Sul;Colisão Traseira;1;;1;;;;;;;;6;;;;
13/12/2018;18:04:00;87;com vítima;71,9;BR-153/SP;Sul;Tombamento de Moto;;;;1;;;;;;;1;1;;;
13/12/2018;18:13:00;89;sem vítima;109,15;BR-153/SP;Norte;Engavetamento;1;;;;;;;;;2;6;;;;
13/12/2018;18:25:00;90;sem vítima;71,6;BR-153/SP;Sul;Colisão Lateral;;;;1;;;;;;1;2;;;;
13/12/2018;22:22:00;107;sem vítima;51;BR-153/SP;Norte;Tombamento de Moto;;;;1;;;;;;;1;;;;
14/12/2018;10:18:00;41;sem vítima;174,3;BR-153/SP;Norte;Colisão Transversal;1;;;;;;;;;1;3;;;;
15/12/2018;17:44:00;95;sem vítima;62;BR-153/SP;Sul;Colisão Traseira;2;;;;;;;;;;3;;;;
15/12/2018;20:49:00;111;sem vítima;61;BR-153/SP;Norte;Saída de Pista;1;;;;;;;;;;3;;;;
15/12/2018;22:13:00;123;com vítima;119;BR-153/SP;Norte;Colisão Transversal;1;;;;;;;;;1;2;1;;;
16/12/2018;01:58:00;3;sem vítima;61,9;BR-153/SP;Sul;Colisão Lateral;1;;;;;1;;;;;2;;;;
16/12/2018;08:19:00;15;sem vítima;15;BR-153/SP;Norte;Colisão Lateral;1;;1;;;;;;;;6;;;;