data;horario;n_da_ocorrencia;tipo_de_ocorrencia;km;trecho;sentido;tipo_de_acidente;automovel;bicicleta;caminhao;moto;onibus;outros;tracao_animal;transporte_de_cargas_especiais;trator_maquinas;utilitarios;ilesos;levemente_feridos;moderadamente_feridos;gravemente_feridos;mortos
16/12/2018;19:47:00;95;com vítima;57;BR-153/SP;Sul;Colisão Frontal;1;;1;;;;;;;;0;1;1;;
17/12/2018;14:24:00;70;sem vítima;191;BR-153/SP;Norte;Colisão Traseira;1;;;;;;;;;1;3;;;;
17/12/2018;18:45:00;101;com vítima;59,3;BR-153/SP;Norte;Colisão Traseira;1;;;1;;;;;;;1;1;;;
17/12/2018;21:49:00;123;sem vítima;177,9;BR-153/SP;Sul;Atropelamento de Animal;;;;;;;;;;1;3;;;;
18/12/2018;08:42:00;25;sem vítima;113,1;BR-153/SP;Norte;Tombamento;;;1;;;;;;;;1;;;;
18/12/2018;16:27:00;77;sem vítima;70;BR-153/SP;Norte;Saída de Pista;;;;;;;;;;1;1;;;;
18/12/2018;18:24:00;92;com vítima;59,1;BR-153/SP;Norte;Colisão Lateral;1;;;1;;;;;;;1;1;;;
19/12/2018;05:39:00;16;sem vítima;71;BR-153/SP;Sul;Saída de Pista;;;;;1;;;;;;14;;;;
19/12/2018;06:25:00;17;com vítima;185,5;BR-153/SP;Norte;Colisão Lateral;;;1;1;1;;;;;;27;4;1;;
19/12/2018;12:14:00;57;sem vítima;86;BR-153/SP;Sul;Colisão Lateral;1;;1;;;;;;;;2;;;;
20/12/2018;11:20:00;55;sem vítima;98,8;BR-153/SP;Norte;Colisão Traseira;1;;1;;;;;;;;2;;;;
20/12/2018;11:25:00;57;sem vítima;62,7;BR-153/SP;Sul;Colisão Traseira;;;;;;;;;;2;2;;;;
20/12/2018;13:54:00;70;sem vítima;61;BR-153/SP;Sul;Engavetamento;3;;;;;;;;;2;12;;;;
20/12/2018;14:46:00;75;com vítima;47,9;BR-153/SP;Sul;Colisão Frontal;1;;1;;;;;;;;0;;1;;1
20/12/2018;18:01:00;98;sem vítima;63;BR-153/SP;Sul;Saída de Pista;1;;;;;;;;;;1;;;;
20/12/2018;19:13:00;106;sem vítima;45;BR-153/SP;Sul;Engavetamento;2;;;;;;;;;1;10;;;;
20/12/2018;21:55:00;120;sem vítima;91,65;BR-153/SP;Norte;Colisão Traseira;;;;;;1;;;;1;2;;;;
21/12/2018;09:40:00;38;sem vítima;62,5;BR-153/SP;Sul;Engavetamento;1;;;;;;;;;2;8;;;;
21/12/2018;14:32:00;66;sem vítima;28;BR-153/SP;Sul;Colisão Lateral;1;;1;;;;;;;;2;;;;
21/12/2018;16:17:00;86;com vítima;155;BR-153/SP;Norte;Colisão Traseira;1;;1;;;;;;;;2;1;;;
21/12/2018;16:52:00;94;com vítima;62;BR-153/SP;Sul;Colisão Traseira;1;;;;;;;;;1;0;3;;;
21/12/2018;17:37:00;104;sem vítima;98,8;BR-153/SP;Sul;Colisão Traseira;2;;;;;;;;;;5;;;;
22/12/2018;15:00:00;62;sem vítima;122;BR-153/SP;Sul;Colisão Traseira;1;;;;1;;;;;;8;;;;
22/12/2018;16:08:00;71;com vítima;63;BR-153/SP;Norte;Tombamento de Moto;;;;1;;;;;;;0;1;;;
22/12/2018;16:58:00;78;sem vítima;274,3;BR-153/SP;Norte;Tombamento;;;1;;;;;;;;1;;;;
23/12/2018;02:52:00;10;com vítima;125,2;BR-153/SP;Norte;Colisão Frontal;1;;;;1;;;;;;43;;3;;
23/12/2018;11:52:00;45;sem vítima;345,35;BR-153/SP;Sul;Saída de Pista;;;1;;;;;;;;1;;;;
23/12/2018;22:08:00;92;com vítima;54,5;BR-153/SP;Sul;Colisão Traseira;;;;1;;1;;;;;1;;1;;
27/12/2018;13:51:00;60;com vítima;52;BR-153/SP;Norte;Tombamento de Moto;;;;1;;;;;;;0;1;;;
28/12/2018;15:37:00;67;sem vítima;296,5;BR-153/SP;Sul;Saída de Pista;1;;;;;;;;;;3;;;;
29/12/2018;10:20:00;39;sem vítima;108;BR-153/SP;Norte;Colisão Transversal;1;;;;;;;;;1;6;;;;
29/12/2018;13:42:00;61;com vítima;73,3;BR-153/SP;Sul;Tombamento de Moto;;;;1;;;;;;;0;2;;;
30/12/2018;07:31:00;7;sem vítima;71;BR-153/SP;Norte;Colisão Lateral;1;;1;;;;;;;;2;;;;
30/12/2018;17:41:00;61;com vítima;128,1;BR-153/SP;Norte;Capotamento;1;;;;;;;;;;0;1;;;
30/12/2018;18:37:00;68;com vítima;58;BR-153/SP;Norte;Colisão Lateral;;;;1;;;;;;1;4;1;;;
31/12/2018;22:17:00;53;com vítima;44,8;BR-153/SP;Norte;Saída de Pista;1;;;;;;;;;;0;2;;;
01/02/2019;15:21:00;83;sem vítima;57;BR-153/SP;Norte;Colisão Traseira;2;;;;;;;;;;4;;;;
01/02/2019;21:22:00;121;sem vítima;73;BR-153/SP;Norte;Choque contra Objeto Fixo;1;;;;;;;;;;1;;;;
01/02/2019;21:25:00;126;sem vítima;73;BR-153/SP;Norte;Colisão Traseira;2;;;;;;;;;;3;;;;
02/02/2019;01:43:00;7;sem vítima;312;BR-153/SP;Norte;Saída de Pista;1;;;;;;;;;;1;;;;
02/02/2019;18:46:00;99;sem vítima;321;BR-153/SP;Sul;Colisão Transversal;2;;;;;;;;;;5;;;;
02/02/2019;20:29:00;105;sem vítima;155;BR-153/SP;Sul;Colisão Traseira;;;;;;1;;;;1;2;;;;
02/02/2019;21:37:00;111;sem vítima;321;BR-153/SP;Norte;Colisão Transversal;2;;;;;;;;;;4;;;;
03/02/2019;14:00:00;35;com vítima;145;BR-153/SP;Norte;Tombamento de Moto;;;;1;;;;;;;0;2;;;
03/02/2019;18:24:00;61;sem vítima;273;BR-153/SP;Norte;Colisão Traseira;1;;;;;;;;;1;7;;;;
04/02/2019;05:13:00;7;com vítima;258,2;BR-153/SP;Norte;Atropelamento de Animal;;;;1;;;;;;;0;;1;;
04/02/2019;09:44:00;37;sem vítima;58;BR-153/SP;Sul;Colisão Traseira;1;;;;;;;;;1;5;;;;
04/02/2019;18:43:00;84;sem vítima;257,1;BR-153/SP;Norte;Colisão Traseira;2;;;;;;;;;;4;;;;
05/02/2019;01:21:00;6;sem vítima;83,8;BR-153/SP;Norte;Atropelamento de Animal;1;;;;;;;;;;4;;;;
05/02/2019;10:14:00;41;sem vítima;62,7;BR-153/SP;Sul;Engavetamento;2;;;;;;;;;2;4;;;;
05/02/2019;22:56:00;93;sem vítima;174,4;BR-153/SP;Norte;Colisão Traseira;2;;;;;;;;;;6;;;;
06/02/2019;18:05:00;82;sem vítima;55;BR-153/SP;Sul;Colisão Traseira;2;;;;;;;;;;2;;;;
07/02/2019;17:15:00;83;com vítima;61,8;BR-153/SP;Norte;Colisão Lateral;1;;;1;;;;;;;1;1;1;;
08/02/2019;15:19:00;55;sem vítima;184;BR-153/SP;Norte;Colisão Traseira;;;2;;;;;;;;2;;;;
08/02/2019;18:02:00;69;sem vítima;58;BR-153/SP;Norte;Colisão Traseira;1;;;;;;;;;1;5;;;;
09/02/2019;00:20:00;1;sem vítima;58;BR-153/SP;Sul;Saída de Pista;1;;;;;;;;;;3;;;;
09/02/2019;09:46:00;44;sem vítima;155,8;BR-153/SP;Sul;Saída de Pista;1;;;;;;;;;;2;;;;
09/02/2019;15:12:00;85;com vítima;76,5;BR-153/SP;Norte;Tombamento de Moto;;;;1;;;;;;;0;1;;;
09/02/2019;16:02:00;93;com vítima;70;BR-153/SP;Norte;Tombamento de Moto;;;;1;;;;;;;0;;;1;
10/02/2019;00:15:00;1;sem vítima;49,4;BR-153/SP;Sul;Colisão Transversal;1;;;;;1;;;;;2;;;;
10/02/2019;13:17:00;42;com vítima;56;BR-153/SP;Sul;Tombamento de Moto;;;;1;;;;;;;0;2;;;
11/02/2019;21:52:00;86;com vítima;79,8;BR-153/SP;Sul;Atropelamento  de Pedestre;1;;;;;;;;;;3;;1;;
12/02/2019;07:24:00;11;sem vítima;75,5;BR-153/SP;Sul;Saída de Pista;1;;;;;;;;;;1;;;;
13/02/2019;03:44:00;7;sem vítima;322,5;BR-153/SP;Norte;Saída de Pista;;;1;;;;;;;;1;;;;
14/02/2019;14:58:00;73;com vítima;189,8;BR-153/SP;Sul;Tombamento;;;1;;;;;;;;0;1;;;
14/02/2019;23:33:00;102;sem vítima;28,9;BR-153/SP;Sul;Atropelamento de Animal;;;;;1;;;;;;22;;;;
15/02/2019;18:20:00;78;sem vítima;62;BR-153/SP;Sul;Engavetamento;3;;;;;;;;;1;4;;;;
16/02/2019;14:46:00;52;sem vítima;57;BR-153/SP;Norte;Colisão Traseira;2;;;;;;;;;;5;;;;
17/02/2019;15:11:00;59;sem vítima;63;BR-153/SP;Sul;Saída de Pista;1;;;;;;;;;;1;;;;
17/02/2019;18:05:00;81;com vítima;112;BR-153/SP;Norte;Colisão Transversal;1;;;1;;;;;;;1;1;;;
17/02/2019;23:09:00;95;sem vítima;192,02;BR-153/SP;Sul;Atropelamento de Animal;1;;;;;;;;;;4;;;;
18/02/2019;03:05:00;3;sem vítima;73,5;BR-153/SP;Norte;Colisão Traseira;1;;1;;;;;;;;4;;;;
18/02/2019;07:35:00;13;com vítima;61,5;BR-153/SP;Sul;Colisão Traseira;1;;;;;;;;;1;2;1;;;
18/02/2019;09:25:00;27;com vítima;274,35;BR-153/SP;Norte;Tombamento de Moto;;;;1;;;;;;;0;2;;;
19/02/2019;07:00:00;14;com vítima;113;BR-153/SP;Sul;Saída de Pista;;;1;;;;;;;;0;1;;;
20/02/2019;19:51:00;75;sem vítima;72;BR-153/SP;Norte;Colisão Frontal;;;;;;;;;;1;1;;;;
21/02/2019;02:05:00;6;sem vítima;60;BR-153/SP;Sul;Saída de Pista;1;;;;;;;;;;1;;;;
21/02/2019;07:41:00;18;com vítima;57,2;BR-153/SP;Norte;Colisão Transversal;1;;;1;;;;;;;2;1;;;
21/02/2019;18:05:00;84;sem vítima;73,5;BR-153/SP;Norte;Saída de Pista;1;;;;;;;;;;1;;;;
21/02/2019;18:26:00;87;sem vítima;80;BR-153/SP;Sul;Saída de Pista;;;;;;;;;;1;1;;;;
22/02/2019;02:38:00;11;com vítima;85,3;BR-153/SP;Sul;Colisão Transversal;1;;1;;;;;;;;3;2;;;
22/02/2019;14:20:00;69;sem vítima;291,5;BR-153/SP;Sul;Saída de Pista;1;;;;;;;;;;2;;;;
24/02/2019;15:24:00;40;com vítima;47,3;BR-153/SP;Sul;Saída de Pista;;;;;;;;;;1;0;;1;1;1
26/02/2019;07:14:00;10;sem vítima;62,5;BR-153/SP;Sul;Engavetamento;2;;;;;;;;;1;6;;;;
26/02/2019;15:29:00;71;sem vítima;141,5;BR-153/SP;Sul;Colisão Lateral;;;1;;;;;;;;1;;;;
26/02/2019;20:58:00;94;sem vítima;67;BR-153/SP;Sul;Colisão Lateral;;;1;;;;;;;1;2;;;;
27/02/2019;07:54:00;14;com vítima;71,5;BR-153/SP;Norte;Colisão Traseira;;;1;1;;;;;;;1;1;;;
27/02/2019;18:06:00;91;com vítima;187,6;BR-153/SP;Norte;Capotamento;;;1;;;;;;;;0;2;;;
28/02/2019;07:40:00;8;com vítima;46,5;BR-153/SP;Sul;Engavetamento;1;;1;;1;;;;;;14;2;2;;
01/01/2019;17:33:00;44;sem vítima;108;BR-153/SP;Sul;Colisão Lateral;1;;;1;;;;;;;5;;;;
02/01/2019;09:13:00;22;com vítima;71,1;BR-153/SP;Sul;Colisão Lateral;2;;;;;;;;;;1;1;;;
04/01/2019;06:22:00;10;com vítima;56,05;BR-153/SP;Norte;Atropelamento  de Pedestre;;;;;1;;;;;;1;;;1;
04/01/2019;07:52:00;17;com vítima;135,6;BR-153/SP;Sul;Colisão Frontal;2;;;;;;;;;;3;2;2;;1
04/01/2019;11:52:00;46;sem vítima;61;BR-153/SP;Sul;Saída de Pista;1;;;;;;;;;;1;;;;
05/01/2019;16:46:00;49;com vítima;208;BR-153/SP;Norte;Colisão Transversal;2;;;;;;;;;;3;1;;;
05/01/2019;17:13:00;50;com vítima;61;BR-153/SP;Norte;Tombamento de Moto;;;;1;;;;;;;0;1;;;
05/01/2019;19:21:00;54;com vítima;64,5;BR-153/SP;Sul;Tombamento de Moto;;;;1;;;;;;;0;1;;;
06/01/2019;11:50:00;33;sem vítima;55,9;BR-153/SP;Norte;Colisão Traseira;1;;1;;;;;;;;6;;;;
07/01/2019;06:14:00;5;com vítima;331,1;BR-153/SP;Norte;Colisão Traseira;1;;1;;;;;;;;0;1;1;;
07/01/2019;13:19:00;41;com vítima;74,5;BR-153/SP;Sul;Tombamento de Moto;;;;1;;;;;;;0;1;1;;
08/01/2019;06:12:00;8;com vítima;265,7;BR-153/SP;Norte;Colisão Traseira;1;;1;;;;;;;;1;1;1;1;
08/01/2019;09:07:00;22;com vítima;61,75;BR-153/SP;Sul;Colisão Traseira;1;;;1;;;;;;;1;1;;;
08/01/2019;21:36:00;99;sem vítima;75,2;BR-153/SP;Sul;Saída de Pista;1;;;;;;;;;;1;;;;
09/01/2019;13:39:00;65;com vítima;110,8;BR-153/SP;Norte;Capotamento;1;;;;;;;;;;0;1;;;
10/01/2019;07:08:00;11;sem vítima;98,9;BR-153/SP;Norte;Colisão Traseira;;;1;;;;;;;1;3;;;;
10/01/2019;18:25:00;84;com vítima;42;BR-153/SP;Norte;Colisão Transversal;1;;;1;;;;;;;1;1;;;
10/01/2019;20:48:00;98;com vítima;69,3;BR-153/SP;Norte;Tombamento de Moto;;;;1;;;;;;;0;1;;;
10/01/2019;23:09:00;104;sem vítima;306,6;BR-153/SP;Sul;Saída de Pista;1;;;;;;;;;;1;;;;
11/01/2019;19:31:00;94;sem vítima;61,4;BR-153/SP;Norte;Colisão Lateral;;;;;;;;;;2;2;;;;
12/01/2019;06:28:00;10;com vítima;47,5;BR-153/SP;Sul;Atropelamento  de Pedestre;1;;;;;;;;;;3;;;1;
12/01/2019;15:21:00;65;sem vítima;195,3;BR-153/SP;Sul;Saída de Pista;1;;;;;;;;;;4;;;;
12/01/2019;17:52:00;84;sem vítima;55,6;BR-153/SP;Norte;Colisão Transversal;1;;1;;;;;;;;3;;;;
13/01/2019;00:56:00;3;sem vítima;62;BR-153/SP;Norte;Saída de Pista;1;;;;;;;;;;1;;;;
13/01/2019;04:14:00;8;com vítima;334,7;BR-153/SP;Norte;Saída de Pista;;;;1;;;;;;;0;;1;;
13/01/2019;04:40:00;9;com vítima;60,9;BR-153/SP;Norte;Saída de Pista;1;;;;;;;;;;0;1;;;
13/01/2019;05:40:00;10;sem vítima;74;BR-153/SP;Norte;Saída de Pista;1;;;;;;;;;;1;;;;
14/01/2019;04:05:00;5;com vítima;26,95;BR-153/SP;Norte;Colisão Frontal;2;;;;;;;;;;0;;;1;1
14/01/2019;09:39:00;27;com vítima;71,6;BR-153/SP;Norte;Colisão Traseira;;;;2;;;;;;;1;1;;;
14/01/2019;13:39:00;52;com vítima;57;BR-153/SP;Norte;Colisão Frontal;2;;;;;;;;;;1;4;;;
15/01/2019;10:46:00;41;com vítima;47,9;BR-153/SP;Sul;Colisão Frontal;;;2;1;;;;;;;3;;;;1
15/01/2019;17:54:00;94;com vítima;116;BR-153/SP;Sul;Saída de Pista;1;;;;;;;;;;2;1;;;
16/01/2019;05:44:00;10;com vítima;64,7;BR-153/SP;Sul;Tombamento de Moto;;;;1;;;;;;;0;1;;;
16/01/2019;07:06:00;17;com vítima;64,8;BR-153/SP;Norte;Tombamento de Moto;;;;1;;;;;;;0;1;;;
16/01/2019;12:00:00;61;com vítima;55,75;BR-153/SP;Norte;Colisão Traseira;1;;;1;;;;;;;1;1;;;
17/01/2019;07:52:00;14;com vítima;55;BR-153/SP;Sul;Tombamento de Moto;;;;1;;;;;;;0;1;;;
17/01/2019;11:59:00;53;sem vítima;140,5;BR-153/SP;Norte;Tombamento;;;1;;;;;;;;1;;;;
17/01/2019;23:31:00;111;com vítima;344;BR-153/SP;Norte;Saída de Pista;1;;;;;;;;;;0;1;;;
18/01/2019;16:04:00;63;com vítima;24;BR-153/SP;Norte;Tombamento de Moto;;;;1;;;;;;;0;1;;;
18/01/2019;21:50:00;95;com vítima;216,3;BR-153/SP;Norte;Tombamento de Moto;;;;1;;;;;;;0;1;;;
19/01/2019;02:27:00;7;sem vítima;55,7;BR-153/SP;Sul;Saída de Pista;;;;;;;;;;1;1;;;;
19/01/2019;07:16:00;16;sem vítima;67;BR-153/SP;Norte;Tombamento de Moto;;;;1;;;;;;;1;;;;
19/01/2019;09:21:00;35;sem vítima;183,8;BR-153/SP;Norte;Colisão Traseira;1;;;;;;;;;1;5;;;;
19/01/2019;12:56:00;51;sem vítima;217,5;BR-153/SP;Norte;Colisão Traseira;1;;2;;;;;;;;9;;;;
19/01/2019;13:08:00;55;sem vítima;113;BR-153/SP;Sul;Colisão Lateral;;;;;;;;;;2;4;;;;
19/01/2019;17:13:00;77;sem vítima;93;BR-153/SP;Norte;Tombamento de Moto;;;;1;;;;;;;1;;;;
19/01/2019;19:52:00;87;sem vítima;35,8;BR-153/SP;Sul;Engavetamento;1;;;;;;;;;2;5;;;;
20/01/2019;18:06:00;70;sem vítima;326;BR-153/SP;Sul;Tombamento de Moto;;;;1;;;;;;;2;;;;
21/01/2019;06:24:00;11;com vítima;276,1;BR-153/SP;Norte;Colisão Lateral;1;;2;;;;;;;;2;1;1;;1
21/01/2019;18:03:00;101;sem vítima;114;BR-153/SP;Sul;Colisão Lateral;1;;1;;;;;;;;2;;;;
21/01/2019;21:45:00;114;com vítima;71,7;BR-153/SP;Norte;Colisão Traseira;;;;1;;1;;;;;1;1;;;
22/01/2019;10:15:00;42;com vítima;153,8;BR-153/SP;Sul;Colisão Frontal;1;;1;;;;;;;;1;;;;1
22/01/2019;11:07:00;49;com vítima;62,7;BR-153/SP;Sul;Engavetamento;;;;;;;;;;3;2;1;;;
22/01/2019;13:26:00;59;com vítima;257;BR-153/SP;Norte;Colisão Traseira;1;;;1;;1;;;;;2;1;;;
22/01/2019;13:40:00;60;sem vítima;75;BR-153/SP;Sul;Tombamento;;;1;;;;;;;;2;;;;
22/01/2019;20:52:00;106;sem vítima;70;BR-153/SP;Norte;Saída de Pista;;;;;;;;;;1;1;;;;
22/01/2019;23:53:00;114;sem vítima;111,8;BR-153/SP;Sul;Atropelamento de Animal;1;;;;;;;;;;1;;;;
23/01/2019;07:51:00;17;sem vítima;61;BR-153/SP;Sul;Colisão Traseira;2;;;;;;;;;;7;;;;
23/01/2019;08:04:00;18;com vítima;62;BR-153/SP;Sul;Colisão Lateral;1;;;1;;;;;;;1;1;;;
23/01/2019;23:27:00;90;sem vítima;6;BR-153/SP;Sul;Saída de Pista;1;;;;;;;;;;1;;;;
24/01/2019;02:42:00;7;com vítima;284,5;BR-153/SP;Norte;Colisão Traseira;;;1;;;;;;;1;1;;;1;
24/01/2019;18:40:00;120;sem vítima;73;BR-153/SP;Norte;Colisão Traseira;1;;;;;1;;;;;4;;;;
25/01/2019;09:26:00;21;sem vítima;63,7;BR-153/SP;Norte;Colisão Traseira;1;;;;;;;;;1;2;;;;
25/01/2019;18:46:00;84;com vítima;255,8;BR-153/SP;Norte;Tombamento de Moto;;;;1;;;;;;;0;1;;;
25/01/2019;19:55:00;88;com vítima;66;BR-153/SP;Sul;Tombamento de Moto;;;;1;;;;;;;0;1;;;
26/01/2019;02:35:00;5;com vítima;126,9;BR-153/SP;Norte;Saída de Pista;1;;;;;;;;;;3;2;;1;
27/01/2019;00:04:00;1;com vítima;212,95;BR-153/SP;Sul;Tombamento;;;1;;;;;;;;1;;2;;
27/01/2019;14:39:00;45;com vítima;26;BR-153/SP;Sul;Colisão Frontal;1;;1;;;;;;;;1;1;;;
27/01/2019;16:02:00;50;sem vítima;70;BR-153/SP;Norte;Tombamento;;;1;;;;;;;;1;;;;
27/01/2019;17:54:00;54;sem vítima;73;BR-153/SP;Norte;Colisão Traseira;1;;;;;;;;;1;7;;;;
27/01/2019;21:28:00;74;sem vítima;100,9;BR-153/SP;Sul;Colisão Traseira;2;;;;;;;;;;5;;;;
28/01/2019;04:33:00;11;sem vítima;158,2;BR-153/SP;Norte;Tombamento;;;1;;;;;;;;1;;;;
28/01/2019;06:56:00;18;sem vítima;98,9;BR-153/SP;Norte;Saída de Pista;;;1;;;;;;;;2;;;;
28/01/2019;07:14:00;20;com vítima;62,07;BR-153/SP;Sul;Engavetamento;3;;;;;;;;;;5;2;;;
29/01/2019;03:36:00;8;sem vítima;115;BR-153/SP;Norte;Saída de Pista;1;;;;;;;;;;1;;;;
31/01/2019;14:11:00;63;sem vítima;135,7;BR-153/SP;Norte;Colisão Traseira;;;;;;;;;;2;5;;;;
31/01/2019;21:40:00;104;com vítima;53;BR-153/SP;Sul;Tombamento de Moto;;;;1;;;;;;;0;1;;;
31/01/2019;23:26:00;110;sem vítima;74;BR-153/SP;Norte;Saída de Pista;1;;;;;;;;;;1;;;;
01/03/2019;08:41:00;31;sem vítima;199,5;BR-153/SP;Sul;Saída de Pista;1;;;;;;;;;;4;;;;
01/03/2019;13:09:00;66;sem vítima;61,8;BR-153/SP;Sul;Engavetamento;1;;;;;;;;;2;3;;;;
01/03/2019;13:50:00;71;sem vítima;61,5;BR-153/SP;Sul;Colisão Traseira;1;;;;;;;;;1;2;;;;
01/03/2019;15:52:00;86;com vítima;219,3;BR-153/SP;Sul;Colisão Frontal;1;;;;;;;;;1;0;1;1;;
01/03/2019;17:48:00;97;sem vítima;62;BR-153/SP;Sul;Colisão Traseira;2;;1;;;;;;;;3;;;;
01/03/2019;19:48:00;105;com vítima;62;BR-153/SP;Sul;Colisão Lateral;;;;2;;;;;;;1;1;;;
02/03/2019;16:20:00;74;com vítima;174,4;BR-153/SP;Norte;Colisão Transversal;2;;;;;;;;;;3;1;;;
03/03/2019;02:05:00;10;com vítima;62,3;BR-153/SP;Sul;Colisão Traseira;1;;;1;;;;;;;1;2;;;
06/03/2019;07:11:00;17;sem vítima;67,4;BR-153/SP;Norte;Colisão Transversal;1;;;;;;;;;1;2;;;;
06/03/2019;11:00:00;48;sem vítima;290,2;BR-153/SP;Norte;Saída de Pista;1;;;;;;;;;;1;;;;
06/03/2019;11:12:00;52;com vítima;162,4;BR-153/SP;Sul;Saída de Pista;1;;;;;;;;;;0;1;;;
06/03/2019;12:38:00;65;sem vítima;55,4;BR-153/SP;Sul;Engavetamento;1;;3;;;;;;;1;13;;;;
06/03/2019;16:16:00;92;com vítima;61;BR-153/SP;Norte;Colisão Traseira;1;;;1;;;;;;;2;1;;;
07/03/2019;04:30:00;5;com vítima;18,5;BR-153/SP;Sul;Colisão Traseira;;;;;1;1;;;;;29;3;;1;
07/03/2019;14:15:00;53;com vítima;174,4;BR-153/SP;Sul;Colisão Transversal;1;;;;;;;;;1;1;1;;;
08/03/2019;11:59:00;64;com vítima;205,5;BR-153/SP;Sul;Tombamento de Moto;;;;1;;;;;;;0;1;;;
08/03/2019;14:53:00;80;sem vítima;13,85;BR-153/SP;Norte;Saída de Pista;;;;;;;;;;1;2;;;;
08/03/2019;17:38:00;97;sem vítima;85;BR-153/SP;Sul;Colisão Traseira;2;;;;;;;;;;3;;;;
09/03/2019;02:57:00;5;sem vítima;92,95;BR-153/SP;Norte;Colisão Traseira;1;;1;;;;;;;;3;;;;
10/03/2019;11:45:00;35;sem vítima;185,02;BR-153/SP;Norte;Colisão Traseira;1;;;;;;;;;;1;;;;
10/03/2019;21:45:00;92;sem vítima;57,7;BR-153/SP;Norte;Saída de Pista;;;;;;;;;;1;2;;;;
11/03/2019;12:14:00;58;com vítima;162,1;BR-153/SP;Sul;Colisão Lateral;;;2;;;;;;;;1;;1;1;
12/03/2019;09:24:00;24;sem vítima;56;BR-153/SP;Norte;Colisão Traseira;1;;;;1;;;;;;2;;;;
12/03/2019;15:24:00;71;com vítima;17,05;BR-153/SP;Norte;Saída de Pista;;;;;;;;;;1;0;;;;1
13/03/2019;08:30:00;23;sem vítima;62,8;BR-153/SP;Sul;Engavetamento;5;;;;;;;;;;10;;;;
13/03/2019;15:03:00;65;com vítima;88,5;BR-153/SP;Norte;Tombamento de Moto;;;;1;;;;;;;0;2;;;
14/03/2019;14:16:00;65;sem vítima;49,1;BR-153/SP;Sul;Colisão Transversal;2;;;;;;;;;;3;;;;
15/03/2019;19:58:00;100;sem vítima;57;BR-153/SP;Norte;Engavetamento;3;;;;;;;;;;5;;;;
15/03/2019;21:31:00;106;sem vítima;83,5;BR-153/SP;Sul;Saída de Pista;1;;;;;;;;;;2;;;;
16/03/2019;11:44:00;39;sem vítima;207,5;BR-153/SP;Sul;Saída de Pista;;;1;;;;;;;;1;;;;
19/03/2019;02:19:00;4;com vítima;64,2;BR-153/SP;Norte;Tombamento de Moto;;;;1;;;;;;;0;1;;;
19/03/2019;16:40:00;77;sem vítima;98,9;BR-153/SP;Sul;Colisão Traseira;;;2;;;;;;;;2;;;;
20/03/2019;08:55:00;35;com vítima;62,8;BR-153/SP;Sul;Engavetamento;2;;;1;;;;;;;2;1;;;
20/03/2019;11:09:00;53;com vítima;64;BR-153/SP;Norte;Saída de Pista;1;;;;;;;;;;0;1;;;
20/03/2019;15:29:00;80;com vítima;62;BR-153/SP;Sul;Engavetamento;1;;;;;;;;;2;3;1;;;
20/03/2019;15:39:00;83;sem vítima;64;BR-153/SP;Sul;Tombamento de Moto;;;;1;;;;;;;1;;;;
22/03/2019;10:18:00;40;sem vítima;62,8;BR-153/SP;Norte;Colisão Traseira;1;;;;;;;;;1;2;;;;
22/03/2019;10:38:00;43;sem vítima;67;BR-153/SP;Sul;Colisão Traseira;2;;;;;;;;;;2;;;;
24/03/2019;17:55:00;60;sem vítima;68;BR-153/SP;Norte;Colisão Traseira;1;;;;;;;;;1;2;;;;
24/03/2019;22:12:00;86;sem vítima;73;BR-153/SP;Norte;Saída de Pista;1;;;;;;;;;;2;;;;
25/03/2019;09:50:00;36;sem vítima;61;BR-153/SP;Sul;Colisão Lateral;1;;1;;;;;;;;2;;;;
25/03/2019;17:34:00;89;com vítima;57;BR-153/SP;Norte;Tombamento de Moto;;;;1;;;;;;;0;1;;;
25/03/2019;21:29:00;105;sem vítima;90,15;BR-153/SP;Sul;Saída de Pista;;;1;;;;;;;;1;;;;
26/03/2019;01:44:00;2;sem vítima;339,8;BR-153/SP;Sul;Saída de Pista;;;1;;;;;;;;1;;;;
26/03/2019;20:14:00;108;com vítima;62;BR-153/SP;Norte;Colisão Traseira;;;1;;;;;;;1;2;1;;;
29/03/2019;06:40:00;13;com vítima;151;BR-153/SP;Norte;Saída de Pista;;;1;;;;;;;;0;1;;;
29/03/2019;21:30:00;110;com vítima;69;BR-153/SP;Norte;Colisão Transversal;;;;1;;1;;;;;1;;1;;
31/03/2019;14:13:00;33;com vítima;328;BR-153/SP;Norte;Tombamento de Moto;;;;1;;;;;;;0;2;;;
31/03/2019;16:31:00;45;sem vítima;56;BR-153/SP;Norte;Colisão Lateral;2;;;;;;;;;;4;;;;
31/03/2019;19:45:00;61;com vítima;186;BR-153/SP;Sul;Colisão Transversal;1;;;;;1;;;;;3;1;;;
03/04/2019;17:18:00;84;sem vítima;313;BR-153/SP;Sul;Saída de Pista;;;1;;;;;;;;1;;;;
03/04/2019;23:47:00;102;sem vítima;113,5;BR-153/SP;Norte;Atropelamento de Animal;;;1;;;;;;;;3;;;;
04/04/2019;10:23:00;45;sem vítima;64;BR-153/SP;Sul;Colisão Lateral;1;;1;;;;;;;;4;;;;
05/04/2019;14:35:00;63;sem vítima;68;BR-153/SP;Sul;Colisão Traseira;1;;1;;;;;;;;3;;;;
05/04/2019;22:30:00;93;com vítima;61,9;BR-153/SP;Norte;Tombamento de Moto;;;;1;;;;;;;0;1;;;