data;horario;n_da_ocorrencia;tipo_de_ocorrencia;km;trecho;sentido;tipo_de_acidente;automovel;bicicleta;caminhao;moto;onibus;outros;tracao_animal;transporte_de_cargas_especiais;trator_maquinas;utilitarios;ilesos;levemente_feridos;moderadamente_feridos;gravemente_feridos;mortos
06/04/2019;16:33:00;75;sem vítima;0,5;BR-153/SP;Norte;Saída de Pista;1;;;;;;;;;;1;;;;
06/04/2019;17:59:00;79;com vítima;260;BR-153/SP;Sul;Colisão Frontal;1;;;;;;;;;1;1;1;;;
06/04/2019;18:41:00;85;com vítima;35,8;BR-153/SP;Norte;Engavetamento;1;;;;2;;;;;;24;2;;;
06/04/2019;19:15:00;89;com vítima;51,7;BR-153/SP;Norte;Colisão Transversal;2;;1;;;;;;;1;4;2;1;;
07/04/2019;00:12:00;1;com vítima;280;BR-153/SP;Sul;Colisão Traseira;2;;;;;;;;;;2;3;;;
07/04/2019;02:38:00;6;com vítima;56;BR-153/SP;Sul;Tombamento de Moto;;;;1;;;;;;;0;1;1;;
07/04/2019;05:41:00;13;sem vítima;344,9;BR-153/SP;Norte;Saída de Pista;;;;;;;;;;1;1;;;;
07/04/2019;20:39:00;79;sem vítima;264;BR-153/SP;Sul;Saída de Pista;;;;;;1;;;;1;5;;;;
08/04/2019;04:59:00;6;sem vítima;21,9;BR-153/SP;Norte;Saída de Pista;1;;;;;;;;;;1;;;;
08/04/2019;06:38:00;10;sem vítima;47;BR-153/SP;Norte;Saída de Pista;;;1;;;;;;;;1;;;;
09/04/2019;08:04:00;14;com vítima;61,8;BR-153/SP;Sul;Engavetamento;3;;;;;;;;;;5;1;;;
09/04/2019;13:01:00;60;com vítima;148;BR-153/SP;Sul;Tombamento de Moto;;;;1;;;;;;;1;1;;;
09/04/2019;16:47:00;70;sem vítima;73,2;BR-153/SP;Sul;Colisão Traseira;1;;1;;;;;;;;3;;;;
09/04/2019;20:01:00;86;com vítima;44;BR-153/SP;Norte;Colisão Traseira;;;1;;;;;;;1;1;;1;;
10/04/2019;14:06:00;54;com vítima;109,2;BR-153/SP;Norte;Tombamento de Moto;;;;1;;;;;;;0;2;;;
10/04/2019;16:15:00;66;sem vítima;111,5;BR-153/SP;Sul;Colisão Transversal;1;;1;;;;;;;;2;;;;
10/04/2019;17:16:00;68;com vítima;67;BR-153/SP;Sul;Colisão Traseira;1;;;1;;;;;;;2;1;;;
10/04/2019;18:19:00;78;com vítima;62;BR-153/SP;Sul;Engavetamento;2;;;1;;;;;;;4;1;;;
10/04/2019;18:36:00;82;sem vítima;90,3;BR-153/SP;Sul;Saída de Pista;1;;;;;;;;;;1;;;;
11/04/2019;10:00:00;46;sem vítima;61,8;BR-153/SP;Norte;Saída de Pista;;;;;;;;;;1;1;;;;
11/04/2019;14:52:00;77;sem vítima;183,8;BR-153/SP;Norte;Colisão Traseira;;;2;;;;;;;;2;;;;
11/04/2019;16:40:00;88;sem vítima;35,8;BR-153/SP;Sul;Colisão Traseira;;;;;;;;;;2;5;;;;
11/04/2019;19:07:00;100;sem vítima;62;BR-153/SP;Sul;Colisão Traseira;2;;;;;;;;;;2;;;;
12/04/2019;03:26:00;8;sem vítima;173;BR-153/SP;Norte;Saída de Pista;1;;;;;;;;;;1;;;;
12/04/2019;14:47:00;64;sem vítima;107,95;BR-153/SP;Norte;Colisão Lateral;2;;;;;1;;;;;5;;;;
12/04/2019;18:52:00;83;sem vítima;75;BR-153/SP;Sul;Tombamento de Moto;;;;1;;;;;;;1;;;;
13/04/2019;01:18:00;6;com vítima;36;BR-153/SP;Norte;Saída de Pista;1;;;;;;;;;;0;1;;;
13/04/2019;03:02:00;10;com vítima;54,3;BR-153/SP;Norte;Saída de Pista;;;;1;;;;;;;0;;1;;
13/04/2019;06:06:00;16;sem vítima;223;BR-153/SP;Norte;Atropelamento de Animal;;;;;;;;;;1;1;;;;
13/04/2019;11:47:00;47;com vítima;321;BR-153/SP;Norte;Colisão Transversal;1;;;;;;;;;1;2;1;;;
13/04/2019;22:22:00;98;sem vítima;73,3;BR-153/SP;Norte;Saída de Pista;1;;;;;;;;;;1;;;;
14/04/2019;01:58:00;4;sem vítima;195,1;BR-153/SP;Norte;Saída de Pista;1;;;;;;;;;;1;;;;
14/04/2019;10:10:00;23;sem vítima;35,8;BR-153/SP;Sul;Engavetamento;1;;1;;;;;;;1;5;;;;
14/04/2019;14:50:00;53;com vítima;2,5;BR-153/SP;Sul;Colisão Traseira;;;;1;;;;;;1;1;1;;;
14/04/2019;19:14:00;77;sem vítima;57;BR-153/SP;Sul;Saída de Pista;1;;;;;;;;;;3;;;;
15/04/2019;10:45:00;43;sem vítima;62,1;BR-153/SP;Sul;Engavetamento;2;;;;;;;;;1;4;;;;
15/04/2019;10:53:00;44;sem vítima;62,3;BR-153/SP;Sul;Colisão Traseira;1;;1;;;;;;;;3;;;;
15/04/2019;18:44:00;89;sem vítima;61;BR-153/SP;Sul;Tombamento de Moto;;;;1;;;;;;;1;;;;
15/04/2019;20:12:00;96;sem vítima;53;BR-153/SP;Norte;Atropelamento de Animal;1;;;;;;;;;;3;;;;
16/04/2019;01:27:00;2;sem vítima;302;BR-153/SP;Norte;Atropelamento de Animal;;;1;;;;;;;;1;;;;
16/04/2019;20:09:00;90;sem vítima;47;BR-153/SP;Sul;Colisão Traseira;1;;;;;1;;;;;2;;;;
17/04/2019;08:27:00;17;sem vítima;56;BR-153/SP;Sul;Colisão Traseira;1;;;;;1;;;;;2;;;;
17/04/2019;13:34:00;63;sem vítima;64,05;BR-153/SP;Norte;Colisão Traseira;2;;;;;;;;;;3;;;;
17/04/2019;21:52:00;95;sem vítima;69,8;BR-153/SP;Sul;Saída de Pista;1;;;;;;;;;;3;;;;
18/04/2019;22:04:00;119;sem vítima;75,9;BR-153/SP;Sul;Colisão Traseira;2;;;;;;;;;;6;;;;
19/04/2019;00:14:00;1;com vítima;48;BR-153/SP;Norte;Colisão Lateral;1;;;;;;;;;1;1;1;;;
19/04/2019;05:53:00;8;com vítima;174;BR-153/SP;Sul;Colisão Transversal;1;;;1;;;;;;;1;;1;;
19/04/2019;11:05:00;29;sem vítima;25,1;BR-153/SP;Norte;Colisão Traseira;2;;;;;;;;;;11;;;;
19/04/2019;17:10:00;63;sem vítima;290,5;BR-153/SP;Norte;Saída de Pista;;;;;;;;;;1;1;;;;
19/04/2019;23:35:00;86;com vítima;67,6;BR-153/SP;Norte;Tombamento de Moto;;;;1;;;;;;;0;;1;;
20/04/2019;14:11:00;41;sem vítima;37,7;BR-153/SP;Norte;Colisão Lateral;2;;;;;;;;;;4;;;;
20/04/2019;18:44:00;66;sem vítima;56;BR-153/SP;Sul;Saída de Pista;1;;;;;;;;;;1;;;;
21/04/2019;03:48:00;10;sem vítima;25,5;BR-153/SP;Norte;Saída de Pista;1;;;;;;;;;;1;;;;
21/04/2019;06:17:00;13;com vítima;58,2;BR-153/SP;Sul;Saída de Pista;;;;1;;;;;;;0;;;;2
22/04/2019;07:38:00;16;sem vítima;60,75;BR-153/SP;Sul;Colisão Traseira;2;;;;;;;;;;3;;;;
22/04/2019;11:18:00;51;sem vítima;188,15;BR-153/SP;Norte;Colisão Traseira;;;;;1;;;;;1;30;;;;
22/04/2019;20:16:00;101;com vítima;64;BR-153/SP;Norte;Colisão Frontal;;1;;;;;;;;1;1;;1;;
23/04/2019;12:59:00;60;sem vítima;65;BR-153/SP;Norte;Colisão Traseira;;;;;;;;;;2;3;;;;
23/04/2019;16:58:00;84;sem vítima;57;BR-153/SP;Sul;Engavetamento;3;;;;;1;;;;;5;;;;
23/04/2019;18:24:00;97;sem vítima;73;BR-153/SP;Sul;Tombamento de Moto;;;;1;;;;;;;1;;;;
24/04/2019;06:33:00;14;com vítima;64,2;BR-153/SP;Sul;Tombamento de Moto;;;;1;;;;;;;0;;1;;
24/04/2019;15:35:00;59;com vítima;71,6;BR-153/SP;Norte;Tombamento de Moto;;;;1;;1;;;;;1;1;;;
25/04/2019;05:54:00;9;com vítima;190,3;BR-153/SP;Norte;Colisão Traseira;1;;1;;;;;;;;3;2;;;
25/04/2019;10:32:00;36;sem vítima;56;BR-153/SP;Norte;Colisão Traseira;1;;1;;;;;;;;3;;;;
25/04/2019;20:19:00;100;sem vítima;223;BR-153/SP;Sul;Atropelamento de Animal;;;;;;;;;;1;1;;;;
26/04/2019;11:32:00;51;sem vítima;288,6;BR-153/SP;Sul;Colisão Transversal;2;;;;;;;;;;3;;;;
26/04/2019;14:55:00;76;com vítima;53;BR-153/SP;Sul;Colisão Traseira;;;;1;;1;;;;;1;2;;;
26/04/2019;17:07:00;92;sem vítima;58;BR-153/SP;Norte;Colisão Transversal;1;;;1;;;;;;;2;;;;
26/04/2019;18:30:00;101;sem vítima;61,5;BR-153/SP;Sul;Engavetamento;3;;;;;;;;;1;7;;;;
26/04/2019;23:14:00;113;com vítima;49,15;BR-153/SP;Norte;Saída de Pista;1;;;;;;;;;;0;1;;;
27/04/2019;13:31:00;68;sem vítima;62,9;BR-153/SP;Sul;Colisão Traseira;2;;;;;;;;;;3;;;;
27/04/2019;19:55:00;101;com vítima;108,9;BR-153/SP;Norte;Colisão Traseira;1;;;;;1;;;;;2;1;;;
27/04/2019;22:56:00;107;sem vítima;18;BR-153/SP;Norte;Saída de Pista;1;;;;;;;;;;2;;;;
28/04/2019;18:39:00;84;sem vítima;75;BR-153/SP;Norte;Colisão Traseira;2;;;;;;;;;;8;;;;
28/04/2019;19:13:00;89;sem vítima;75;BR-153/SP;Norte;Colisão Traseira;1;;;;;;;;;1;3;;;;
28/04/2019;20:42:00;98;com vítima;256;BR-153/SP;Sul;Choque contra Objeto Fixo;;;;;;;;;;1;0;1;;;
29/04/2019;09:15:00;22;sem vítima;3,2;BR-153/SP;Sul;Colisão Lateral;1;;1;;;;;;;;5;;;;
29/04/2019;17:27:00;90;sem vítima;62,9;BR-153/SP;Sul;Colisão Traseira;;;;1;;;;;;1;2;;;;
29/04/2019;19:08:00;96;com vítima;54,5;BR-153/SP;Norte;Atropelamento  de Pedestre;;;;;;;;;;1;2;;;1;
01/06/2019;18:43:00;74;com vítima;49;BR-153/SP;Norte;Colisão Transversal;;;1;1;;;;;;;1;1;;1;
03/06/2019;06:54:00;4;com vítima;61,9;BR-153/SP;Norte;Colisão Traseira;1;;;1;;;;;;;2;1;;;
03/06/2019;18:56:00;58;sem vítima;75;BR-153/SP;Sul;Colisão Traseira;2;;;;;;;;;;4;;;;
04/06/2019;06:34:00;10;com vítima;70;BR-153/SP;Norte;Colisão Frontal;2;;;;;;;;;;1;2;;;
04/06/2019;07:20:00;12;com vítima;115,6;BR-153/SP;Sul;Capotamento;1;;1;;;;;;;;1;1;;;
04/06/2019;07:54:00;15;sem vítima;49;BR-153/SP;Norte;Colisão Transversal;2;;;;;;;;;;3;;;;
04/06/2019;11:37:00;42;sem vítima;268,1;BR-153/SP;Sul;Colisão Traseira;1;;1;;;;;;;;5;;;;
05/06/2019;17:14:00;80;sem vítima;256,4;BR-153/SP;Norte;Colisão Traseira;1;;1;;;;;;;;2;;;;
05/06/2019;17:32:00;83;sem vítima;256,4;BR-153/SP;Norte;Tombamento de Moto;;;;1;;;;;;;2;;;;
06/06/2019;11:21:00;43;com vítima;62,9;BR-153/SP;Norte;Colisão Lateral;1;;;1;;;;;;;1;2;;;
06/06/2019;16:46:00;75;sem vítima;63,5;BR-153/SP;Norte;Engavetamento;3;;;;;;;;;;3;;;;
06/06/2019;18:35:00;84;sem vítima;68;BR-153/SP;Sul;Colisão Traseira;1;;;;;;;;;1;3;;;;
06/06/2019;19:55:00;93;sem vítima;62;BR-153/SP;Norte;Colisão Lateral;1;;;;;1;;;;;2;;;;
07/06/2019;07:32:00;22;sem vítima;58,4;BR-153/SP;Norte;Colisão Lateral;1;;1;;;;;;;;2;;;;
07/06/2019;13:13:00;64;sem vítima;62,6;BR-153/SP;Sul;Engavetamento;4;;;;;;;;;;7;;;;
07/06/2019;19:24:00;106;com vítima;57;BR-153/SP;Norte;Colisão Transversal;;;;2;;;;;;;0;1;;;1
08/06/2019;08:34:00;20;com vítima;90,5;BR-153/SP;Sul;Tombamento de Moto;;;;1;;;;;;;0;;1;;
08/06/2019;11:25:00;30;sem vítima;194,05;BR-153/SP;Norte;Colisão Traseira;;;2;;;;;;;;2;;;;
08/06/2019;16:05:00;56;com vítima;39,7;BR-153/SP;Sul;Colisão Frontal;;;;1;;;;;;1;2;1;;;
08/06/2019;17:34:00;65;sem vítima;58;BR-153/SP;Norte;Engavetamento;;;;;;2;;;;1;6;;;;
09/06/2019;18:10:00;69;com vítima;108;BR-153/SP;Norte;Colisão Transversal;1;;;;;;;;;1;7;2;;;
09/06/2019;18:43:00;71;com vítima;200,8;BR-153/SP;Norte;Colisão Traseira;1;;;;;1;;;;;2;1;;;
09/06/2019;20:56:00;80;sem vítima;44;BR-153/SP;Norte;Capotamento;1;;;;;;;;;;2;;;;
10/06/2019;06:47:00;8;com vítima;62,2;BR-153/SP;Sul;Colisão Traseira;1;;;1;;;;;;;1;1;;;
10/06/2019;22:00:00;102;sem vítima;73;BR-153/SP;Sul;Saída de Pista;1;;;;;;;;;;1;;;;
11/06/2019;06:42:00;15;sem vítima;172,3;BR-153/SP;Norte;Atropelamento de Animal;1;;;;;;;;;;2;;;;
11/06/2019;16:24:00;75;sem vítima;79,6;BR-153/SP;Norte;Saída de Pista;1;;;;;;;;;;1;;;;
12/06/2019;07:34:00;12;com vítima;61;BR-153/SP;Norte;Colisão Traseira;;;;2;;;;;;;1;1;;;
12/06/2019;08:30:00;19;com vítima;255;BR-153/SP;Sul;Tombamento de Moto;;;;1;;1;;;;;1;1;;;
13/06/2019;00:14:00;2;sem vítima;216,9;BR-153/SP;Sul;Atropelamento de Animal;;;1;;;;;;;;1;;;;
13/06/2019;16:15:00;70;com vítima;151,05;BR-153/SP;Norte;Saída de Pista;;;1;;;;;;;;0;1;;;
14/06/2019;09:54:00;36;sem vítima;85;BR-153/SP;Norte;Colisão Lateral;;;1;;;;;;;1;2;;;;
14/06/2019;10:42:00;40;sem vítima;108,1;BR-153/SP;Norte;Colisão Lateral;2;;;;;;;;;;4;;;;
14/06/2019;16:30:00;84;sem vítima;37;BR-153/SP;Norte;Colisão Traseira;1;;;;;1;;;;;2;;;;
14/06/2019;22:05:00;110;com vítima;88,05;BR-153/SP;Norte;Atropelamento de Ciclista;;1;;;;1;;;;;1;;;1;
15/06/2019;18:43:00;90;com vítima;87,5;BR-153/SP;Norte;Colisão Lateral;2;;1;;;;;;;;6;;2;;
16/06/2019;04:31:00;7;sem vítima;71,7;BR-153/SP;Sul;Saída de Pista;1;;;;;;;;;;2;;;;
16/06/2019;18:44:00;60;sem vítima;73;BR-153/SP;Norte;Saída de Pista;;;1;;;;;;;;3;;;;
18/06/2019;07:46:00;22;sem vítima;62;BR-153/SP;Sul;Engavetamento;2;;;;;;;;;1;4;;;;
18/06/2019;09:57:00;50;com vítima;63;BR-153/SP;Sul;Tombamento de Moto;;;;1;;;;;;;0;1;;;
18/06/2019;14:53:00;84;com vítima;63;BR-153/SP;Sul;Tombamento de Moto;;;;1;;;;;;;0;1;;;
19/06/2019;02:19:00;1;sem vítima;104,15;BR-153/SP;Norte;Atropelamento de Animal;;;;;;;;;;1;1;;;;
19/06/2019;04:41:00;4;sem vítima;87,1;BR-153/SP;Norte;Colisão Traseira;1;;;;;1;;;;;3;;;;
19/06/2019;20:34:00;82;sem vítima;31,3;BR-153/SP;Norte;Outros;1;;;;;;;;;;1;;;;
19/06/2019;21:45:00;85;sem vítima;55,6;BR-153/SP;Norte;Saída de Pista;1;;;;;;;;;;1;;;;
19/06/2019;22:15:00;86;sem vítima;57;BR-153/SP;Sul;Choque contra Objeto Fixo;;;;;;;;;;1;1;;;;
20/06/2019;10:53:00;36;com vítima;180,8;BR-153/SP;Norte;Capotamento;1;;;;;;;;;;0;2;;;
20/06/2019;15:19:00;62;sem vítima;54,2;BR-153/SP;Sul;Colisão Lateral;2;;;;;;;;;;4;;;;
22/06/2019;03:40:00;9;com vítima;87,7;BR-153/SP;Sul;Saída de Pista;1;;;;;;;;;;0;;1;;
22/06/2019;06:06:00;14;sem vítima;54;BR-153/SP;Norte;Choque contra Objeto Fixo;1;;;;;;;;;;1;;;;
22/06/2019;13:33:00;53;sem vítima;58;BR-153/SP;Sul;Colisão Traseira;2;;;;;;;;;;4;;;;
22/06/2019;16:56:00;69;sem vítima;57,5;BR-153/SP;Sul;Engavetamento;3;;;;;;;;;;6;;;;
22/06/2019;20:02:00;83;sem vítima;76,5;BR-153/SP;Norte;Saída de Pista;;;;;;;;;;1;4;;;;
23/06/2019;06:45:00;13;sem vítima;1,5;BR-153/SP;Norte;Colisão Traseira;2;;;;;;;;;;3;;;;
23/06/2019;23:41:00;99;sem vítima;105;BR-153/SP;Norte;Atropelamento de Animal;1;;;;;;;;;;1;;;;
24/06/2019;04:33:00;9;sem vítima;73;BR-153/SP;Norte;Saída de Pista;1;;;;;;;;;;4;;;;
24/06/2019;07:55:00;21;sem vítima;98;BR-153/SP;Sul;Saída de Pista;;;;;;;;;;1;1;;;;
24/06/2019;09:04:00;30;sem vítima;58;BR-153/SP;Sul;Colisão Traseira;1;;;;;1;;;;;2;;;;
24/06/2019;11:32:00;48;com vítima;228,9;BR-153/SP;Norte;Engavetamento;1;;;;;;;;;2;3;;1;;
25/06/2019;16:57:00;93;com vítima;285,8;BR-153/SP;Sul;Colisão Lateral;1;;1;;;;;;;;2;1;;1;
26/06/2019;07:05:00;12;com vítima;58,35;BR-153/SP;Norte;Colisão Lateral;1;;;1;;;;;;;1;1;;;
27/06/2019;08:18:00;26;sem vítima;47;BR-153/SP;Sul;Colisão Traseira;1;;1;;;;;;;;2;;;;
27/06/2019;13:51:00;70;com vítima;20;BR-153/SP;Norte;Colisão Traseira;1;;1;;;;;;;;3;1;;;
27/06/2019;18:13:00;94;sem vítima;62,3;BR-153/SP;Sul;Engavetamento;2;;;;;1;;;;;3;;;;
27/06/2019;18:21:00;96;sem vítima;63;BR-153/SP;Norte;Colisão Traseira;2;;;;;;;;;;3;;;;
27/06/2019;18:42:00;101;com vítima;63,4;BR-153/SP;Sul;Colisão Lateral;1;;;1;;;;;;;1;1;;;
28/06/2019;14:58:00;63;com vítima;116,5;BR-153/SP;Norte;Saída de Pista;1;;;;;;;;;;0;;1;;
29/06/2019;08:38:00;22;sem vítima;35,8;BR-153/SP;Sul;Colisão Lateral;;;;;1;;;;;1;3;;;;
29/06/2019;11:28:00;41;sem vítima;136;BR-153/SP;Norte;Colisão Traseira;1;;1;;;;;;;;3;;;;
30/06/2019;03:16:00;5;com vítima;331,05;BR-153/SP;Sul;Saída de Pista;1;;;;;;;;;;0;;;;1
30/06/2019;16:52:00;64;com vítima;76,8;BR-153/SP;Sul;Colisão Lateral;3;;;;;;;;;;8;1;;;
30/06/2019;21:26:00;97;sem vítima;54,6;BR-153/SP;Norte;Colisão Traseira;1;;;;;;;;;1;7;;;;
30/06/2019;22:38:00;101;sem vítima;32,3;BR-153/SP;Norte;Atropelamento de Animal;1;;;;;;;;;;1;;;;
01/05/2019;05:46:00;10;sem vítima;61,7;BR-153/SP;Norte;Saída de Pista;1;;;;;;;;;;1;;;;
01/05/2019;19:12:00;67;com vítima;127;BR-153/SP;Norte;Atropelamento de Animal;;;;1;;;;;;;0;1;;;
01/05/2019;20:23:00;71;sem vítima;64;BR-153/SP;Norte;Saída de Pista;1;;;;;;;;;;1;;;;
02/05/2019;15:28:00;59;sem vítima;98,9;BR-153/SP;Sul;Colisão Traseira;1;;1;;;;;;;;3;;;;
02/05/2019;19:09:00;81;sem vítima;56;BR-153/SP;Norte;Engavetamento;2;;1;;;;;;;;4;;;;
02/05/2019;19:12:00;82;sem vítima;63;BR-153/SP;Sul;Colisão Traseira;2;;;;;;;;;;3;;;;
03/05/2019;08:00:00;16;com vítima;61,7;BR-153/SP;Sul;Colisão Traseira;;;;1;;;;;;1;2;1;;;
03/05/2019;08:32:00;19;sem vítima;18;BR-153/SP;Norte;Colisão Transversal;2;;;;;;;;;;6;;;;
03/05/2019;10:46:00;41;sem vítima;63;BR-153/SP;Norte;Colisão Traseira;;;2;;;;;;;;3;;;;
04/05/2019;19:16:00;79;sem vítima;76;BR-153/SP;Norte;Colisão Traseira;2;;;;;;;;;;2;;;;
05/05/2019;18:00:00;73;sem vítima;29,8;BR-153/SP;Sul;Engavetamento;3;;;;;;;;;;8;;;;
05/05/2019;19:00:00;80;sem vítima;75;BR-153/SP;Sul;Colisão Traseira;2;;;;;;;;;;4;;;;
05/05/2019;19:59:00;84;com vítima;67;BR-153/SP;Norte;Colisão Frontal;1;;1;;;;;;;;1;;;;1
06/05/2019;06:35:00;10;com vítima;30,2;BR-153/SP;Sul;Colisão Transversal;2;;;;;;;;;;3;1;;;
06/05/2019;08:13:00;20;com vítima;174;BR-153/SP;Norte;Colisão Traseira;;;;;;1;;;;1;1;1;;;
06/05/2019;16:07:00;85;sem vítima;58,8;BR-153/SP;Norte;Tombamento de Moto;;;;1;;;;;;;1;;;;
06/05/2019;21:15:00;101;sem vítima;42;BR-153/SP;Norte;Saída de Pista;;;;;;;;;;1;1;;;;
07/05/2019;06:52:00;5;com vítima;54,5;BR-153/SP;Sul;Saída de Pista;1;;;;;;;;;;0;1;;;
07/05/2019;10:18:00;31;com vítima;191;BR-153/SP;Norte;Saída de Pista;;;;;;;;;;1;0;1;;;
08/05/2019;18:47:00;108;sem vítima;75,9;BR-153/SP;Norte;Colisão Traseira;1;;;1;;;;;;;3;;;;
09/05/2019;09:11:00;40;sem vítima;79;BR-153/SP;Sul;Colisão Traseira;;;1;;1;;;;;;2;;;;
09/05/2019;12:39:00;63;sem vítima;61;BR-153/SP;Norte;Colisão Traseira;1;;;;;1;;;;;2;;;;
09/05/2019;18:18:00;89;sem vítima;327;BR-153/SP;Norte;Colisão Lateral;;;;;;1;;;;1;2;;;;
09/05/2019;23:19:00;108;com vítima;326,5;BR-153/SP;Norte;Colisão Frontal;1;;1;;;;;;;;1;;;;1
10/05/2019;08:31:00;24;sem vítima;62;BR-153/SP;Sul;Colisão Traseira;2;;;;;;;;;;3;;;;
10/05/2019;17:18:00;82;sem vítima;271;BR-153/SP;Sul;Engavetamento;2;;;;;;;;;1;6;;;;
11/05/2019;03:10:00;6;com vítima;108,6;BR-153/SP;Norte;Colisão Traseira;2;;;;;;;;;;4;3;;;
11/05/2019;15:50:00;54;sem vítima;269;BR-153/SP;Norte;Colisão Traseira;;;1;;;;;;;1;2;;;;
12/05/2019;01:30:00;6;sem vítima;71,6;BR-153/SP;Sul;Saída de Pista;1;;;;;;;;;;4;;;;
12/05/2019;05:28:00;17;com vítima;177,3;BR-153/SP;Norte;Colisão Traseira;;;;;;1;;;;1;1;1;;;
12/05/2019;05:33:00;18;sem vítima;72,3;BR-153/SP;Norte;Saída de Pista;1;;;;;;;;;;2;;;;
12/05/2019;19:09:00;72;com vítima;15;BR-153/SP;Sul;Colisão Frontal;2;;;;;;;;;;4;;1;;
12/05/2019;21:04:00;81;sem vítima;138,3;BR-153/SP;Sul;Atropelamento de Animal;1;;;;;;;;;;4;;;;
13/05/2019;01:12:00;6;com vítima;139;BR-153/SP;Norte;Colisão Traseira;2;;;;;;;;;;2;1;;;
13/05/2019;09:53:00;38;sem vítima;62;BR-153/SP;Sul;Engavetamento;;;;;;1;;;;2;3;;;;
13/05/2019;18:26:00;91;com vítima;206,5;BR-153/SP;Norte;Colisão Frontal;;;1;1;;;;;;;1;;;;1
14/05/2019;12:33:00;53;sem vítima;61,85;BR-153/SP;Norte;Engavetamento;3;;1;;;;;;;1;8;;;;
14/05/2019;16:38:00;67;sem vítima;56;BR-153/SP;Sul;Tombamento de Moto;;;;1;;;;;;;1;;;;
14/05/2019;21:39:00;88;com vítima;111,9;BR-153/SP;Sul;Tombamento de Moto;;;;1;;;;;;;0;;1;;
15/05/2019;06:24:00;10;com vítima;172,8;BR-153/SP;Norte;Atropelamento de Animal;;;;1;;;;;;;0;1;;;
15/05/2019;08:11:00;21;com vítima;318;BR-153/SP;Norte;Tombamento de Moto;;;;1;;;;;;;0;1;;;
15/05/2019;10:02:00;34;sem vítima;64;BR-153/SP;Norte;Colisão Traseira;2;;;;;;;;;;4;;;;
15/05/2019;13:35:00;54;sem vítima;64;BR-153/SP;Norte;Colisão Lateral;1;;1;;;;;;;;3;;;;
16/05/2019;16:46:00;92;sem vítima;63,5;BR-153/SP;Norte;Colisão Traseira;1;;;1;;;;;;;2;;;;
17/05/2019;09:06:00;17;com vítima;25,8;BR-153/SP;Sul;Colisão Transversal;;;1;;;;;;;1;1;1;;;
17/05/2019;09:48:00;22;com vítima;255;BR-153/SP;Sul;Tombamento de Moto;;;;1;;;;;;;0;1;;;
17/05/2019;15:07:00;61;sem vítima;62;BR-153/SP;Sul;Colisão Traseira;;;;;;;;;;2;3;;;;
17/05/2019;19:06:00;77;com vítima;56;BR-153/SP;Norte;Colisão Lateral;2;;;;;;;;;;6;1;;;
18/05/2019;07:33:00;9;com vítima;116,9;BR-153/SP;Sul;Colisão Transversal;1;;1;;;;;;;;1;;1;;
18/05/2019;12:47:00;47;sem vítima;67,5;BR-153/SP;Norte;Outros;;;1;;;;;;;;1;;;;
18/05/2019;22:48:00;90;com vítima;42;BR-153/SP;Norte;Colisão Transversal;1;;1;;;;;;;;1;1;;1;
19/05/2019;04:56:00;11;com vítima;49,1;BR-153/SP;Norte;Colisão Traseira;1;;;;;;;;;1;1;1;;;
19/05/2019;17:28:00;57;com vítima;272,8;BR-153/SP;Norte;Saída de Pista;;;;1;;;;;;;0;1;;;
20/05/2019;07:19:00;18;sem vítima;63;BR-153/SP;Norte;Colisão Lateral;1;;;;;1;;;;;2;;;;
20/05/2019;09:41:00;39;com vítima;77,95;BR-153/SP;Norte;Colisão Lateral;;;;;;1;;;;1;3;1;;;
21/05/2019;18:13:00;82;com vítima;218,5;BR-153/SP;Norte;Tombamento de Moto;;;;1;;;;;;;0;2;;;
21/05/2019;18:49:00;84;sem vítima;67;BR-153/SP;Sul;Colisão Traseira;;;;;;;;;;2;2;;;;
23/05/2019;10:03:00;40;com vítima;346;BR-153/SP;Sul;Tombamento de Moto;;;;1;;;;;;;0;1;1;;
23/05/2019;18:45:00;103;sem vítima;75;BR-153/SP;Norte;Colisão Traseira;1;;;;;1;;;;;2;;;;
24/05/2019;06:42:00;10;sem vítima;55,7;BR-153/SP;Norte;Colisão Transversal;1;;;;1;;;;;;4;;;;
24/05/2019;12:07:00;44;sem vítima;27,7;BR-153/SP;Norte;Colisão Transversal;1;;1;;;;;;;;2;;;;
25/05/2019;17:22:00;66;com vítima;57;BR-153/SP;Norte;Tombamento de Moto;;;;1;;;;;;;0;1;;;
25/05/2019;22:25:00;88;com vítima;55,8;BR-153/SP;Norte;Tombamento de Moto;;;;1;;;;;;;0;1;;;
26/05/2019;03:16:00;8;sem vítima;291,2;BR-153/SP;Norte;Colisão Lateral;;;1;;;1;;;;;2;;;;
26/05/2019;20:04:00;84;com vítima;110;BR-153/SP;Sul;Colisão Transversal;;;;;;1;;;;1;1;1;;;
27/05/2019;10:45:00;32;sem vítima;62;BR-153/SP;Sul;Engavetamento;3;;;;;;;;;2;6;;;;
27/05/2019;22:23:00;89;sem vítima;340;BR-153/SP;Sul;Saída de Pista;;;;;;;;;;1;1;;;;
28/05/2019;08:20:00;18;com vítima;62,5;BR-153/SP;Sul;Colisão Transversal;;;;1;;;;;;1;2;1;1;;
28/05/2019;14:57:00;69;com vítima;29,85;BR-153/SP;Sul;Tombamento de Moto;;;;1;;;;;;;0;1;;;