data;horario;n_da_ocorrencia;tipo_de_ocorrencia;km;trecho;sentido;tipo_de_acidente;automovel;bicicleta;caminhao;moto;onibus;outros;tracao_animal;transporte_de_cargas_especiais;trator_maquinas;utilitarios;ilesos;levemente_feridos;moderadamente_feridos;gravemente_feridos;mortos
28/05/2019;18:31:00;86;com vítima;61,9;BR-153/SP;Norte;Tombamento de Moto;;;;1;;;;;;;0;1;;;
29/05/2019;10:30:00;41;sem vítima;176;BR-153/SP;Sul;Colisão Traseira;1;;1;;;;;;;;2;;;;
29/05/2019;15:58:00;79;com vítima;31,5;BR-153/SP;Norte;Colisão Transversal;1;;1;;;;;;;;1;;2;;1
29/05/2019;16:42:00;80;sem vítima;125,6;BR-153/SP;Sul;Saída de Pista;;;;;;1;;;;1;3;;;;
30/05/2019;18:09:00;95;com vítima;40;BR-153/SP;Norte;Colisão Frontal;1;;;1;;;;;;;5;;;1;
30/05/2019;18:28:00;96;com vítima;59;BR-153/SP;Norte;Tombamento de Moto;;;;1;;;;;;;0;1;;;
01/07/2019;11:06:00;37;sem vítima;65,6;BR-153/SP;Norte;Colisão Traseira;2;;;;;;;;;1;3;;;;
01/07/2019;18:02:00;83;com vítima;54,3;BR-153/SP;Norte;Colisão Transversal;1;;;1;;;;;;;1;1;;;
01/07/2019;19:57:00;88;com vítima;347,3;BR-153/SP;Sul;Atropelamento  de Pedestre;;;;;;;;;;1;1;;;;1
02/07/2019;09:10:00;27;com vítima;69;BR-153/SP;Sul;Tombamento de Moto;;;;1;;;;;;;0;1;;;
02/07/2019;09:34:00;33;sem vítima;80;BR-153/SP;Norte;Tombamento de Moto;;;;1;;;;;;;2;;;;
02/07/2019;15:14:00;69;sem vítima;81;BR-153/SP;Sul;Saída de Pista;1;;;;;;;;;;5;;;;
03/07/2019;08:47:00;30;com vítima;47,05;BR-153/SP;Sul;Colisão Traseira;1;;1;;;;;;;;2;1;;;
03/07/2019;10:25:00;52;com vítima;51,5;BR-153/SP;Sul;Incidente;;;1;1;;;;;;;1;2;;;
03/07/2019;11:35:00;64;sem vítima;63,8;BR-153/SP;Sul;Colisão Traseira;1;;;;;;;;;1;2;;;;
04/07/2019;18:06:00;108;com vítima;174,4;BR-153/SP;Norte;Colisão Traseira;1;;;1;;;;;;;1;1;;;
04/07/2019;22:26:00;129;com vítima;190,6;BR-153/SP;Sul;Colisão Traseira;;;;1;;1;;;;;1;2;;;
05/07/2019;05:31:00;11;sem vítima;171,05;BR-153/SP;Sul;Tombamento;;;1;;;;;;;;3;;;;
05/07/2019;05:31:00;12;com vítima;185;BR-153/SP;Norte;Colisão Lateral;1;;;;1;;;;;;1;1;;;
05/07/2019;06:12:00;14;sem vítima;98,9;BR-153/SP;Norte;Colisão Traseira;;;2;;;;;;;;4;;;;
05/07/2019;11:31:00;38;sem vítima;105,2;BR-153/SP;Sul;Tombamento;;;1;;;;;;;;1;;;;
05/07/2019;12:24:00;47;sem vítima;257;BR-153/SP;Norte;Tombamento de Moto;;;;1;;;;;;;1;;;;
05/07/2019;12:42:00;48;sem vítima;257;BR-153/SP;Norte;Tombamento de Moto;;;;1;;;;;;;1;;;;
05/07/2019;13:34:00;55;sem vítima;62,3;BR-153/SP;Sul;Colisão Traseira;1;;;;;1;;;;;4;;;;
06/07/2019;06:58:00;15;sem vítima;182,2;BR-153/SP;Sul;Colisão Transversal;2;;;;;;;;;;8;;;;
06/07/2019;08:08:00;20;com vítima;256;BR-153/SP;Norte;Tombamento de Moto;;;;1;;;;;;;1;1;;;
06/07/2019;14:43:00;60;sem vítima;53;BR-153/SP;Sul;Tombamento de Moto;;;;1;;;;;;;2;;;;
06/07/2019;15:03:00;65;sem vítima;62,2;BR-153/SP;Sul;Engavetamento;3;;;;;;;;;;6;;;;
07/07/2019;17:47:00;78;sem vítima;55;BR-153/SP;Norte;Saída de Pista;1;;;;;;;;;;1;;;;
08/07/2019;10:42:00;45;sem vítima;60,1;BR-153/SP;Norte;Engavetamento;3;;;;;;;;;;6;;;;
08/07/2019;17:19:00;95;sem vítima;55;BR-153/SP;Sul;Colisão Traseira;2;;;;;;;;;;2;;;;
08/07/2019;21:21:00;112;sem vítima;99;BR-153/SP;Sul;Colisão Transversal;;;1;;;;;;;1;2;;;;
09/07/2019;16:40:00;68;sem vítima;72;BR-153/SP;Sul;Colisão Lateral;1;;1;;;;;;;;4;;;;
09/07/2019;21:41:00;94;com vítima;103,1;BR-153/SP;Sul;Atropelamento de Animal;;;;1;;;;;;;0;2;;;
10/07/2019;07:20:00;15;sem vítima;15,3;BR-153/SP;Sul;Tombamento;;;;;;;;;;1;3;;;;
10/07/2019;17:06:00;101;com vítima;61;BR-153/SP;Norte;Colisão Traseira;1;;;1;;;;;;;1;2;;;
10/07/2019;18:15:00;115;com vítima;161,3;BR-153/SP;Norte;Colisão Transversal;1;;2;;;;;;;;2;;;1;
11/07/2019;07:47:00;20;sem vítima;72,8;BR-153/SP;Norte;Colisão Traseira;1;;;1;;;;;;;2;;;;
11/07/2019;18:27:00;108;sem vítima;185;BR-153/SP;Norte;Colisão Traseira;;;2;;;;;;;;2;;;;
11/07/2019;21:38:00;122;com vítima;72;BR-153/SP;Norte;Tombamento de Moto;;;;1;;;;;;;0;1;;;
12/07/2019;05:55:00;6;sem vítima;57,5;BR-153/SP;Sul;Colisão Traseira;1;;1;;;;;;;;2;;;;
12/07/2019;05:58:00;7;com vítima;1,9;BR-153/SP;Norte;Colisão Traseira;1;;;1;;;;;;;1;;1;;
12/07/2019;06:08:00;8;sem vítima;57,5;BR-153/SP;Norte;Colisão Traseira;1;;;;;;;;;1;3;;;;
12/07/2019;06:31:00;11;sem vítima;72,5;BR-153/SP;Norte;Tombamento de Moto;;;;1;;;;;;;1;;;;
12/07/2019;09:30:00;39;com vítima;63,1;BR-153/SP;Norte;Colisão Traseira;1;;;;;;;;;1;2;1;;;
12/07/2019;18:41:00;100;sem vítima;66;BR-153/SP;Sul;Engavetamento;3;;;;;;;;;;4;;;;
12/07/2019;23:15:00;113;com vítima;230;BR-153/SP;Sul;Incêndio;1;;;;;;;;;;0;1;;;
13/07/2019;00:18:00;2;com vítima;46;BR-153/SP;Norte;Saída de Pista;1;;;;;;;;;;0;;1;;
13/07/2019;05:57:00;12;sem vítima;144;BR-153/SP;Norte;Atropelamento de Animal;1;;;;;;;;;;3;;;;
13/07/2019;11:34:00;56;sem vítima;71;BR-153/SP;Norte;Colisão Traseira;;;;;;;;;;2;3;;;;
14/07/2019;04:55:00;7;sem vítima;346,2;BR-153/SP;Sul;Saída de Pista;1;;;;;;;;;;1;;;;
15/07/2019;07:46:00;21;com vítima;45,2;BR-153/SP;Sul;Colisão Transversal;1;;1;;;;;;;;1;;;1;
15/07/2019;10:34:00;42;com vítima;54,5;BR-153/SP;Sul;Capotamento;;;;;;;;;;1;2;2;;;
16/07/2019;14:14:00;81;sem vítima;63;BR-153/SP;Norte;Colisão Traseira;;;1;;;;;;;1;2;;;;
17/07/2019;09:39:00;40;sem vítima;61,8;BR-153/SP;Norte;Colisão Transversal;1;;1;;;;;;;;2;;;;
18/07/2019;09:01:00;26;sem vítima;62;BR-153/SP;Norte;Colisão Traseira;1;;;2;;;;;;;7;;;;
18/07/2019;18:53:00;108;sem vítima;62;BR-153/SP;Sul;Engavetamento;1;;;;;2;;;;;5;;;;
18/07/2019;19:38:00;112;com vítima;63,1;BR-153/SP;Norte;Engavetamento;2;;2;;;;;;;;5;;1;;
19/07/2019;13:02:00;67;com vítima;30;BR-153/SP;Norte;Colisão Transversal;1;;1;;;;;;;;1;;1;;
19/07/2019;19:00:00;108;com vítima;92;BR-153/SP;Norte;Saída de Pista;1;;;;;;;;;;0;4;;;
20/07/2019;03:25:00;9;com vítima;211,8;BR-153/SP;Sul;Tombamento;;;1;;;;;;;;1;1;;;
20/07/2019;16:15:00;80;sem vítima;0,1;BR-153/SP;Sul;Colisão Transversal;1;;;;;;;;;1;3;;;;
20/07/2019;21:25:00;110;com vítima;280,7;BR-153/SP;Sul;Tombamento de Moto;;;;1;;;;;;;0;1;;;
22/07/2019;07:39:00;11;sem vítima;65;BR-153/SP;Norte;Saída de Pista;1;;;;;;;;;;1;;;;
22/07/2019;10:56:00;35;sem vítima;62;BR-153/SP;Norte;Colisão Traseira;1;;;;;1;;;;;3;;;;
22/07/2019;18:20:00;79;com vítima;63,4;BR-153/SP;Norte;Engavetamento;;;;1;;;;;;3;2;1;1;;
22/07/2019;18:32:00;81;sem vítima;60,4;BR-153/SP;Norte;Colisão Traseira;;;1;;;1;;;;;2;;;;
22/07/2019;18:54:00;84;sem vítima;61;BR-153/SP;Norte;Colisão Lateral;1;;1;;;;;;;;4;;;;
23/07/2019;04:51:00;5;com vítima;80;BR-153/SP;Sul;Tombamento de Moto;;;;1;;;;;;;0;2;;;
23/07/2019;07:51:00;18;com vítima;61,7;BR-153/SP;Sul;Engavetamento;1;;;1;;;;;;1;3;1;;;
23/07/2019;18:50:00;98;com vítima;77,8;BR-153/SP;Norte;Colisão Traseira;;;;1;;1;;;;;1;;1;;
24/07/2019;07:16:00;9;com vítima;61;BR-153/SP;Norte;Colisão Transversal;;;1;1;;;;;;;1;;1;;
25/07/2019;13:56:00;80;com vítima;74;BR-153/SP;Sul;Tombamento de Moto;;;;1;;;;;;;0;2;;;
26/07/2019;18:48:00;103;sem vítima;61;BR-153/SP;Norte;Colisão Traseira;1;;1;;;;;;;;2;;;;
26/07/2019;20:54:00;109;com vítima;63;BR-153/SP;Norte;Tombamento de Moto;;;;1;;;;;;;0;1;;;
26/07/2019;21:25:00;112;sem vítima;18,4;BR-153/SP;Norte;Tombamento;;;1;;;;;;;;1;;;;
27/07/2019;09:30:00;20;sem vítima;3,1;BR-153/SP;Norte;Colisão Traseira;1;;;;;;;;;1;4;;;;
27/07/2019;15:20:00;65;sem vítima;71,5;BR-153/SP;Sul;Colisão Traseira;1;;;;;1;;;;;2;;;;
28/07/2019;18:32:00;74;com vítima;74;BR-153/SP;Norte;Colisão Traseira;2;;;;;;;;;;3;2;;;
28/07/2019;18:49:00;77;sem vítima;35,5;BR-153/SP;Sul;Colisão Traseira;;;;;;;;;;2;2;;;;
30/07/2019;09:25:00;37;com vítima;27,7;BR-153/SP;Sul;Colisão Transversal;1;;;;;;;;;1;1;2;2;;
30/07/2019;13:26:00;67;sem vítima;62,15;BR-153/SP;Norte;Colisão Traseira;1;;1;;;;;;;;3;;;;
30/07/2019;14:49:00;75;com vítima;257,9;BR-153/SP;Sul;Atropelamento  de Pedestre;1;;;;;;;;;;1;1;;;
30/07/2019;19:27:00;109;com vítima;75,5;BR-153/SP;Sul;Colisão Traseira;2;;;;;;;;;;3;1;;;
31/07/2019;09:37:00;42;sem vítima;61;BR-153/SP;Norte;Colisão Transversal;1;;1;;;;;;;;2;;;;
31/07/2019;14:06:00;67;com vítima;61,2;BR-153/SP;Norte;Colisão Traseira;;;;1;;;;;;1;2;;;1;
31/07/2019;18:25:00;105;sem vítima;61;BR-153/SP;Norte;Colisão Lateral;1;;;;;1;;;;;2;;;;
31/07/2019;21:37:00;127;com vítima;332,3;BR-153/SP;Sul;Saída de Pista;1;;;;;;;;;;0;;1;;
01/08/2019;19:42:00;114;sem vítima;65;BR-153/SP;Norte;Saída de Pista;1;;;;;;;;;;2;;;;
02/08/2019;14:53:00;92;sem vítima;62;BR-153/SP;Norte;Colisão Traseira;;;;;;;;;;2;5;;;;
02/08/2019;19:38:00;128;sem vítima;79;BR-153/SP;Sul;Colisão Lateral;2;;;;;;;;;;6;;;;
02/08/2019;20:59:00;139;com vítima;57;BR-153/SP;Norte;Saída de Pista;1;;;;;;;;;;0;1;;;
04/08/2019;14:42:00;51;sem vítima;80,5;BR-153/SP;Sul;Colisão Traseira;;;;;;;;;;2;6;;;;
04/08/2019;21:52:00;100;com vítima;14,8;BR-153/SP;Sul;Saída de Pista;1;;;;;;;;;;1;1;;;
05/08/2019;05:25:00;6;com vítima;220,3;BR-153/SP;Sul;Saída de Pista;1;;;;;;;;;;0;1;;;
05/08/2019;09:38:00;45;com vítima;97,1;BR-153/SP;Norte;Colisão Frontal;;;1;;;;;;;1;0;2;;;1
06/08/2019;07:39:00;9;com vítima;54,2;BR-153/SP;Sul;Saída de Pista;1;;;;;;;;;;3;1;;;
06/08/2019;10:30:00;36;sem vítima;312;BR-153/SP;Norte;Colisão Traseira;;;2;;;;;;;;2;;;;
06/08/2019;11:52:00;38;com vítima;41,8;BR-153/SP;Sul;Colisão Transversal;1;;;;;;;;;1;1;3;;;
06/08/2019;18:42:00;75;sem vítima;63,55;BR-153/SP;Norte;Saída de Pista;;;1;;;;;;;;1;;;;
06/08/2019;21:51:00;90;sem vítima;268,1;BR-153/SP;Sul;Colisão Traseira;1;;1;;;;;;;;3;;;;
08/08/2019;22:41:00;106;sem vítima;78,9;BR-153/SP;Sul;Colisão Lateral;1;;1;;;;;;;;2;;;;
09/08/2019;14:25:00;69;com vítima;61,9;BR-153/SP;Norte;Colisão Traseira;;;;1;;1;;;;;1;;1;;
09/08/2019;17:46:00;91;com vítima;161,3;BR-153/SP;Norte;Colisão Transversal;1;;;;;;;;;1;2;1;;;
09/08/2019;19:31:00;99;sem vítima;49;BR-153/SP;Norte;Tombamento;1;;;;;;;;;;3;;;;
10/08/2019;10:33:00;44;com vítima;161;BR-153/SP;Norte;Saída de Pista;1;;;;;;;;;;0;1;;;
10/08/2019;17:27:00;96;sem vítima;262;BR-153/SP;Norte;Colisão Lateral;2;;;;;;;;;;6;;;;
10/08/2019;19:13:00;108;com vítima;47,9;BR-153/SP;Sul;Saída de Pista;1;;;;;;;;;;0;;;;1
10/08/2019;20:49:00;114;sem vítima;71,7;BR-153/SP;Sul;Engavetamento;3;;1;;;;;;;1;7;;;;
10/08/2019;21:25:00;115;sem vítima;199;BR-153/SP;Sul;Colisão Traseira;1;;;;;1;;;;;2;;;;
11/08/2019;00:13:00;2;sem vítima;347;BR-153/SP;Sul;Saída de Pista;1;;;;;;;;;;1;;;;
11/08/2019;12:20:00;44;sem vítima;61,8;BR-153/SP;Norte;Colisão Traseira;1;;;;;;;;;1;2;;;;
11/08/2019;12:31:00;46;sem vítima;61,8;BR-153/SP;Norte;Colisão Traseira;2;;;;;;;;;;3;;;;
11/08/2019;13:00:00;50;sem vítima;39,5;BR-153/SP;Norte;Colisão Transversal;1;;;;;1;;;;;2;;;;
11/08/2019;19:41:00;90;sem vítima;23,9;BR-153/SP;Norte;Saída de Pista;;;;;;;;;;1;1;;;;
12/08/2019;00:11:00;2;sem vítima;160,5;BR-153/SP;Norte;Colisão Lateral;;;;;;1;;;;1;2;;;;
12/08/2019;13:14:00;68;sem vítima;311;BR-153/SP;Norte;Tombamento;;;1;;;;;;;;1;;;;
12/08/2019;19:07:00;97;com vítima;266;BR-153/SP;Norte;Engavetamento;1;;1;;;;;;;1;4;1;3;;
12/08/2019;19:58:00;106;sem vítima;188;BR-153/SP;Sul;Saída de Pista;1;;;;;1;;;;;2;;;;
12/08/2019;22:47:00;114;sem vítima;64,2;BR-153/SP;Norte;Queda de carga sobre a pista;;;;1;;;;;;;2;;;;
13/08/2019;07:13:00;9;sem vítima;68,5;BR-153/SP;Norte;Choque contra Objeto Fixo;1;;;;;;;;;;1;;;;
13/08/2019;08:34:00;21;com vítima;59,1;BR-153/SP;Norte;Colisão Lateral;;;;1;;;;;;1;1;1;;;
13/08/2019;11:31:00;53;sem vítima;59;BR-153/SP;Norte;Engavetamento;2;;;;;;;;;1;4;;;;
13/08/2019;18:15:00;96;com vítima;58;BR-153/SP;Norte;Colisão Transversal;1;;;1;;;;;;;1;1;;;
14/08/2019;06:39:00;6;sem vítima;183,8;BR-153/SP;Norte;Colisão Traseira;;;1;1;;;;;;;2;;;;
15/08/2019;18:26:00;91;com vítima;54,5;BR-153/SP;Sul;Colisão Transversal;;;;1;;;;;;1;1;;1;;
16/08/2019;17:24:00;83;sem vítima;57,5;BR-153/SP;Norte;Colisão Lateral;1;;1;;;;;;;;2;;;;
17/08/2019;07:09:00;16;com vítima;68;BR-153/SP;Sul;Tombamento de Moto;;;;1;;;;;;;0;1;;;
17/08/2019;12:18:00;51;sem vítima;39,5;BR-153/SP;Norte;Tombamento de Moto;;;;1;;;;;;;2;;;;
17/08/2019;15:09:00;74;com vítima;33,5;BR-153/SP;Norte;Tombamento de Moto;;;;1;;;;;;;1;;1;;
17/08/2019;21:56:00;117;sem vítima;51,8;BR-153/SP;Sul;Atropelamento de Animal;1;;;;;;;;;;2;;;;
18/08/2019;02:55:00;11;com vítima;65,3;BR-153/SP;Sul;Saída de Pista;1;;;;;;;;;;0;1;;;
18/08/2019;15:33:00;57;sem vítima;62;BR-153/SP;Sul;Choque contra Objeto Fixo;1;;;;;;;;;;2;;;;
18/08/2019;19:44:00;67;com vítima;63;BR-153/SP;Sul;Tombamento de Moto;;;;1;;;;;;;0;;1;;
18/08/2019;22:32:00;80;com vítima;215;BR-153/SP;Norte;Atropelamento  de Pedestre;;;;1;;;;;;;1;1;;;
19/08/2019;06:43:00;12;com vítima;156,3;BR-153/SP;Norte;Colisão Frontal;1;;1;;;;;;;1;0;;1;1;1
19/08/2019;12:51:00;69;sem vítima;61;BR-153/SP;Norte;Colisão Lateral;;;;;;;;;;2;2;;;;
19/08/2019;16:09:00;87;sem vítima;98,9;BR-153/SP;Sul;Atropelamento de Animal;;;1;;;;;;;;1;;;;
20/08/2019;14:16:00;57;com vítima;71,5;BR-153/SP;Sul;Tombamento de Moto;;;;1;;;;;;;0;2;;;
20/08/2019;16:08:00;70;com vítima;62;BR-153/SP;Norte;Engavetamento;2;;1;;;;;;;;6;1;;;
20/08/2019;16:19:00;71;sem vítima;62,05;BR-153/SP;Norte;Colisão Traseira;1;;1;;;;;;;;2;;;;
20/08/2019;18:43:00;84;com vítima;49;BR-153/SP;Norte;Atropelamento  de Pedestre;;;;1;;;;;;;1;1;;;
20/08/2019;19:52:00;86;sem vítima;62;BR-153/SP;Norte;Colisão Traseira;2;;;;;;;;;;2;;;;
20/08/2019;20:20:00;89;sem vítima;62;BR-153/SP;Norte;Colisão Lateral;1;;1;;;;;;;;2;;;;
21/08/2019;07:53:00;20;sem vítima;287;BR-153/SP;Norte;Colisão Transversal;2;;;;;;;;;;2;;;;
21/08/2019;09:45:00;46;com vítima;174;BR-153/SP;Norte;Colisão Transversal;2;;;;;;;;;;1;1;;;
21/08/2019;14:47:00;76;sem vítima;72,8;BR-153/SP;Norte;Colisão Lateral;;;1;;;;;;;1;2;;;;
21/08/2019;16:05:00;84;com vítima;271;BR-153/SP;Sul;Tombamento de Moto;;;;1;;;;;;;0;1;1;;
21/08/2019;19:03:00;101;sem vítima;62;BR-153/SP;Norte;Colisão Traseira;1;;;;;1;;;;;5;;;;
21/08/2019;20:02:00;108;sem vítima;278,3;BR-153/SP;Sul;Saída de Pista;1;;;;;;;;;;1;;;;
22/08/2019;12:59:00;57;com vítima;174,3;BR-153/SP;Norte;Colisão Transversal;2;;;;;;;;;;2;2;;;
22/08/2019;13:17:00;59;com vítima;61;BR-153/SP;Norte;Tombamento de Moto;;;;1;;;;;;;0;1;;;
22/08/2019;19:29:00;99;sem vítima;62,9;BR-153/SP;Norte;Saída de Pista;;;;;;;;;;1;1;;;;
22/08/2019;19:37:00;100;com vítima;317,6;BR-153/SP;Sul;Atropelamento  de Pedestre;;;;;;1;;;;;1;;;;1
23/08/2019;13:40:00;68;sem vítima;62,5;BR-153/SP;Norte;Colisão Lateral;1;;1;;;;;;;;2;;;;
23/08/2019;17:44:00;94;com vítima;54,5;BR-153/SP;Sul;Colisão Transversal;;;1;1;;;;;;;1;;;1;
24/08/2019;13:36:00;84;sem vítima;67;BR-153/SP;Norte;Saída de Pista;;;;;;;;;;1;1;;;;
24/08/2019;17:25:00;107;sem vítima;62;BR-153/SP;Norte;Colisão Transversal;1;;1;;;;;;;;4;;;;
24/08/2019;17:53:00;110;sem vítima;62;BR-153/SP;Norte;Colisão Traseira;2;;;;;;;;;;2;;;;
24/08/2019;18:11:00;113;sem vítima;62;BR-153/SP;Norte;Colisão Traseira;1;;;;;;;;;1;4;;;;
24/08/2019;18:31:00;116;sem vítima;256,8;BR-153/SP;Sul;Colisão Lateral;1;;;;;1;;;;;3;;;;
24/08/2019;19:11:00;123;sem vítima;45;BR-153/SP;Norte;Saída de Pista;1;;;;;;;;;;1;;;;
25/08/2019;13:43:00;39;sem vítima;56;BR-153/SP;Norte;Saída de Pista;;;1;;;;;;;;1;;;;
25/08/2019;18:37:00;72;com vítima;324,3;BR-153/SP;Sul;Saída de Pista;1;;;;;;;;;;0;;1;;
25/08/2019;18:51:00;74;com vítima;208,7;BR-153/SP;Sul;Outros;;1;;;;;;;;;0;;1;;
25/08/2019;19:07:00;77;com vítima;148,05;BR-153/SP;Sul;Tombamento de Moto;;;1;2;;;;;;;1;;1;;1
26/08/2019;07:15:00;20;sem vítima;62;BR-153/SP;Sul;Colisão Traseira;2;;;;;;;;;;4;;;;
26/08/2019;08:08:00;27;sem vítima;61;BR-153/SP;Sul;Colisão Traseira;;;1;;;1;;;;;2;;;;
27/08/2019;10:13:00;37;sem vítima;87,3;BR-153/SP;Sul;Engavetamento;1;;;;;;;;;2;5;;;;
27/08/2019;17:22:00;87;sem vítima;99;BR-153/SP;Norte;Colisão Traseira;;;2;;;;;;;;2;;;;
29/08/2019;01:33:00;3;com vítima;109,5;BR-153/SP;Norte;Saída de Pista;;;;;;;;;;1;0;1;;;
29/08/2019;08:15:00;19;sem vítima;55,3;BR-153/SP;Norte;Colisão Lateral;1;;1;;;;;;;;2;;;;
30/08/2019;11:19:00;57;sem vítima;207;BR-153/SP;Norte;Colisão Traseira;;;2;;;;;;;;2;;;;
30/08/2019;13:17:00;66;sem vítima;186;BR-153/SP;Sul;Colisão Lateral;;;;;;1;;;;1;3;;;;
31/08/2019;09:29:00;30;sem vítima;75;BR-153/SP;Sul;Saída de Pista;1;;;;;;;;;;1;;;;
31/08/2019;20:33:00;95;sem vítima;257;BR-153/SP;Norte;Choque contra Objeto Fixo;1;;;;;;;;;;2;;;;
31/08/2019;21:28:00;102;com vítima;62,95;BR-153/SP;Sul;Colisão Traseira;1;;;1;;;;;;;1;1;;;
01/09/2019;01:53:00;4;sem vítima;64;BR-153/SP;Norte;Saída de Pista;;;;;;;;;;1;1;;;;
01/09/2019;23:44:00;111;sem vítima;219,5;BR-153/SP;Sul;Saída de Pista;1;;;;;;;;;;1;;;;
02/09/2019;07:32:00;22;sem vítima;144,05;BR-153/SP;Sul;Saída de Pista;1;;;;;;;;;;3;;;;
02/09/2019;13:59:00;83;sem vítima;119;BR-153/SP;Norte;Colisão Lateral;1;;1;;;;;;;;3;;;;
03/09/2019;08:51:00;32;com vítima;56;BR-153/SP;Norte;Colisão Transversal;1;;1;;;;;;;;1;1;;;
03/09/2019;11:15:00;69;sem vítima;25,5;BR-153/SP;Sul;Colisão Lateral;1;;;;;;;;;1;4;;;;
03/09/2019;11:52:00;77;sem vítima;72,5;BR-153/SP;Norte;Saída de Pista;;;;;;;;;;1;1;;;;
04/09/2019;10:00:00;35;sem vítima;62;BR-153/SP;Sul;Colisão Traseira;1;;1;;;;;;;;2;;;;
04/09/2019;14:22:00;80;sem vítima;27;BR-153/SP;Norte;Colisão Traseira;1;;;;1;;;;;;12;;;;
04/09/2019;23:33:00;119;sem vítima;0;BR-153/SP;Norte;Atropelamento de Animal;1;;;;;;;;;;2;;;;
05/09/2019;20:52:00;121;sem vítima;161,3;BR-153/SP;Norte;Tombamento;;;1;;;;;;;;1;;;;
06/09/2019;09:08:00;29;sem vítima;61,9;BR-153/SP;Norte;Colisão Traseira;2;;;;;;;;;;2;;;;
06/09/2019;15:26:00;92;sem vítima;35,8;BR-153/SP;Sul;Colisão Traseira;1;;;;;;;;;1;2;;;;
06/09/2019;16:17:00;99;sem vítima;285,7;BR-153/SP;Norte;Choque contra Objeto Fixo;;;1;;;;;;;;1;;;;
07/09/2019;00:54:00;5;com vítima;99,1;BR-153/SP;Norte;Saída de Pista;1;;;;;;;;;;1;2;;;
07/09/2019;10:13:00;40;com vítima;302;BR-153/SP;Sul;Colisão Lateral;;;;2;;;;;;;1;1;1;;
07/09/2019;11:41:00;54;sem vítima;61,5;BR-153/SP;Norte;Colisão Traseira;2;;;;;;;;;;5;;;;
07/09/2019;18:30:00;98;sem vítima;159,5;BR-153/SP;Norte;Saída de Pista;1;;;;;;;;;;1;;;;
08/09/2019;02:58:00;7;sem vítima;60,9;BR-153/SP;Sul;Saída de Pista;;;;;;;;;;1;1;;;;
08/09/2019;15:42:00;72;sem vítima;58;BR-153/SP;Sul;Engavetamento;2;;;;;;;;;1;5;;;;
09/09/2019;00:18:00;2;com vítima;48,5;BR-153/SP;Sul;Tombamento de Moto;;;;1;;;;;;;0;1;;;
09/09/2019;13:15:00;68;com vítima;261,9;BR-153/SP;Norte;Tombamento de Moto;;;;1;;;;;;;0;2;;;
09/09/2019;21:52:00;128;com vítima;28,6;BR-153/SP;Norte;Tombamento de Moto;;;;1;;;;;;;0;1;;;
10/09/2019;00:25:00;1;com vítima;9,85;BR-153/SP;Norte;Saída de Pista;;;1;;;;;;;;0;1;;;
11/09/2019;09:29:00;44;sem vítima;155;BR-153/SP;Norte;Colisão Transversal;2;;;;;;;;;;2;;;;
11/09/2019;09:48:00;47;sem vítima;61,8;BR-153/SP;Norte;Colisão Lateral;1;;1;;;;;;;;4;;;;
11/09/2019;13:38:00;79;com vítima;41,5;BR-153/SP;Norte;Tombamento de Moto;;;;1;;;;;;;0;1;;;
11/09/2019;18:04:00;112;sem vítima;0;BR-153/SP;Sul;Colisão Traseira;;;1;;1;;;;;;36;;;;
11/09/2019;20:46:00;131;sem vítima;15;BR-153/SP;Norte;Saída de Pista;;;;;;;;;;1;1;;;;
12/09/2019;00:09:00;1;sem vítima;128,5;BR-153/SP;Norte;Atropelamento de Animal;;;;;;;;;;1;1;;;;
12/09/2019;11:37:00;79;com vítima;64,6;BR-153/SP;Sul;Tombamento de Moto;;;;1;;;;;;;0;;1;;
12/09/2019;15:07:00;108;sem vítima;287;BR-153/SP;Norte;Colisão Lateral;1;;1;;;;;;;;4;;;;
12/09/2019;15:12:00;109;sem vítima;62,5;BR-153/SP;Sul;Colisão Traseira;1;;;;;;;;;1;3;;;;
12/09/2019;20:11:00;144;com vítima;54,95;BR-153/SP;Sul;Colisão Transversal;;;;2;;;;;;;0;2;1;;
13/09/2019;09:52:00;35;sem vítima;347;BR-153/SP;Sul;Colisão Lateral;1;;1;;;;;;;;2;;;;
13/09/2019;16:05:00;83;sem vítima;264,1;BR-153/SP;Sul;Tombamento de Moto;;;;1;;;;;;;2;;;;
13/09/2019;19:01:00;112;sem vítima;55;BR-153/SP;Norte;Colisão Traseira;1;;;;;;;;;1;2;;;;
14/09/2019;13:45:00;72;sem vítima;56,2;BR-153/SP;Norte;Colisão Traseira;;;;1;;;;;;1;3;;;;
14/09/2019;19:23:00;109;sem vítima;78;BR-153/SP;Norte;Colisão Traseira;1;;;;;;;;;1;3;;;;
15/09/2019;13:00:00;35;sem vítima;73;BR-153/SP;Norte;Saída de Pista;;;;;;;;;;1;2;;;;
15/09/2019;14:58:00;44;sem vítima;86;BR-153/SP;Norte;Colisão Transversal;1;;1;;;;;;;;5;;;;
15/09/2019;15:59:00;55;com vítima;55,4;BR-153/SP;Sul;Colisão Lateral;1;;;1;;;;;;;3;2;;;
16/09/2019;09:53:00;40;com vítima;64;BR-153/SP;Sul;Tombamento de Moto;;;;1;;;;;;;0;;1;;