data;horario;n_da_ocorrencia;tipo_de_ocorrencia;km;trecho;sentido;tipo_de_acidente;automovel;bicicleta;caminhao;moto;onibus;outros;tracao_animal;transporte_de_cargas_especiais;trator_maquinas;utilitarios;ilesos;levemente_feridos;moderadamente_feridos;gravemente_feridos;mortos
18/09/2019;03:50:00;5;sem vítima;14,5;BR-153/SP;Sul;Saída de Pista;1;;;;;;;;;;3;;;;
18/09/2019;08:39:00;23;sem vítima;174;BR-153/SP;Sul;Colisão Transversal;2;;;;;;;;;;2;;;;
18/09/2019;16:03:00;90;com vítima;284;BR-153/SP;Sul;Colisão Traseira;;;2;;;;;;;;2;1;;;
18/09/2019;17:23:00;103;sem vítima;174,4;BR-153/SP;Sul;Colisão Traseira;1;;;1;;;;;;;2;;;;
18/09/2019;23:04:00;144;com vítima;53,5;BR-153/SP;Norte;Colisão Traseira;;;;1;;1;;;;;2;1;;;
19/09/2019;02:40:00;14;sem vítima;32,9;BR-153/SP;Sul;Tombamento;;;1;;;;;;;;1;;;;
19/09/2019;11:48:00;86;sem vítima;98,9;BR-153/SP;Norte;Colisão Frontal;;;1;;;;;;;1;3;;;;
19/09/2019;14:04:00;95;sem vítima;61;BR-153/SP;Norte;Colisão Lateral;1;;1;;;;;;;;3;;;;
20/09/2019;08:28:00;29;sem vítima;62;BR-153/SP;Sul;Colisão Traseira;1;;;;;;;;;1;4;;;;
20/09/2019;13:30:00;63;sem vítima;93,9;BR-153/SP;Sul;Colisão Traseira;1;;1;;;;;;;;3;;;;
20/09/2019;18:16:00;101;sem vítima;62;BR-153/SP;Sul;Engavetamento;2;;;;;1;;;;;3;;;;
21/09/2019;07:06:00;12;sem vítima;268;BR-153/SP;Sul;Colisão Traseira;1;;;1;;;;;;;3;;;;
21/09/2019;14:50:00;66;sem vítima;147,8;BR-153/SP;Norte;Saída de Pista;1;;;;;;;;;;3;;;;
21/09/2019;20:39:00;99;com vítima;14,9;BR-153/SP;Norte;Colisão Frontal;1;;1;;;;;;;;1;;;;1
22/09/2019;19:05:00;62;com vítima;12;BR-153/SP;Norte;Tombamento de Moto;;;;1;;;;;;;1;1;;;
23/09/2019;18:49:00;96;com vítima;95,9;BR-153/SP;Sul;Colisão Transversal;2;;;;;;;;;;1;2;;;
25/09/2019;09:40:00;31;com vítima;62,5;BR-153/SP;Sul;Engavetamento;2;;;;;;;;;2;5;1;1;;
25/09/2019;10:28:00;34;sem vítima;61;BR-153/SP;Sul;Colisão Lateral;;;2;;;;;;;;2;;;;
25/09/2019;15:22:00;68;sem vítima;75;BR-153/SP;Sul;Saída de Pista;1;;;;;;;;;;2;;;;
25/09/2019;23:04:00;93;sem vítima;289;BR-153/SP;Sul;Tombamento;;;1;;;;;;;;1;;;;
27/09/2019;06:51:00;18;com vítima;151,7;BR-153/SP;Norte;Colisão Frontal;;;1;;;;;;;1;1;;;1;
27/09/2019;13:49:00;73;sem vítima;35,8;BR-153/SP;Sul;Colisão Lateral;;;1;;;;;;;1;4;;;;
28/09/2019;10:46:00;32;com vítima;119;BR-153/SP;Norte;Colisão Transversal;;;;;2;;;;;;2;1;;;
28/09/2019;23:19:00;104;com vítima;72,5;BR-153/SP;Norte;Colisão Transversal;1;;;;;;;;;1;0;3;;;
29/09/2019;11:41:00;29;com vítima;13,95;BR-153/SP;Sul;Saída de Pista;1;;;;;;;;;;0;2;1;1;
29/09/2019;19:52:00;63;com vítima;56;BR-153/SP;Norte;Tombamento de Moto;;;;1;;;;;;;0;1;;;
01/10/2019;17:35:00;95;sem vítima;64;BR-153/SP;Norte;Colisão Transversal;;;;2;;;;;;;2;;;;
02/10/2019;06:40:00;10;com vítima;92,3;BR-153/SP;Norte;Colisão Transversal;1;;1;;;;;;;;2;1;;;
02/10/2019;08:45:00;20;sem vítima;64;BR-153/SP;Sul;Engavetamento;2;;;;;;;;;1;4;;;;
03/10/2019;09:41:00;42;com vítima;220;BR-153/SP;Sul;Saída de Pista;1;;;;;;;;;;0;1;;;
03/10/2019;19:26:00;116;sem vítima;62;BR-153/SP;Norte;Colisão Transversal;1;;1;;;;;;;;2;;;;
03/10/2019;21:46:00;128;sem vítima;226,2;BR-153/SP;Sul;Saída de Pista;;;;;;;;;;1;3;;;;
04/10/2019;16:57:00;102;sem vítima;174,4;BR-153/SP;Norte;Colisão Traseira;2;;;;;;;;;;4;;;;
05/10/2019;06:53:00;21;com vítima;52,3;BR-153/SP;Norte;Tombamento de Moto;;;;1;;;;;;;0;1;;;
05/10/2019;07:58:00;29;com vítima;72,9;BR-153/SP;Norte;Colisão Traseira;1;;;;;;;;;2;4;2;1;;
05/10/2019;19:01:00;110;sem vítima;119;BR-153/SP;Norte;Colisão Transversal;2;;;;;;;;;;4;;;;
06/10/2019;06:10:00;13;sem vítima;65;BR-153/SP;Sul;Saída de Pista;1;;;;;;;;;;1;;;;
06/10/2019;13:16:00;63;com vítima;285,6;BR-153/SP;Norte;Saída de Pista;;;1;;;;;;;;0;1;1;;
06/10/2019;22:51:00;94;com vítima;79;BR-153/SP;Sul;Colisão Traseira;2;;;;;;;;;;7;1;;;
07/10/2019;06:52:00;13;sem vítima;55;BR-153/SP;Norte;Colisão Traseira;;;;;;;;;;2;4;;;;
07/10/2019;12:55:00;79;sem vítima;178;BR-153/SP;Sul;Saída de Pista;1;;;;;;;;;;1;;;;
07/10/2019;13:10:00;80;com vítima;178;BR-153/SP;Norte;Saída de Pista;1;;;;;;;;;;0;1;;;
07/10/2019;14:46:00;95;sem vítima;36,9;BR-153/SP;Norte;Colisão Traseira;;;1;;;;;;;1;2;;;;
08/10/2019;12:02:00;47;com vítima;155;BR-153/SP;Norte;Colisão Transversal;;;;1;;;;;;1;3;1;;;
08/10/2019;16:29:00;73;com vítima;79;BR-153/SP;Norte;Colisão Lateral;;;2;;;;;;;;0;2;;;
10/10/2019;14:04:00;69;sem vítima;30;BR-153/SP;Sul;Colisão Transversal;1;;1;;;;;;;;3;;;;
10/10/2019;22:59:00;126;com vítima;57,5;BR-153/SP;Sul;Tombamento de Moto;;;;1;;;;;;;0;;1;;
11/10/2019;21:15:00;132;sem vítima;55;BR-153/SP;Sul;Colisão Transversal;2;;;;;;;;;;7;;;;
12/10/2019;06:38:00;16;sem vítima;55;BR-153/SP;Sul;Saída de Pista;1;;;;;;;;;;1;;;;
12/10/2019;18:56:00;101;com vítima;75;BR-153/SP;Norte;Colisão Traseira;1;;;1;;;;;;;5;1;;;
13/10/2019;12:07:00;34;sem vítima;109,9;BR-153/SP;Norte;Colisão Traseira;2;;;;;;;;;;5;;;;
13/10/2019;22:01:00;89;com vítima;62;BR-153/SP;Sul;Tombamento de Moto;;;;1;;;;;;;0;1;;;
14/10/2019;15:58:00;99;com vítima;72;BR-153/SP;Norte;Tombamento de Moto;;;;1;;;;;;;0;1;;;
15/10/2019;06:32:00;9;sem vítima;87;BR-153/SP;Norte;Outros;;;;;;;;;;1;1;;;;
15/10/2019;06:40:00;11;com vítima;48,7;BR-153/SP;Sul;Tombamento de Moto;;;;1;;;;;;;0;2;;;
15/10/2019;19:36:00;97;sem vítima;36;BR-153/SP;Norte;Capotamento;1;;;;;;;;;;4;;;;
15/10/2019;20:12:00;101;sem vítima;121;BR-153/SP;Norte;Atropelamento de Animal;;;1;;;;;;;;1;;;;
17/10/2019;05:56:00;6;com vítima;141;BR-153/SP;Norte;Colisão Transversal;1;;1;;;;;;;;1;;;;1
17/10/2019;07:50:00;16;com vítima;60;BR-153/SP;Sul;Tombamento de Moto;;;;1;;;;;;;0;1;;;
17/10/2019;10:16:00;32;com vítima;13,9;BR-153/SP;Norte;Colisão Frontal;1;;1;;;;;;;;1;;1;;
17/10/2019;19:14:00;96;com vítima;257,3;BR-153/SP;Norte;Tombamento de Moto;;;;1;;;;;;;0;;1;;
17/10/2019;20:28:00;99;sem vítima;169,7;BR-153/SP;Sul;Saída de Pista;1;;;;;;;;;;1;;;;
18/10/2019;06:53:00;2;com vítima;73;BR-153/SP;Norte;Tombamento de Moto;;;;1;;;;;;;0;1;;;
18/10/2019;15:34:00;55;com vítima;62;BR-153/SP;Sul;Engavetamento;2;;;;;;;;;1;4;2;;;
19/10/2019;09:31:00;31;com vítima;316;BR-153/SP;Sul;Colisão Lateral;1;;;;;1;;;;;2;2;;;
19/10/2019;11:05:00;45;sem vítima;14,3;BR-153/SP;Norte;Colisão Traseira;1;;;;;;;;;1;6;;;;
20/10/2019;09:25:00;25;sem vítima;289,05;BR-153/SP;Norte;Colisão Traseira;1;;1;;;;;;;;4;;;;
20/10/2019;19:52:00;93;sem vítima;173;BR-153/SP;Norte;Atropelamento de Animal;;;1;;;;;;;;1;;;;
21/10/2019;09:14:00;35;sem vítima;62,7;BR-153/SP;Sul;Colisão Traseira;1;;;;;1;;;;;3;;;;
21/10/2019;13:09:00;65;sem vítima;344;BR-153/SP;Norte;Saída de Pista;1;;;;;;;;;;1;;;;
21/10/2019;17:54:00;92;com vítima;32;BR-153/SP;Norte;Engavetamento;2;;;;;;;;;2;7;1;;;
22/10/2019;01:56:00;4;sem vítima;343;BR-153/SP;Norte;Atropelamento de Animal;;;;;1;;;;;;1;;;;
22/10/2019;20:26:00;125;sem vítima;15;BR-153/SP;Norte;Saída de Pista;1;;;;;;;;;;1;;;;
23/10/2019;17:21:00;108;sem vítima;62;BR-153/SP;Sul;Colisão Traseira;;;1;;;;;;;1;2;;;;
23/10/2019;19:01:00;117;sem vítima;79,6;BR-153/SP;Norte;Saída de Pista;;;1;;;;;;;;1;;;;
24/10/2019;07:51:00;18;com vítima;52,7;BR-153/SP;Norte;Tombamento de Moto;;;;1;;;;;;;0;2;;;
24/10/2019;21:08:00;104;com vítima;18,6;BR-153/SP;Sul;Colisão Traseira;1;;1;;;;;;;;1;1;;;
25/10/2019;09:48:00;39;sem vítima;56;BR-153/SP;Sul;Colisão Traseira;1;;;;;;;;;1;4;;;;
25/10/2019;17:49:00;106;sem vítima;37;BR-153/SP;Norte;Colisão Transversal;1;;;;;1;;;;;6;;;;
26/10/2019;10:02:00;36;com vítima;57;BR-153/SP;Norte;Colisão Frontal;2;;;;;;;;;;3;2;;;
26/10/2019;15:58:00;77;sem vítima;16,6;BR-153/SP;Norte;Saída de Pista;1;;;;;;;;;;1;;;;
26/10/2019;17:13:00;87;sem vítima;26,7;BR-153/SP;Sul;Saída de Pista;1;;;;;;;;;;1;;;;
27/10/2019;07:20:00;9;sem vítima;329;BR-153/SP;Norte;Colisão Lateral;;;2;;;;;;;;2;;;;
27/10/2019;11:56:00;37;sem vítima;99;BR-153/SP;Norte;Colisão Transversal;;;1;;;;;;;1;3;;;;
27/10/2019;13:29:00;45;sem vítima;79;BR-153/SP;Sul;Colisão Traseira;1;;;;;;;;;1;4;;;;
27/10/2019;20:20:00;89;com vítima;49;BR-153/SP;Sul;Tombamento de Moto;;;;1;;;;;;;0;1;;;
28/10/2019;02:49:00;6;com vítima;58,2;BR-153/SP;Sul;Capotamento;;;;;;;;;;1;0;1;;;
29/10/2019;11:03:00;35;sem vítima;256;BR-153/SP;Norte;Colisão Traseira;1;;1;;;;;;;;2;;;;
29/10/2019;12:25:00;47;com vítima;61,7;BR-153/SP;Sul;Saída de Pista;;;;;;;;;;1;1;;1;;
29/10/2019;13:34:00;54;sem vítima;5;BR-153/SP;Sul;Tombamento;;;1;;;;;;;;1;;;;
30/10/2019;17:31:00;106;sem vítima;280;BR-153/SP;Sul;Colisão Traseira;;;2;;;;;;;;2;;;;
30/10/2019;17:47:00;109;com vítima;58;BR-153/SP;Norte;Colisão Transversal;;;;1;;;;;;1;1;1;;;
30/10/2019;18:30:00;120;sem vítima;57;BR-153/SP;Sul;Colisão Traseira;;;;1;;;;;;1;2;;;;
31/10/2019;10:56:00;58;com vítima;49,8;BR-153/SP;Norte;Colisão Transversal;2;;;;;;;;;;0;2;1;;
31/10/2019;19:56:00;114;com vítima;52,2;BR-153/SP;Sul;Colisão Frontal;1;;;;;;;;;1;1;3;1;;
01/11/2019;07:58:00;16;sem vítima;58;BR-153/SP;Norte;Colisão Traseira;;;1;1;;;;;;;2;;;;
01/11/2019;08:55:00;21;sem vítima;161,9;BR-153/SP;Sul;Choque contra veículo no acostamento;;;1;;;;;;;1;2;;;;
02/11/2019;09:18:00;19;com vítima;73;BR-153/SP;Norte;Engavetamento;2;;;;;1;;;;;6;1;;;
02/11/2019;11:53:00;35;sem vítima;211,5;BR-153/SP;Norte;Colisão Lateral;;;1;;;;;;;1;2;;;;
03/11/2019;07:30:00;11;sem vítima;162;BR-153/SP;Sul;Saída de Pista;1;;;;;;;;;;1;;;;
03/11/2019;19:04:00;84;sem vítima;55,7;BR-153/SP;Sul;Colisão Traseira;1;;;;;1;;;;;6;;;;
04/11/2019;08:36:00;22;com vítima;54,4;BR-153/SP;Sul;Saída de Pista;2;;;;;;;;;;2;1;;;
05/11/2019;07:30:00;13;com vítima;62,3;BR-153/SP;Sul;Colisão Traseira;1;;;2;;;;;;;3;2;;;
06/11/2019;16:00:00;83;com vítima;343;BR-153/SP;Norte;Colisão Traseira;1;;2;;;;;;;;2;2;1;;
07/11/2019;14:01:00;50;sem vítima;80,9;BR-153/SP;Sul;Outros;1;;1;;;;;;;;3;;;;
07/11/2019;18:16:00;81;com vítima;63;BR-153/SP;Sul;Tombamento de Moto;;;;1;;;;;;;0;1;;;
07/11/2019;18:27:00;83;com vítima;44;BR-153/SP;Norte;Colisão Lateral;1;;;;;;;;;1;4;1;;;
08/11/2019;20:01:00;97;com vítima;18,6;BR-153/SP;Norte;Colisão Transversal;2;;;;;;;;;;6;1;;;
08/11/2019;23:44:00;109;com vítima;71;BR-153/SP;Norte;Tombamento de Moto;;;;1;;;;;;;1;1;;;
09/11/2019;03:11:00;3;com vítima;56,9;BR-153/SP;Sul;Tombamento de Moto;;;;1;;;;;;;0;1;;;
09/11/2019;15:24:00;57;sem vítima;109;BR-153/SP;Sul;Colisão Traseira;1;;1;;;;;;;;3;;;;
10/11/2019;06:26:00;13;sem vítima;57,3;BR-153/SP;Sul;Saída de Pista;1;;;1;;;;;;;2;;;;
11/11/2019;20:29:00;105;sem vítima;55,8;BR-153/SP;Norte;Colisão Lateral;2;;;;;;;;;;5;;;;
12/11/2019;07:01:00;13;com vítima;119;BR-153/SP;Sul;Colisão Transversal;1;;1;;;;;;;;1;1;;;
12/11/2019;08:33:00;23;sem vítima;61;BR-153/SP;Sul;Colisão Traseira;;;;;;;;;;2;3;;;;
13/11/2019;14:00:00;56;com vítima;62;BR-153/SP;Sul;Engavetamento;2;;;;;;;;;1;3;1;;;
14/11/2019;12:04:00;42;com vítima;55;BR-153/SP;Sul;Tombamento de Moto;;;;1;;;;;;;0;1;;;
14/11/2019;16:07:00;71;sem vítima;307;BR-153/SP;Norte;Saída de Pista;;;1;;;;;;;;1;;;;
14/11/2019;19:56:00;98;sem vítima;39;BR-153/SP;Norte;Colisão Transversal;1;;1;;;;;;;;2;;;;
15/11/2019;06:14:00;6;sem vítima;60,5;BR-153/SP;Norte;Saída de Pista;1;;;;;;;;;;2;;;;
15/11/2019;10:35:00;23;com vítima;75;BR-153/SP;Sul;Saída de Pista;;;;;;;;;;1;0;;1;;
17/11/2019;17:55:00;61;com vítima;74;BR-153/SP;Norte;Colisão Traseira;1;;;;;;;;;1;4;1;;;
18/11/2019;15:55:00;72;com vítima;25;BR-153/SP;Norte;Colisão Transversal;1;;;1;;;;;;;1;;1;;
19/11/2019;06:24:00;13;com vítima;27,5;BR-153/SP;Sul;Colisão Lateral;;;1;;;;;;;1;0;2;;;
19/11/2019;07:20:00;15;com vítima;56;BR-153/SP;Sul;Colisão Lateral;;;;1;;1;;;;;1;1;;;
20/11/2019;09:51:00;35;sem vítima;58;BR-153/SP;Norte;Colisão Lateral;;;1;;;;;;;1;2;;;;
20/11/2019;12:56:00;51;com vítima;194,8;BR-153/SP;Sul;Tombamento;;;;1;;;;;;;0;2;;;
21/11/2019;12:33:00;47;com vítima;289;BR-153/SP;Sul;Tombamento;;;1;;;;;;;;0;;1;;
22/11/2019;02:21:00;3;sem vítima;287,8;BR-153/SP;Norte;Colisão Traseira;;;2;;;;;;;;2;;;;
22/11/2019;07:17:00;15;com vítima;54;BR-153/SP;Norte;Colisão Lateral;;;;1;;;;;;1;3;1;;;
22/11/2019;08:20:00;24;sem vítima;64;BR-153/SP;Norte;Colisão Lateral;1;;1;;;;;;;;2;;;;
22/11/2019;17:17:00;85;com vítima;42;BR-153/SP;Sul;Colisão Traseira;1;;;1;;;;;;;3;1;;;
22/11/2019;20:15:00;107;com vítima;113,4;BR-153/SP;Norte;Colisão Transversal;;;;1;;1;;;;;1;;1;1;
23/11/2019;09:51:00;38;sem vítima;1,5;BR-153/SP;Sul;Colisão Traseira;;;;;;;;;;2;2;;;;
23/11/2019;11:05:00;43;com vítima;27,8;BR-153/SP;Norte;Colisão Transversal;1;;1;;;;;;;;0;2;;;3
25/11/2019;00:06:00;1;com vítima;45,6;BR-153/SP;Norte;Saída de Pista;1;;;;;;;;;;0;;;;1
25/11/2019;07:05:00;8;sem vítima;61,9;BR-153/SP;Sul;Colisão Traseira;1;;;;;1;;;;;3;;;;
26/11/2019;00:37:00;2;com vítima;302;BR-153/SP;Norte;Colisão Traseira;;;;;;1;;;;1;5;1;;;
26/11/2019;08:23:00;28;sem vítima;255;BR-153/SP;Norte;Engavetamento;1;;2;;;;;;;;3;;;;
26/11/2019;18:57:00;115;sem vítima;321,9;BR-153/SP;Norte;Tombamento de Moto;;;;1;;;;;;;2;;;;
28/11/2019;14:09:00;63;sem vítima;57;BR-153/SP;Norte;Saída de Pista;1;;;;;;;;;;1;;;;
28/11/2019;14:43:00;67;sem vítima;58,7;BR-153/SP;Sul;Colisão Traseira;;;;1;;1;;;;;2;;;;
29/11/2019;19:04:00;88;com vítima;39;BR-153/SP;Norte;Colisão Traseira;2;;;;;;;;;;2;1;;;
29/11/2019;20:56:00;94;com vítima;272;BR-153/SP;Sul;Colisão Lateral;1;;;1;;;;;;;1;;2;;
29/11/2019;22:58:00;103;sem vítima;195,1;BR-153/SP;Norte;Saída de Pista;1;;;;;;;;;;2;;;;
30/11/2019;00:23:00;2;sem vítima;1;BR-153/SP;Norte;Saída de Pista;1;;;;;;;;;;3;;;;
30/11/2019;00:58:00;4;sem vítima;69;BR-153/SP;Norte;Colisão Traseira;1;;;;;;;;;1;2;;;;
30/11/2019;23:04:00;101;com vítima;273,4;BR-153/SP;Norte;Tombamento de Moto;;;;1;;;;;;;0;;2;;
01/12/2019;17:08:00;65;sem vítima;138;BR-153/SP;Norte;Saída de Pista;1;;;;;;;;;;3;;;;
02/12/2019;06:50:00;10;sem vítima;25,5;BR-153/SP;Norte;Colisão Transversal;2;;;;;;;;;;7;;;;
02/12/2019;08:11:00;23;sem vítima;1,7;BR-153/SP;Norte;Colisão Lateral;;;1;;;1;;;;1;3;;;;
02/12/2019;15:28:00;62;sem vítima;62;BR-153/SP;Sul;Colisão Traseira;2;;;;;;;;;;5;;;;
03/12/2019;09:44:00;35;sem vítima;51,62;BR-153/SP;Norte;Colisão Transversal;;;;1;;;;;;1;2;;;;
03/12/2019;21:21:00;104;sem vítima;288,9;BR-153/SP;Sul;Tombamento;;;1;;;;;;;;1;;;;
04/12/2019;13:37:00;66;sem vítima;62;BR-153/SP;Sul;Engavetamento;;;;;;;;;;3;3;;;;
04/12/2019;22:40:00;105;sem vítima;98;BR-153/SP;Sul;Atropelamento de Animal;1;;;;;;;;;;1;;;;
05/12/2019;12:27:00;46;sem vítima;55;BR-153/SP;Norte;Choque contra Objeto Fixo;;;;;;;;;;1;1;;;;
06/12/2019;17:59:00;72;com vítima;62;BR-153/SP;Sul;Colisão Traseira;;;1;1;;;;;;;2;1;;;
07/12/2019;10:27:00;20;sem vítima;73;BR-153/SP;Norte;Colisão Lateral;2;;;;;;;;;;8;;;;
07/12/2019;17:51:00;53;sem vítima;73,1;BR-153/SP;Norte;Saída de Pista;1;;;;;;;;;;1;;;;
07/12/2019;18:29:00;58;com vítima;88,5;BR-153/SP;Sul;Tombamento de Moto;;;;1;;;;;;;0;1;;;
07/12/2019;20:43:00;65;com vítima;71;BR-153/SP;Norte;Tombamento de Moto;;;;1;;;;;;;1;1;;;
07/12/2019;20:51:00;66;com vítima;153;BR-153/SP;Norte;Colisão Traseira;1;;;;;1;;;;;1;2;2;3;1
07/12/2019;21:31:00;68;com vítima;72;BR-153/SP;Sul;Saída de Pista;1;;;;;;;;;;0;1;;;
09/12/2019;14:52:00;67;com vítima;56;BR-153/SP;Sul;Tombamento de Moto;;;;1;;;;;;;0;2;;;
10/12/2019;05:24:00;5;sem vítima;303,1;BR-153/SP;Sul;Colisão Lateral;;;2;;;;;;;;2;;;;
10/12/2019;07:00:00;10;sem vítima;62;BR-153/SP;Sul;Engavetamento;2;;1;;;;;;;1;6;;;;
11/12/2019;12:45:00;43;com vítima;99;BR-153/SP;Norte;Colisão Transversal;1;;1;;;;;;;;2;;1;;
11/12/2019;22:16:00;83;sem vítima;81,6;BR-153/SP;Sul;Saída de Pista;;;;;;;;;;1;1;;;;
12/12/2019;14:08:00;49;sem vítima;62;BR-153/SP;Sul;Engavetamento;2;;;;;;;;;1;9;;;;
12/12/2019;15:13:00;57;sem vítima;6,6;BR-153/SP;Sul;Colisão Traseira;1;;1;;;;;;;;4;;;;
12/12/2019;15:13:00;63;sem vítima;6,6;BR-153/SP;Sul;Saída de Pista;;;1;;;;;;;;1;;;;
13/12/2019;12:07:00;49;sem vítima;289;BR-153/SP;Sul;Tombamento;;;1;;;;;;;;1;;;;
14/12/2019;01:38:00;10;com vítima;107,05;BR-153/SP;Sul;Colisão Frontal;;;;1;1;;;;;;47;;;;1
14/12/2019;06:40:00;23;sem vítima;57,1;BR-153/SP;Norte;Colisão Transversal;1;;;;;;;;;1;4;;;;
14/12/2019;10:46:00;60;com vítima;57;BR-153/SP;Norte;Colisão Transversal;1;;;1;;;;;;;1;1;;;
14/12/2019;17:23:00;100;com vítima;55;BR-153/SP;Norte;Tombamento de Moto;;;;1;;;;;;;0;2;;;
14/12/2019;20:25:00;125;sem vítima;56;BR-153/SP;Norte;Tombamento de Moto;;;;1;;;;;;;1;;;;
14/12/2019;20:37:00;130;sem vítima;58;BR-153/SP;Norte;Colisão Traseira;1;;;;;1;;;;;2;;;;
15/12/2019;02:54:00;11;sem vítima;55,5;BR-153/SP;Norte;Saída de Pista;1;;;;;;;;;;2;;;;
15/12/2019;06:41:00;20;sem vítima;345;BR-153/SP;Sul;Saída de Pista;1;;;;;;;;;;1;;;;
15/12/2019;14:48:00;64;sem vítima;154;BR-153/SP;Sul;Colisão Traseira;;;1;;;1;;;;;3;;;;
16/12/2019;11:41:00;46;sem vítima;223,7;BR-153/SP;Sul;Colisão Traseira;;;2;;;;;;;;2;;;;
17/12/2019;14:00:00;57;sem vítima;62,1;BR-153/SP;Sul;Engavetamento;1;;;;;;;;;2;3;;;;
18/12/2019;13:22:00;55;sem vítima;58,7;BR-153/SP;Sul;Engavetamento;1;;1;;;;;;;1;3;;;;
18/12/2019;18:56:00;98;sem vítima;133,5;BR-153/SP;Norte;Colisão Traseira;2;;;;;;;;;;5;;;;
19/12/2019;15:01:00;62;com vítima;62;BR-153/SP;Sul;Engavetamento;3;;;;;;;;;;4;1;;;
19/12/2019;16:17:00;85;sem vítima;268;BR-153/SP;Sul;Colisão Traseira;2;;;;;;;;;;9;;;;
19/12/2019;19:02:00;105;com vítima;58;BR-153/SP;Norte;Colisão Lateral;1;;;1;;;;;;;1;1;;;
20/12/2019;10:06:00;30;sem vítima;325;BR-153/SP;Norte;Colisão Lateral;1;;1;;;;;;;;3;;;;
20/12/2019;15:54:00;64;sem vítima;98,9;BR-153/SP;Norte;Colisão Traseira;1;;1;;;;;;;;3;;;;
21/12/2019;02:12:00;4;sem vítima;59;BR-153/SP;Norte;Saída de Pista;1;;;;;;;;;;1;;;;
21/12/2019;02:21:00;5;sem vítima;269,95;BR-153/SP;Norte;Saída de Pista;1;;;;;;;;;;4;;;;
21/12/2019;15:22:00;58;sem vítima;86,5;BR-153/SP;Norte;Tombamento;;;1;;;;;;;;1;;;;
21/12/2019;16:52:00;70;sem vítima;119;BR-153/SP;Norte;Colisão Transversal;2;;;;;;;;;;5;;;;
21/12/2019;20:58:00;103;sem vítima;266,95;BR-153/SP;Sul;Colisão Traseira;1;;;;;1;;;;;2;;;;
21/12/2019;21:14:00;105;com vítima;137,5;BR-153/SP;Norte;Colisão Traseira;1;;;;;1;;;;;2;1;;;
21/12/2019;22:36:00;111;sem vítima;224;BR-153/SP;Sul;Colisão Lateral;1;;1;;;;;;;;2;;;;
22/12/2019;00:13:00;1;com vítima;4;BR-153/SP;Norte;Colisão Transversal;1;;;1;;;;;;;2;1;;;
22/12/2019;05:52:00;9;sem vítima;26,1;BR-153/SP;Norte;Choque contra Objeto Fixo;1;;;;;;;;;;1;;;;
22/12/2019;18:35:00;85;com vítima;53;BR-153/SP;Sul;Colisão Lateral;;;;1;;1;;;;;1;;;1;
22/12/2019;19:28:00;89;sem vítima;174,4;BR-153/SP;Sul;Colisão Lateral;2;;;;;;;;;;5;;;;
23/12/2019;16:40:00;89;sem vítima;106;BR-153/SP;Sul;Colisão Lateral;1;;;;;2;;;;;6;;;;
23/12/2019;21:25:00;105;sem vítima;57,6;BR-153/SP;Norte;Saída de Pista;;;;;;;;;;1;5;;;;
23/12/2019;21:45:00;107;sem vítima;60,8;BR-153/SP;Norte;Tombamento de Moto;;;;1;;;;;;;1;;;;
23/12/2019;23:07:00;111;sem vítima;35,8;BR-153/SP;Sul;Colisão Traseira;1;;1;;;;;;;;2;;;;
24/12/2019;01:01:00;2;sem vítima;61,2;BR-153/SP;Sul;Saída de Pista;;;;;;;;;;1;1;;;;
24/12/2019;18:34:00;92;com vítima;75,2;BR-153/SP;Sul;Saída de Pista;1;;;;;;;;;;0;1;;;
25/12/2019;12:05:00;33;com vítima;56;BR-153/SP;Norte;Tombamento de Moto;;;;1;;;;;;;0;2;;;
26/12/2019;06:14:00;7;com vítima;295,8;BR-153/SP;Norte;Colisão Frontal;1;;1;;;;;;;;1;1;;;
27/12/2019;09:52:00;32;com vítima;323,8;BR-153/SP;Norte;Colisão Lateral;1;;1;;;;;;;;3;1;2;;
27/12/2019;12:35:00;45;sem vítima;268,1;BR-153/SP;Norte;Colisão Traseira;1;;1;;;;;;;;2;;;;
28/12/2019;02:40:00;3;com vítima;279,8;BR-153/SP;Norte;Tombamento de Moto;;;;1;;;;;;;0;1;;;
28/12/2019;11:00:00;36;sem vítima;58;BR-153/SP;Norte;Colisão Traseira;2;;;;;;;;;;3;;;;
28/12/2019;17:08:00;72;sem vítima;53,5;BR-153/SP;Norte;Colisão Lateral;1;;;;;1;;;;;3;;;;
28/12/2019;18:25:00;82;sem vítima;342,7;BR-153/SP;Norte;Saída de Pista;1;;;;;;;;;;1;;;;
29/12/2019;16:49:00;57;sem vítima;58,7;BR-153/SP;Sul;Colisão Traseira;;;;;;;;;;2;5;;;;
01/03/2020;04:55:00;4;sem vítima;63;BR-153/SP;Sul;Saída de Pista;1;;;;;;;;;;1;;;;
01/03/2020;12:55:00;38;sem vítima;58;BR-153/SP;Norte;Colisão Lateral;1;;1;;;;;;;;8;;;;
01/03/2020;13:37:00;41;com vítima;205,7;BR-153/SP;Norte;Atropelamento de Ciclista;1;1;;;;;;;;;0;1;;1;
02/03/2020;08:05:00;17;com vítima;52,9;BR-153/SP;Norte;Tombamento de Moto;;;;1;;;;;;;0;1;;;