data;horario;n_da_ocorrencia;tipo_de_ocorrencia;km;trecho;sentido;tipo_de_acidente;automovel;bicicleta;caminhao;moto;onibus;outros;tracao_animal;transporte_de_cargas_especiais;trator_maquinas;utilitarios;ilesos;levemente_feridos;moderadamente_feridos;gravemente_feridos;mortos
02/03/2020;10:04:00;35;com vítima;182;BR-153/SP;Sul;Colisão Transversal;1;;;1;;;;;;;2;;1;;
02/03/2020;17:08:00;73;sem vítima;57,9;BR-153/SP;Norte;Colisão Traseira;;;;1;;;;;;1;2;;;;
02/03/2020;17:49:00;76;com vítima;64,1;BR-153/SP;Norte;Colisão Lateral;1;;;;;;;;;1;6;1;;;
03/03/2020;07:39:00;12;sem vítima;62,3;BR-153/SP;Sul;Engavetamento;1;;;;;2;;;;;3;;;;
03/03/2020;15:22:00;62;sem vítima;260,4;BR-153/SP;Norte;Saída de Pista;;;;1;;1;;;;;2;;;;
03/03/2020;17:32:00;75;sem vítima;98,9;BR-153/SP;Norte;Colisão Traseira;1;;1;;;;;;;;3;;;;
04/03/2020;06:54:00;13;com vítima;21,8;BR-153/SP;Sul;Colisão Traseira;;;1;1;;;;;;;1;1;;;
04/03/2020;08:57:00;30;sem vítima;62;BR-153/SP;Sul;Colisão Traseira;1;;;;;;;;;1;3;;;;
05/03/2020;09:07:00;27;com vítima;57;BR-153/SP;Sul;Tombamento;;;1;;;;;;;;0;1;;;
05/03/2020;10:41:00;43;sem vítima;54,5;BR-153/SP;Sul;Colisão Lateral;1;;1;;;;;;;;2;;;;
05/03/2020;13:03:00;62;com vítima;58;BR-153/SP;Norte;Tombamento de Moto;;;;1;;;;;;1;1;2;;;
06/03/2020;06:39:00;10;sem vítima;294;BR-153/SP;Norte;Saída de Pista;1;;;;;;;;;;2;;;;
06/03/2020;09:05:00;27;sem vítima;109;BR-153/SP;Norte;Saída de Pista;;;;;;;;;;1;1;;;;
06/03/2020;18:14:00;110;sem vítima;61;BR-153/SP;Sul;Engavetamento;2;;;;;;;;;2;9;;;;
07/03/2020;13:58:00;36;sem vítima;73;BR-153/SP;Norte;Saída de Pista;1;;;;;;;;;;1;;;;
07/03/2020;16:37:00;58;sem vítima;75;BR-153/SP;Norte;Saída de Pista;1;;;;;;;;;;1;;;;
08/03/2020;13:05:00;30;com vítima;51,5;BR-153/SP;Sul;Colisão Frontal;;;1;1;;;;;;;1;;;1;
08/03/2020;16:27:00;47;com vítima;167;BR-153/SP;Norte;Colisão Traseira;;;1;;;;;;;1;2;1;;;
09/03/2020;10:32:00;44;com vítima;222,8;BR-153/SP;Sul;Colisão Frontal;1;;;1;;;;;;;0;2;;1;
10/03/2020;11:40:00;42;com vítima;107,9;BR-153/SP;Sul;Atropelamento  de Pedestre;;;1;;;;;;;;1;;;1;
10/03/2020;12:00:00;47;sem vítima;55;BR-153/SP;Norte;Colisão Lateral;1;;;1;;;;;;;2;;;;
11/03/2020;14:09:00;67;com vítima;61,9;BR-153/SP;Sul;Colisão Lateral;1;;;1;;;;;;;3;1;;;
11/03/2020;17:25:00;88;com vítima;80;BR-153/SP;Norte;Capotamento;1;;;;;;;;;;0;1;;;
11/03/2020;18:22:00;94;com vítima;63,8;BR-153/SP;Norte;Colisão Traseira;1;;;1;;;;;;;1;1;;;
11/03/2020;19:37:00;100;sem vítima;183,8;BR-153/SP;Norte;Colisão Traseira;1;;1;;;;;;;;4;;;;
11/03/2020;23:32:00;107;com vítima;342,6;BR-153/SP;Sul;Colisão Lateral;1;;;1;;;;;;;1;;;1;
12/03/2020;07:08:00;11;com vítima;61,3;BR-153/SP;Norte;Colisão Traseira;2;;;;;;;;;;1;1;;;
13/03/2020;07:00:00;9;com vítima;60;BR-153/SP;Sul;Colisão Lateral;;;;1;;1;;;;;1;;1;;
13/03/2020;07:41:00;14;com vítima;62;BR-153/SP;Sul;Colisão Lateral;;;1;1;;;;;;;1;1;;;
13/03/2020;11:18:00;49;com vítima;170;BR-153/SP;Sul;Atropelamento de Ciclista;1;1;;;;;;;;;2;1;;;
13/03/2020;15:34:00;71;sem vítima;272,9;BR-153/SP;Norte;Saída de Pista;1;;;;;;;;;;1;;;;
14/03/2020;20:46:00;78;sem vítima;267,5;BR-153/SP;Norte;Tombamento de Moto;;;;1;;;;;;;2;;;;
16/03/2020;14:21:00;49;sem vítima;15;BR-153/SP;Norte;Saída de Pista;1;;;;;;;;;;1;;;;
17/03/2020;07:26:00;10;com vítima;41,8;BR-153/SP;Norte;Colisão Transversal;;;1;;1;;;;;;0;15;11;;
17/03/2020;17:23:00;80;com vítima;177;BR-153/SP;Norte;Saída de Pista;1;;;;;;;;;;0;1;;;
17/03/2020;19:43:00;88;sem vítima;68;BR-153/SP;Sul;Atropelamento de Animal;1;;;;;;;;;;4;;;;
17/03/2020;19:59:00;89;sem vítima;258;BR-153/SP;Sul;Atropelamento de Animal;;;;;;;;;;1;1;;;;
18/03/2020;07:58:00;22;com vítima;61;BR-153/SP;Sul;Tombamento de Moto;;;;1;;;;;;;0;1;;;
18/03/2020;09:01:00;35;sem vítima;108;BR-153/SP;Norte;Colisão Traseira;1;;;;;1;;;;;3;;;;
18/03/2020;17:13:00;78;sem vítima;57,9;BR-153/SP;Norte;Colisão Traseira;;;1;;;;;;;1;3;;;;
19/03/2020;08:14:00;11;sem vítima;56;BR-153/SP;Norte;Tombamento;;;1;;;;;;;;1;;;;
19/03/2020;12:06:00;48;com vítima;161,3;BR-153/SP;Norte;Colisão Transversal;1;;1;;;;;;;;1;1;;;
19/03/2020;15:24:00;68;sem vítima;125;BR-153/SP;Norte;Saída de Pista;1;;;;;;;;;;1;;;;
19/03/2020;16:33:00;72;com vítima;56;BR-153/SP;Sul;Saída de Pista;1;;;;;;;;;;0;1;;;
20/03/2020;16:20:00;59;sem vítima;171,7;BR-153/SP;Norte;Saída de Pista;1;;1;;;;;;;;2;;;;
20/03/2020;16:46:00;61;sem vítima;60;BR-153/SP;Norte;Saída de Pista;;;1;;;;;;;;2;;;;
20/03/2020;20:59:00;71;com vítima;52;BR-153/SP;Sul;Colisão Lateral;2;;;;;;;;;;3;1;;;
20/03/2020;22:17:00;76;com vítima;124;BR-153/SP;Sul;Colisão Frontal;1;;;;1;;;;;;8;;;1;1
21/03/2020;15:55:00;48;com vítima;73;BR-153/SP;Sul;Tombamento de Moto;;;;1;;;;;;;0;2;;;
21/03/2020;17:04:00;54;com vítima;18;BR-153/SP;Sul;Colisão Transversal;1;;;1;;;;;;;2;;1;;
22/03/2020;19:31:00;45;com vítima;155,15;BR-153/SP;Norte;Colisão Traseira;2;;;;;;;;;;1;1;;;
22/03/2020;19:46:00;46;com vítima;202,8;BR-153/SP;Sul;Saída de Pista;1;;;;;;;;;;3;1;;;
28/03/2020;17:35:00;55;com vítima;115;BR-153/SP;Norte;Saída de Pista;1;;;;;;;;;;0;2;;;
30/03/2020;12:34:00;41;sem vítima;43;BR-153/SP;Sul;Colisão Transversal;1;;;;;1;;;;;2;;;;
30/03/2020;13:52:00;46;com vítima;108;BR-153/SP;Sul;Colisão Transversal;1;;;;;;;;;1;2;3;;;
01/01/2020;05:40:00;10;com vítima;110,1;BR-153/SP;Norte;Saída de Pista;1;;;;;;;;;;3;2;;;
02/01/2020;00:35:00;1;sem vítima;75,8;BR-153/SP;Sul;Atropelamento de Animal;1;;;;;;;;;;4;;;;
02/01/2020;07:03:00;8;com vítima;288;BR-153/SP;Norte;Colisão Frontal;1;;1;;;;;;;;1;;1;;1
02/01/2020;08:48:00;16;sem vítima;25,5;BR-153/SP;Sul;Saída de Pista;1;;;;;;;;;;3;;;;
02/01/2020;15:40:00;51;sem vítima;178,3;BR-153/SP;Sul;Tombamento;;;1;;;;;;;;2;;;;
03/01/2020;03:30:00;3;com vítima;275,5;BR-153/SP;Norte;Tombamento;;;1;;;;;;;;0;;;;1
03/01/2020;11:46:00;32;sem vítima;90,5;BR-153/SP;Sul;Saída de Pista;1;;;;;;;;;;4;;;;
03/01/2020;12:32:00;39;com vítima;94;BR-153/SP;Sul;Incidente;;;;;;;;;;2;7;1;;;
03/01/2020;15:06:00;45;com vítima;58,3;BR-153/SP;Sul;Colisão Traseira;1;;;1;;;;;;;1;;1;;
04/01/2020;22:56:00;99;com vítima;141,8;BR-153/SP;Sul;Saída de Pista;1;;;;;;;;;;0;2;;;
05/01/2020;17:01:00;64;com vítima;61,7;BR-153/SP;Norte;Colisão Traseira;2;;;;;;;;;;1;1;;;
05/01/2020;19:39:00;76;sem vítima;86,5;BR-153/SP;Sul;Atropelamento de Animal;1;;;;;;;;;;3;;;;
05/01/2020;19:52:00;79;com vítima;86,8;BR-153/SP;Sul;Atropelamento de Animal;1;;;;;;;;;;0;2;;;
06/01/2020;07:34:00;15;sem vítima;62;BR-153/SP;Norte;Engavetamento;2;;;;;;;;;2;5;;;;
06/01/2020;15:48:00;68;com vítima;62;BR-153/SP;Sul;Colisão Traseira;1;;;1;;;;;;;1;2;;;
07/01/2020;13:20:00;55;sem vítima;63,9;BR-153/SP;Norte;Engavetamento;3;;;;;;;;;;4;;;;
08/01/2020;08:10:00;18;com vítima;61;BR-153/SP;Sul;Colisão Traseira;1;;;2;;;;;;;2;2;1;;
08/01/2020;21:38:00;78;com vítima;63,6;BR-153/SP;Norte;Tombamento de Moto;;;;1;;;;;;;0;2;;;
09/01/2020;11:16:00;60;com vítima;53;BR-153/SP;Sul;Tombamento de Moto;;;;1;;;;;;;0;1;;;
09/01/2020;19:02:00;105;com vítima;56;BR-153/SP;Norte;Tombamento de Moto;;;;1;;;;;;;0;1;;;
10/01/2020;04:54:00;4;sem vítima;195,1;BR-153/SP;Sul;Saída de Pista;1;;;;;;;;;;1;;;;
10/01/2020;08:11:00;16;com vítima;58;BR-153/SP;Norte;Tombamento de Moto;;;;1;;;;;;;0;;1;;
10/01/2020;20:40:00;86;com vítima;74,1;BR-153/SP;Sul;Atropelamento  de Pedestre;1;;;;;;;;;;2;;;;1
10/01/2020;21:10:00;88;sem vítima;281;BR-153/SP;Norte;Saída de Pista;1;;;;;;;;;;2;;;;
11/01/2020;19:57:00;75;com vítima;206,5;BR-153/SP;Sul;Saída de Pista;1;;;;;;;;;;1;1;;;
12/01/2020;10:35:00;19;sem vítima;57;BR-153/SP;Sul;Colisão Traseira;1;;;;;;;;;1;3;;;;
12/01/2020;17:36:00;54;com vítima;72,8;BR-153/SP;Norte;Colisão Traseira;2;;;;;;;;;;5;1;;;
13/01/2020;07:06:00;13;com vítima;64;BR-153/SP;Sul;Tombamento de Moto;;;;1;;;;;;;0;1;;;
13/01/2020;07:57:00;18;sem vítima;150;BR-153/SP;Sul;Colisão Transversal;1;;1;;;;;;;;2;;;;
14/01/2020;00:50:00;1;sem vítima;201,1;BR-153/SP;Sul;Atropelamento de Animal;;;;;;;;;;1;3;;;;
14/01/2020;08:19:00;18;sem vítima;62;BR-153/SP;Sul;Engavetamento;3;;;;;;;;;;7;;;;
15/01/2020;20:32:00;91;sem vítima;135,2;BR-153/SP;Sul;Atropelamento de Animal;1;;;;;;;;;;2;;;;
16/01/2020;09:32:00;27;com vítima;274,2;BR-153/SP;Norte;Saída de Pista;;;1;;;;;;;;0;1;;;
17/01/2020;08:57:00;21;com vítima;61,9;BR-153/SP;Sul;Colisão Traseira;1;;;1;;;;;;;3;;1;;
17/01/2020;23:39:00;94;com vítima;43,7;BR-153/SP;Sul;Saída de Pista;1;;;;;;;;;;0;1;;;
18/01/2020;00:09:00;1;sem vítima;228;BR-153/SP;Norte;Saída de Pista;1;;;;;;;;;;2;;;;
18/01/2020;07:35:00;14;com vítima;58;BR-153/SP;Sul;Colisão Traseira;;;;1;;1;;;;;1;1;;;
18/01/2020;09:48:00;24;com vítima;70,2;BR-153/SP;Sul;Tombamento de Moto;;;;1;;;;;;;0;2;;;
19/01/2020;13:27:00;33;com vítima;39,5;BR-153/SP;Norte;Colisão Transversal;2;;;;;;;;;;2;;2;;1
20/01/2020;09:08:00;19;sem vítima;62,65;BR-153/SP;Sul;Colisão Traseira;1;;;;;1;;;;;3;;;;
21/01/2020;06:19:00;6;com vítima;58;BR-153/SP;Sul;Colisão Lateral;;;;1;;;;;;1;1;1;;;
21/01/2020;15:19:00;58;sem vítima;62,1;BR-153/SP;Sul;Engavetamento;2;;;;;1;;;;;4;;;;
21/01/2020;18:01:00;75;sem vítima;64;BR-153/SP;Norte;Colisão Lateral;;;1;;;;;;;1;2;;;;
21/01/2020;18:09:00;76;sem vítima;64;BR-153/SP;Norte;Colisão Transversal;1;;1;;;;;;;;2;;;;
23/01/2020;10:23:00;23;sem vítima;75;BR-153/SP;Sul;Colisão Traseira;1;;;;;;;;;;2;;;;
23/01/2020;13:08:00;36;sem vítima;61;BR-153/SP;Sul;Saída de Pista;1;;;;;;;;;;1;;;;
23/01/2020;13:19:00;38;sem vítima;4,8;BR-153/SP;Sul;Engavetamento;;;;;;;;;;1;1;;;;
24/01/2020;11:37:00;45;sem vítima;61;BR-153/SP;Norte;Colisão Traseira;1;;;;;;;;;1;3;;;;
24/01/2020;17:55:00;74;sem vítima;81;BR-153/SP;Norte;Saída de Pista;;;;1;;;;;;;1;;;;
25/01/2020;09:52:00;26;sem vítima;54,2;BR-153/SP;Sul;Saída de Pista;1;;;;;;;;;;4;;;;
25/01/2020;10:29:00;32;sem vítima;68;BR-153/SP;Norte;Colisão Lateral;;;1;;;;;;;1;3;;;;
25/01/2020;11:36:00;35;sem vítima;33,1;BR-153/SP;Sul;Colisão Traseira;1;;;;;1;;;;;4;;;;
26/01/2020;07:03:00;11;com vítima;301,5;BR-153/SP;Norte;Tombamento de Moto;;;;1;;;;;;;0;1;;;
26/01/2020;15:28:00;55;com vítima;55,7;BR-153/SP;Sul;Colisão Lateral;;;;1;;1;;;;;1;;;;1
26/01/2020;18:44:00;77;sem vítima;321;BR-153/SP;Sul;Colisão Transversal;2;;;;;;;;;;2;;;;
26/01/2020;19:20:00;79;com vítima;61,1;BR-153/SP;Sul;Atropelamento  de Pedestre;1;;;;;;;;;;1;;1;;
27/01/2020;07:14:00;7;sem vítima;61;BR-153/SP;Sul;Colisão Traseira;1;;;;;;;;;1;2;;;;
27/01/2020;08:04:00;14;sem vítima;121,9;BR-153/SP;Sul;Colisão Lateral;1;;;;;1;;;;;3;;;;
27/01/2020;18:27:00;73;com vítima;74,5;BR-153/SP;Norte;Tombamento de Moto;;;;1;;;;;;;0;2;;;
28/01/2020;07:00:00;6;sem vítima;61,9;BR-153/SP;Sul;Colisão Traseira;;;;2;;;;;;;3;;;;
28/01/2020;08:34:00;11;sem vítima;57;BR-153/SP;Sul;Colisão Traseira;2;;;;;;;;;;2;;;;
29/01/2020;10:41:00;42;com vítima;91,5;BR-153/SP;Norte;Saída de Pista;1;;;;;;;;;;0;;1;;
29/01/2020;17:15:00;85;com vítima;100;BR-153/SP;Norte;Colisão Transversal;1;;;1;;;;;;;1;1;;;
31/01/2020;04:57:00;5;sem vítima;95,7;BR-153/SP;Sul;Colisão Transversal;;;1;;;1;;;;;3;;;;
31/01/2020;05:44:00;8;sem vítima;74,6;BR-153/SP;Norte;Saída de Pista;1;;;;;1;;;;;2;;;;
01/07/2020;13:19:00;51;com vítima;108;BR-153/SP;Norte;Colisão Transversal;1;;1;;;;;;;;1;1;;1;
02/07/2020;09:05:00;20;sem vítima;63;BR-153/SP;Sul;Colisão Traseira;1;;;;;;;;;1;5;;;;
02/07/2020;16:11:00;67;com vítima;60,9;BR-153/SP;Norte;Colisão Lateral;1;;1;;;;;;;;2;1;;;
02/07/2020;18:44:00;79;com vítima;64;BR-153/SP;Sul;Atropelamento de Ciclista;1;1;;;;;;;;;1;;;;1
02/07/2020;23:22:00;96;com vítima;61,8;BR-153/SP;Sul;Atropelamento de Animal;;;;1;;;;;;;0;;1;;
03/07/2020;08:49:00;21;com vítima;62,5;BR-153/SP;Sul;Engavetamento;3;;;;;;;;;2;6;1;;;
03/07/2020;16:17:00;59;sem vítima;62;BR-153/SP;Sul;Engavetamento;2;;;;;;;;;1;3;;;;
04/07/2020;18:55:00;54;com vítima;51,6;BR-153/SP;Sul;Colisão Lateral;1;;;;;;;;;1;2;1;;;
04/07/2020;19:26:00;59;sem vítima;185,5;BR-153/SP;Sul;Colisão Traseira;1;;1;;;;;;;;3;;;;
04/07/2020;21:15:00;63;com vítima;57;BR-153/SP;Norte;Saída de Pista;;;;1;;;;;;;0;;1;;
05/07/2020;01:51:00;3;sem vítima;195;BR-153/SP;Sul;Saída de Pista;1;;;;;;;;;;1;;;;
06/07/2020;22:22:00;86;com vítima;57;BR-153/SP;Sul;Tombamento de Moto;;;;1;;;;;;;0;;;1;
07/07/2020;09:01:00;22;sem vítima;62;BR-153/SP;Sul;Colisão Traseira;1;;;;;;;;;1;2;;;;
08/07/2020;10:15:00;23;com vítima;61,9;BR-153/SP;Sul;Tombamento de Moto;;;;1;;;;;;;0;1;;;
08/07/2020;17:42:00;58;sem vítima;62,7;BR-153/SP;Sul;Colisão Traseira;1;;;;;;;;;1;2;;;;
08/07/2020;17:50:00;59;sem vítima;62,4;BR-153/SP;Sul;Colisão Traseira;1;;;;;;;;;1;4;;;;
08/07/2020;18:46:00;64;com vítima;280,9;BR-153/SP;Sul;Colisão Lateral;;;1;;;;;;;1;1;;;;1
08/07/2020;22:27:00;75;sem vítima;274;BR-153/SP;Norte;Saída de Pista;1;;;;;;;;;;1;;;;
09/07/2020;08:04:00;9;sem vítima;63,5;BR-153/SP;Sul;Colisão Traseira;1;;;;;;;;;1;2;;;;
09/07/2020;18:36:00;59;sem vítima;61;BR-153/SP;Sul;Colisão Traseira;1;;;;;1;;;;;2;;;;
09/07/2020;18:42:00;61;com vítima;63;BR-153/SP;Sul;Engavetamento;5;;;1;;;;;;3;8;1;;;
10/07/2020;11:15:00;34;sem vítima;56;BR-153/SP;Norte;Colisão Traseira;1;;1;;;;;;;;2;;;;
12/07/2020;10:55:00;25;com vítima;42;BR-153/SP;Norte;Colisão Transversal;1;;;1;;;;;;;2;;1;;
12/07/2020;13:03:00;30;sem vítima;63,5;BR-153/SP;Sul;Saída de Pista;2;;;;;;;;;;5;;;;
12/07/2020;16:39:00;45;sem vítima;10,8;BR-153/SP;Norte;Saída de Pista;;;;;;;;;;1;2;;;;
13/07/2020;07:54:00;12;com vítima;61,3;BR-153/SP;Norte;Engavetamento;2;;;;;2;;;;1;7;2;;;
13/07/2020;15:50:00;52;sem vítima;211,2;BR-153/SP;Norte;Colisão Traseira;2;;;;;;;;;;2;;;;
15/07/2020;07:37:00;6;com vítima;256;BR-153/SP;Norte;Colisão Transversal;;1;;1;;;;;;;0;2;;;
15/07/2020;13:56:00;39;sem vítima;35,8;BR-153/SP;Sul;Colisão Traseira;1;;1;;;;;;;;2;;;;
15/07/2020;17:18:00;66;sem vítima;19,6;BR-153/SP;Sul;Colisão Traseira;2;;;;;;;;;;5;;;;
16/07/2020;04:08:00;5;sem vítima;311;BR-153/SP;Sul;Saída de Pista;;;1;;;;;;;;1;;;;
16/07/2020;08:02:00;13;com vítima;55;BR-153/SP;Sul;Tombamento de Moto;;;;1;;;;;;;0;1;;;
16/07/2020;10:21:00;26;sem vítima;98,9;BR-153/SP;Sul;Colisão Traseira;2;;;;;;;;;;4;;;;
16/07/2020;17:27:00;66;sem vítima;72,9;BR-153/SP;Norte;Saída de Pista;1;;;;;;;;;;1;;;;
17/07/2020;21:19:00;84;sem vítima;49;BR-153/SP;Norte;Capotamento;1;;;;;;;;;;1;;;;
18/07/2020;11:21:00;27;sem vítima;63,8;BR-153/SP;Sul;Colisão Traseira;;;1;;;;;;;1;2;;;;
19/07/2020;11:26:00;16;sem vítima;145;BR-153/SP;Norte;Colisão Transversal;;;1;;;;;;;1;2;;;;
20/07/2020;09:42:00;23;sem vítima;281;BR-153/SP;Sul;Saída de Pista;1;;;;;;;;;;1;;;;
20/07/2020;12:51:00;37;sem vítima;64;BR-153/SP;Norte;Saída de Pista;;;;1;;;;;;;1;;;;
20/07/2020;13:04:00;38;sem vítima;62,5;BR-153/SP;Sul;Engavetamento;1;;;;;2;;;;;3;;;;
20/07/2020;13:21:00;41;sem vítima;327;BR-153/SP;Norte;Colisão Transversal;1;;1;;;;;;;;4;;;;
21/07/2020;19:35:00;69;sem vítima;9;BR-153/SP;Sul;Saída de Pista;1;;;;;;;;;;1;;;;
23/07/2020;04:53:00;4;sem vítima;143,6;BR-153/SP;Norte;Tombamento;1;;1;;;;;;;;2;;;;
23/07/2020;05:33:00;7;com vítima;124,8;BR-153/SP;Sul;Tombamento;;;1;;;;;;;;2;1;;;
23/07/2020;07:35:00;12;com vítima;73,9;BR-153/SP;Sul;Colisão Lateral;1;;1;;;;;;;;3;1;;;
23/07/2020;21:42:00;70;com vítima;202,4;BR-153/SP;Norte;Colisão Transversal;1;;;;;;;;;1;1;1;;;
24/07/2020;06:07:00;4;com vítima;1;BR-153/SP;Sul;Tombamento de Moto;;;;1;;;;;;;0;1;;;
26/07/2020;18:08:00;45;sem vítima;64;BR-153/SP;Norte;Colisão Lateral;1;;1;;;;;;;;3;;;;
27/07/2020;03:09:00;2;com vítima;14,5;BR-153/SP;Norte;Colisão Frontal;1;;;;;;;;;1;0;;2;;1
27/07/2020;08:55:00;18;sem vítima;25,8;BR-153/SP;Norte;Saída de Pista;1;;;;;;;;;;1;;;;
27/07/2020;21:10:00;87;sem vítima;175;BR-153/SP;Sul;Atropelamento de Animal;;;1;;;;;;;;1;;;;
28/07/2020;06:19:00;5;com vítima;215,1;BR-153/SP;Norte;Colisão Traseira;;;2;;;;;;;;2;1;;;
28/07/2020;15:37:00;52;sem vítima;62,8;BR-153/SP;Sul;Colisão Traseira;;;;1;;1;;;;;2;;;;
29/07/2020;19:36:00;76;sem vítima;340,1;BR-153/SP;Norte;Saída de Pista;;;;;;1;;;;1;2;;;;
30/07/2020;11:31:00;29;com vítima;48,1;BR-153/SP;Norte;Colisão Traseira;;;1;;;;;;;1;3;2;;;
31/07/2020;20:16:00;69;sem vítima;290,5;BR-153/SP;Norte;Saída de Pista;;;;;;;;;;1;1;;;;
01/02/2020;12:56:00;30;com vítima;165;BR-153/SP;Norte;Colisão Lateral;;;;1;;;;;;1;1;;;1;
02/02/2020;07:09:00;11;sem vítima;57;BR-153/SP;Norte;Colisão Lateral;1;;1;;;;;;;;3;;;;
02/02/2020;09:37:00;25;sem vítima;343;BR-153/SP;Norte;Tombamento;;;;;;;;;;1;2;;;;
02/02/2020;17:46:00;59;sem vítima;169,2;BR-153/SP;Norte;Choque contra objeto na faixa de rolamento;1;;;;;;;;;;1;;;;
02/02/2020;18:09:00;64;sem vítima;25,5;BR-153/SP;Norte;Colisão Traseira;2;;;;;;;;;;4;;;;
03/02/2020;02:12:00;2;sem vítima;99;BR-153/SP;Norte;Colisão Lateral;;;2;;;;;;;;3;;;;
03/02/2020;19:02:00;77;sem vítima;58;BR-153/SP;Sul;Colisão Lateral;;;;1;;1;;;;;2;;;;
04/02/2020;08:37:00;16;sem vítima;62,2;BR-153/SP;Norte;Colisão Lateral;1;;1;;;;;;;;2;;;;
04/02/2020;15:07:00;72;sem vítima;56;BR-153/SP;Norte;Colisão Traseira;;;1;;;;;;;1;3;;;;
04/02/2020;20:46:00;99;sem vítima;63;BR-153/SP;Norte;Saída de Pista;;;;;;;;;;1;1;;;;
05/02/2020;07:40:00;14;sem vítima;61,8;BR-153/SP;Sul;Colisão Traseira;2;;;;;;;;;;2;;;;
05/02/2020;09:11:00;26;com vítima;62,4;BR-153/SP;Sul;Colisão Traseira;;;1;1;;;;;;;1;1;1;;
05/02/2020;09:32:00;30;sem vítima;64;BR-153/SP;Sul;Colisão Traseira;1;;1;;;;;;;;2;;;;
05/02/2020;18:54:00;104;com vítima;62,1;BR-153/SP;Sul;Engavetamento;3;;1;;;;;;;1;4;2;1;;
06/02/2020;06:54:00;8;com vítima;62;BR-153/SP;Norte;Colisão Traseira;1;;;1;;;;;;;2;1;;;
06/02/2020;07:05:00;9;sem vítima;61;BR-153/SP;Sul;Colisão Traseira;1;;;1;;;;;;;2;;;;
06/02/2020;15:02:00;60;sem vítima;64;BR-153/SP;Sul;Saída de Pista;;;1;;;;;;;;1;;;;
06/02/2020;15:07:00;61;sem vítima;47,5;BR-153/SP;Norte;Colisão Lateral;2;;;;;;;;;;3;;;;
07/02/2020;19:41:00;94;sem vítima;23;BR-153/SP;Norte;Colisão Lateral;2;;;;;;;;;;6;;;;
08/02/2020;00:52:00;2;sem vítima;57,5;BR-153/SP;Norte;Saída de Pista;1;;;;;;;;;;1;;;;
08/02/2020;09:30:00;33;sem vítima;58;BR-153/SP;Sul;Colisão Traseira;;;;;;1;;;;1;2;;;;
08/02/2020;18:42:00;80;sem vítima;217,5;BR-153/SP;Sul;Colisão Lateral;1;;;;;1;;;;;3;;;;
09/02/2020;01:35:00;5;com vítima;68,25;BR-153/SP;Norte;Tombamento de Moto;;;;1;;;;;;;0;1;;;
09/02/2020;09:47:00;18;com vítima;75,3;BR-153/SP;Sul;Colisão Lateral;1;;1;;;;;;;;2;1;;;
09/02/2020;11:13:00;24;sem vítima;76;BR-153/SP;Sul;Colisão Traseira;1;;;;;1;;;;;2;;;;
09/02/2020;15:08:00;41;sem vítima;34,7;BR-153/SP;Norte;Colisão Traseira;2;;;;;2;;;;;7;;;;
09/02/2020;17:31:00;62;com vítima;34,7;BR-153/SP;Sul;Colisão Traseira;1;;;1;;;;;;;2;;1;;
09/02/2020;21:19:00;84;sem vítima;35,8;BR-153/SP;Norte;Colisão Traseira;;;;;1;1;;;;;3;;;;
10/02/2020;06:30:00;17;sem vítima;64;BR-153/SP;Norte;Colisão Lateral;1;;2;;;1;;;;;4;;;;
11/02/2020;06:31:00;9;sem vítima;170,3;BR-153/SP;Sul;Colisão Traseira;;;2;;;1;;;;;4;;;;
11/02/2020;14:04:00;55;sem vítima;61,9;BR-153/SP;Sul;Engavetamento;3;;;;;;;;;1;8;;;;
11/02/2020;16:24:00;75;sem vítima;5;BR-153/SP;Sul;Colisão Transversal;1;;;;;;;;;1;3;;;;
13/02/2020;13:49:00;53;com vítima;229,9;BR-153/SP;Sul;Colisão Transversal;1;;;1;;;;;;;1;;1;;
14/02/2020;04:34:00;5;sem vítima;54,95;BR-153/SP;Norte;Atropelamento de Animal;;;1;;1;;;;;;2;;;;
14/02/2020;17:10:00;78;sem vítima;107;BR-153/SP;Norte;Colisão Traseira;2;;;;;;;;;;10;;;;
14/02/2020;18:01:00;84;com vítima;115,8;BR-153/SP;Norte;Capotamento;1;;;;;;;;;;0;2;;;
14/02/2020;18:16:00;85;com vítima;72,6;BR-153/SP;Norte;Colisão Transversal;;;;2;;;;;;;1;1;;;
15/02/2020;02:11:00;2;com vítima;256,5;BR-153/SP;Sul;Tombamento de Moto;;;;1;;;;;;;0;1;;;
15/02/2020;20:12:00;84;com vítima;49;BR-153/SP;Norte;Atropelamento  de Pedestre;;;1;;;;;;;;1;;;1;
16/02/2020;01:14:00;3;sem vítima;57,7;BR-153/SP;Norte;Saída de Pista;1;;;;;;;;;;1;;;;
17/02/2020;01:51:00;3;sem vítima;24,3;BR-153/SP;Norte;Saída de Pista;1;;;;;;;;;;5;;;;
17/02/2020;06:58:00;13;sem vítima;64,5;BR-153/SP;Sul;Colisão Lateral;1;;1;;;;;;;;3;;;;
17/02/2020;18:57:00;93;com vítima;116;BR-153/SP;Sul;Tombamento de Moto;;;;1;;;;;;;0;2;;;
17/02/2020;20:02:00;101;com vítima;31;BR-153/SP;Sul;Saída de Pista;1;;;;;;;;;1;5;1;1;;
18/02/2020;12:21:00;53;sem vítima;64,1;BR-153/SP;Norte;Colisão Lateral;1;;1;;;;;;;;2;;;;
20/02/2020;17:08:00;61;sem vítima;62;BR-153/SP;Sul;Colisão Traseira;;;;1;;;;;;1;10;;;;