data;horario;n_da_ocorrencia;tipo_de_ocorrencia;km;trecho;sentido;tipo_de_acidente;automovel;bicicleta;caminhao;moto;onibus;outros;tracao_animal;transporte_de_cargas_especiais;trator_maquinas;utilitarios;ilesos;levemente_feridos;moderadamente_feridos;gravemente_feridos;mortos
22/08/2020;16:02:00;47;AC2 - Acidente com VITIMA;330,5;BR-153/SP;Norte;Atropelamento  de Pedestre;;;;;;;;;;1;1;;1;;
23/08/2020;01:22:00;5;AC3 - Acidente sem VITIMA;75,7;BR-153/SP;Sul;Atropelamento de Animal;1;;;;;;;;;;1;;;;
23/08/2020;14:16:00;34;AC3 - Acidente sem VITIMA;64;BR-153/SP;Norte;Engavetamento;1;;;1;;1;;;;;3;;;;
23/08/2020;17:49:00;47;AC3 - Acidente sem VITIMA;56;BR-153/SP;Norte;Colisão Traseira;1;;1;;;;;;;;3;;;;
24/08/2020;20:44:00;70;AC3 - Acidente sem VITIMA;76,3;BR-153/SP;Sul;Saída de Pista;1;;;;;;;;;;4;;;;
25/08/2020;06:25:00;11;AC2 - Acidente com VITIMA;42,8;BR-153/SP;Sul;Colisão Traseira;2;;1;1;;;;;;;3;1;;;
25/08/2020;07:54:00;13;AC3 - Acidente sem VITIMA;62;BR-153/SP;Sul;Engavetamento;2;;;;;;;;;1;4;;;;
25/08/2020;21:20:00;79;AC3 - Acidente sem VITIMA;172,3;BR-153/SP;Sul;Atropelamento de Animal;;;1;;;;;;;;1;;;;
26/08/2020;16:31:00;61;AC3 - Acidente sem VITIMA;73,5;BR-153/SP;Norte;Tombamento de Moto;;;;1;;;;;;;1;;;;
26/08/2020;18:31:00;72;AC3 - Acidente sem VITIMA;61;BR-153/SP;Sul;Colisão Traseira;1;;;;;1;;;;;2;;;;
27/08/2020;08:51:00;17;AC2 - Acidente com VITIMA;200,1;BR-153/SP;Sul;Colisão Traseira;;;3;;;;;;;;2;1;;;
27/08/2020;14:24:00;41;AC3 - Acidente sem VITIMA;62,2;BR-153/SP;Sul;Colisão Traseira;2;;;;;;;;;;2;;;;
27/08/2020;14:41:00;42;AC3 - Acidente sem VITIMA;62,5;BR-153/SP;Sul;Colisão Traseira;2;;;;;;;;;;2;;;;
28/08/2020;07:56:00;19;AC2 - Acidente com VITIMA;72;BR-153/SP;Norte;Colisão Lateral;1;;;1;;;;;;;0;2;;;
28/08/2020;08:29:00;24;AC3 - Acidente sem VITIMA;61;BR-153/SP;Sul;Colisão Traseira;1;;;;;1;;;;;2;;;;
28/08/2020;18:52:00;77;AC3 - Acidente sem VITIMA;62,3;BR-153/SP;Sul;Engavetamento;1;;;;;1;;;;1;4;;;;
28/08/2020;20:49:00;85;AC3 - Acidente sem VITIMA;61;BR-153/SP;Sul;Colisão Lateral;1;;1;;;;;;;;2;;;;
29/08/2020;07:32:00;14;AC2 - Acidente com VITIMA;39,5;BR-153/SP;Norte;Colisão Transversal;1;;;1;;;;;;;2;1;1;;
29/08/2020;12:18:00;42;AC2 - Acidente com VITIMA;31;BR-153/SP;Sul;Saída de Pista;1;;;;;;;;;;0;1;;;
29/08/2020;14:51:00;57;AC3 - Acidente sem VITIMA;30,9;BR-153/SP;Norte;Colisão Traseira;2;;;;;;;;;;8;;;;
30/08/2020;10:51:00;26;AC2 - Acidente com VITIMA;103,5;BR-153/SP;Sul;Colisão Lateral;1;;;1;;;;;;;2;1;;;
30/08/2020;17:12:00;61;AC2 - Acidente com VITIMA;63,9;BR-153/SP;Norte;Tombamento de Moto;;;;1;;;;;;;0;2;;;
30/08/2020;20:26:00;74;AC1 - Acidente com VITIMA FATAL;72,1;BR-153/SP;Sul;Colisão Traseira;1;;;1;;;;;;1;3;;;;1
30/08/2020;23:11:00;81;AC3 - Acidente sem VITIMA;100,8;BR-153/SP;Sul;Atropelamento de Animal;;;1;;;;;;;;1;;;;
01/09/2020;09:40:00;27;Acidente sem VITIMA;98,9;BR-153/SP;Sul;Colisão Traseira;0;0;1;0;0;0;0;0;0;1;2;0;0;0;0
01/09/2020;10:27:00;34;Acidente sem VITIMA;64;BR-153/SP;Norte;Colisão Traseira;1;0;0;0;0;0;0;0;0;1;2;0;0;0;0
01/09/2020;10:50:00;39;Acidente sem VITIMA;98,9;BR-153/SP;Sul;Colisão Traseira;1;0;0;0;0;0;0;0;0;1;6;0;0;0;0
01/09/2020;17:40:00;70;Acidente sem VITIMA;27,7;BR-153/SP;Norte;Colisão Traseira;0;0;2;0;0;0;0;0;0;1;6;0;0;0;0
02/09/2020;05:51:00;4;Acidente sem VITIMA;61;BR-153/SP;Norte;Saída de Pista;1;0;0;0;0;0;0;0;0;0;1;0;0;0;0
02/09/2020;08:15:00;12;Acidente sem VITIMA;79;BR-153/SP;Sul;Colisão Lateral;1;0;1;0;0;0;0;0;0;0;2;0;0;0;0
03/09/2020;14:45:00;46;Acidente com VITIMA;62,9;BR-153/SP;Sul;Colisão Traseira;1;0;1;1;0;0;0;0;0;0;2;1;0;0;0
04/09/2020;09:19:00;29;Acidente com VITIMA;62;BR-153/SP;Norte;Tombamento de Moto;0;0;0;1;0;0;0;0;0;0;0;1;0;0;0
04/09/2020;18:42:00;84;Acidente sem VITIMA;27,7;BR-153/SP;Norte;Saída de Pista;2;0;0;0;0;0;0;0;0;0;1;0;0;0;0
05/09/2020;07:05:00;18;Acidente sem VITIMA;167;BR-153/SP;Norte;Capotamento;1;0;0;0;0;0;0;0;0;0;1;0;0;0;0
05/09/2020;15:19:00;70;Acidente sem VITIMA;65;BR-153/SP;Norte;Capotamento;1;0;0;0;0;0;0;0;0;0;1;0;0;0;0
08/09/2020;13:23:00;55;Acidente sem VITIMA;197,9;BR-153/SP;Norte;Colisão Traseira;0;0;2;0;0;0;0;0;0;0;2;0;0;0;0
08/09/2020;14:08:00;59;Acidente sem VITIMA;339,5;BR-153/SP;Norte;Saída de Pista;1;0;0;0;0;1;0;0;0;0;5;0;0;0;0
09/09/2020;19:24:00;101;Acidente com VITIMA;62;BR-153/SP;Sul;Colisão Lateral;0;0;1;1;0;0;0;0;0;0;1;2;0;0;0
09/09/2020;19:42:00;103;Acidente com VITIMA FATAL;30,8;BR-153/SP;Sul;Atropelamento  de Pedestre;0;0;0;1;0;0;0;0;0;0;0;0;0;1;1
10/09/2020;09:17:00;27;Acidente sem VITIMA;98,9;BR-153/SP;Sul;Colisão Traseira;1;0;0;0;0;0;0;0;0;1;2;0;0;0;0
10/09/2020;17:07:00;85;Acidente sem VITIMA;229;BR-153/SP;Norte;Tombamento de Moto;0;0;0;1;0;0;0;0;0;0;1;0;0;0;0
11/09/2020;07:57:00;19;Acidente sem VITIMA;62;BR-153/SP;Sul;Incidente;0;0;1;0;0;0;0;0;0;1;2;0;0;0;0
11/09/2020;12:55:00;60;Acidente sem VITIMA;68;BR-153/SP;Sul;Colisão Lateral;1;0;1;0;0;0;0;0;0;0;1;0;0;0;0
12/09/2020;14:50:00;54;Acidente com VITIMA;256,3;BR-153/SP;Sul;Colisão Lateral;0;0;0;2;0;0;0;0;0;0;1;1;0;0;0
13/09/2020;11:31:00;23;Acidente com VITIMA;74;BR-153/SP;Norte;Tombamento de Moto;0;0;0;1;0;0;0;0;0;0;0;1;0;0;0
13/09/2020;19:21:00;65;Acidente sem VITIMA;27;BR-153/SP;Norte;Colisão Transversal;1;0;1;0;0;0;0;0;0;0;4;0;0;0;0
14/09/2020;18:23:00;70;Acidente com VITIMA;73;BR-153/SP;Sul;Colisão Lateral;1;0;1;0;0;0;0;0;0;0;1;2;0;0;0
15/09/2020;09:07:00;24;Acidente sem VITIMA;35,8;BR-153/SP;Norte;Colisão Traseira;0;0;1;0;0;0;0;0;0;1;4;0;0;0;0
15/09/2020;09:20:00;26;Acidente sem VITIMA;62;BR-153/SP;Sul;Engavetamento;4;0;0;0;0;0;0;0;0;0;4;0;0;0;0
16/09/2020;20:28:00;102;Acidente sem VITIMA;274,8;BR-153/SP;Norte;Saída de Pista;0;0;1;0;0;0;0;0;0;0;1;0;0;0;0
17/09/2020;18:47:00;91;Acidente sem VITIMA;55;BR-153/SP;Norte;Atropelamento de Animal;0;0;0;0;0;0;0;0;0;1;1;0;0;0;0
18/09/2020;14:35:00;58;Acidente com VITIMA;30,4;BR-153/SP;Norte;Tombamento;0;0;1;0;0;0;0;0;0;0;0;1;0;0;0
18/09/2020;20:11:00;93;Acidente com VITIMA;97;BR-153/SP;Norte;Colisão Lateral;2;0;0;0;0;0;0;0;0;0;2;1;0;0;0
19/09/2020;18:49:00;78;Acidente com VITIMA;228,5;BR-153/SP;Sul;Saída de Pista;1;0;0;0;0;0;0;0;0;0;0;1;0;0;0
20/09/2020;00:24:00;3;Acidente sem VITIMA;75,5;BR-153/SP;Norte;Capotamento;1;0;0;0;0;0;0;0;0;0;1;0;0;0;0
20/09/2020;19:09:00;48;Acidente sem VITIMA;61,4;BR-153/SP;Norte;Saída de Pista;0;0;0;0;0;0;0;0;0;1;1;0;0;0;0
20/09/2020;20:12:00;49;Acidente com VITIMA;63;BR-153/SP;Sul;Saída de Pista;0;0;0;1;0;0;0;0;0;0;0;0;1;0;0
21/09/2020;13:35:00;45;Acidente sem VITIMA;58;BR-153/SP;Norte;Colisão Traseira;2;0;0;0;0;0;0;0;0;0;3;0;0;0;0
21/09/2020;13:56:00;48;Acidente sem VITIMA;63;BR-153/SP;Sul;Colisão Traseira;1;0;0;0;0;0;0;0;0;1;3;0;0;0;0
21/09/2020;19:51:00;70;Acidente com VITIMA;79;BR-153/SP;Sul;Colisão Transversal;1;0;0;1;0;0;0;0;0;0;2;1;1;0;0
22/09/2020;05:49:00;5;Acidente com VITIMA;61;BR-153/SP;Norte;Saída de Pista;0;0;1;0;0;0;0;0;0;0;0;1;0;0;0
22/09/2020;06:48:00;7;Acidente sem VITIMA;60,9;BR-153/SP;Sul;Saída de Pista;0;0;0;0;0;0;0;0;0;1;1;0;0;0;0
22/09/2020;18:01:00;67;Acidente sem VITIMA;64,15;BR-153/SP;Norte;Colisão Traseira;2;0;0;0;0;0;0;0;0;0;2;0;0;0;0
23/09/2020;06:27:00;5;Acidente sem VITIMA;174,4;BR-153/SP;Sul;Colisão Transversal;1;0;0;1;0;0;0;0;0;0;2;0;0;0;0
23/09/2020;08:17:00;15;Acidente sem VITIMA;56,7;BR-153/SP;Norte;Saída de Pista;0;0;0;0;0;0;0;0;0;1;1;0;0;0;0
24/09/2020;03:12:00;6;Acidente com VITIMA;112,5;BR-153/SP;Norte;Tombamento;0;0;1;0;0;0;0;0;0;0;0;1;0;0;0
24/09/2020;11:26:00;34;Acidente sem VITIMA;112,5;BR-153/SP;Norte;Colisão Traseira;1;0;0;0;0;0;0;0;0;1;3;0;0;0;0
25/09/2020;14:22:00;60;Acidente sem VITIMA;61,75;BR-153/SP;Sul;Engavetamento;4;0;0;0;0;0;0;0;0;1;8;0;0;0;0
25/09/2020;15:57:00;68;Acidente com VITIMA;79,7;BR-153/SP;Sul;Saída de Pista;1;0;0;0;0;0;0;0;0;0;0;1;0;0;0
25/09/2020;15:58:00;69;Acidente sem VITIMA;59,25;BR-153/SP;Sul;Colisão Traseira;0;0;0;1;0;0;0;0;0;1;3;0;0;0;0
25/09/2020;17:52:00;83;Acidente sem VITIMA;338;BR-153/SP;Sul;Tombamento;0;0;1;0;0;0;0;0;0;0;2;0;0;0;0
26/09/2020;02:11:00;2;Acidente com VITIMA;204,5;BR-153/SP;Sul;Colisão Traseira;0;0;1;0;0;0;0;0;0;1;1;1;0;0;0
26/09/2020;07:59:00;16;Acidente sem VITIMA;61;BR-153/SP;Norte;Colisão Lateral;2;0;0;0;0;0;0;0;0;0;4;0;0;0;0
26/09/2020;10:16:00;32;Acidente sem VITIMA;90,2;BR-153/SP;Sul;Colisão Traseira;0;0;2;0;0;0;0;0;0;0;2;0;0;0;0
26/09/2020;14:38:00;52;Acidente com VITIMA;256;BR-153/SP;Norte;Colisão Transversal;0;0;0;2;0;0;0;0;0;0;0;2;0;0;0
26/09/2020;20:29:00;87;Acidente com VITIMA;58;BR-153/SP;Norte;Capotamento;1;0;0;0;0;0;0;0;0;0;0;1;0;0;0
28/09/2020;11:10:00;35;Acidente sem VITIMA;62;BR-153/SP;Sul;Colisão Traseira;1;0;1;0;0;0;0;0;0;0;2;0;0;0;0
29/09/2020;10:04:00;28;Acidente com VITIMA;274,5;BR-153/SP;Norte;Tombamento;0;0;1;0;0;0;0;0;0;0;0;0;0;1;0
29/09/2020;11:35:00;35;Acidente com VITIMA;70;BR-153/SP;Sul;Tombamento de Moto;0;0;0;1;0;0;0;0;0;0;0;2;0;0;0
29/09/2020;18:35:00;78;Acidente sem VITIMA;64,1;BR-153/SP;Norte;Colisão Traseira;2;0;0;0;0;0;0;0;0;0;2;0;0;0;0
29/09/2020;18:52:00;81;Acidente sem VITIMA;63;BR-153/SP;Norte;Colisão Lateral;1;0;1;0;0;0;0;0;0;0;2;0;0;0;0
30/09/2020;09:08:00;30;Acidente sem VITIMA;61;BR-153/SP;Sul;Colisão Traseira;2;0;0;0;0;0;0;0;0;0;3;0;0;0;0
30/09/2020;09:22:00;31;Acidente sem VITIMA;96;BR-153/SP;Norte;Saída de Pista;1;0;0;0;0;0;0;0;0;0;1;0;0;0;0
30/09/2020;22:11:00;95;Acidente com VITIMA;196,3;BR-153/SP;Norte;Atropelamento de Animal;1;0;0;0;0;0;0;0;0;0;0;3;0;0;0
01/10/2020;20:51:00;74;Acidente sem VITIMA;57;BR-153/SP;Sul;Colisão Transversal;1;0;0;0;0;1;0;0;0;0;3;0;0;0;0
02/10/2020;20:25:00;87;Acidente com VITIMA;73,85;BR-153/SP;Sul;Tombamento de Moto;0;0;0;1;0;0;0;0;0;0;0;1;0;0;0
02/10/2020;23:29:00;95;Acidente com VITIMA;60,8;BR-153/SP;Sul;Colisão Traseira;1;0;0;1;0;0;0;0;0;0;0;1;0;0;0
03/10/2020;06:49:00;10;Acidente com VITIMA;28,5;BR-153/SP;Sul;Tombamento de Moto;0;0;0;1;0;0;0;0;0;0;0;1;0;0;0
03/10/2020;10:59:00;25;Acidente sem VITIMA;63,9;BR-153/SP;Sul;Colisão Traseira;1;0;0;0;0;0;0;0;0;1;3;0;0;0;0
03/10/2020;17:58:00;72;Acidente sem VITIMA;59,4;BR-153/SP;Norte;Saída de Pista;1;0;0;0;0;0;0;0;0;0;1;0;0;0;0
03/10/2020;21:49:00;93;Acidente com VITIMA;58,7;BR-153/SP;Norte;Capotamento;1;0;0;0;0;0;0;0;0;0;0;1;1;1;0
04/10/2020;12:49:00;29;Acidente sem VITIMA;58;BR-153/SP;Norte;Colisão Traseira;1;0;0;0;0;0;0;0;0;1;2;0;0;0;0
05/10/2020;18:49:00;85;Acidente sem VITIMA;171;BR-153/SP;Norte;Colisão Traseira;0;0;1;0;0;0;0;0;0;1;3;0;0;0;0
06/10/2020;12:50:00;41;Acidente sem VITIMA;98,9;BR-153/SP;Sul;Colisão Traseira;1;0;1;0;0;0;0;0;0;0;2;0;0;0;0
07/10/2020;08:33:00;15;Acidente sem VITIMA;61;BR-153/SP;Sul;Colisão Traseira;1;0;0;0;0;0;0;0;0;1;5;0;0;0;0
07/10/2020;09:06:00;20;Acidente sem VITIMA;63;BR-153/SP;Norte;Engavetamento;0;0;0;0;0;1;0;0;0;2;4;0;0;0;0
07/10/2020;12:54:00;37;Acidente com VITIMA;256;BR-153/SP;Norte;Colisão Traseira;1;0;0;1;0;0;0;0;0;0;2;1;0;0;0
07/10/2020;14:17:00;46;Acidente com VITIMA;70;BR-153/SP;Sul;Saída de Pista;1;0;0;0;0;0;0;0;0;0;0;1;0;0;0
09/10/2020;00:12:00;1;Acidente com VITIMA;82,4;BR-153/SP;Sul;Colisão Frontal;1;0;2;0;0;0;0;0;0;0;2;2;0;0;0
09/10/2020;15:23:00;70;Acidente sem VITIMA;61,9;BR-153/SP;Sul;Colisão Lateral;1;0;0;0;0;0;0;0;0;1;4;0;0;0;0
09/10/2020;16:29:00;81;Acidente com VITIMA;62,5;BR-153/SP;Norte;Colisão Traseira;0;0;0;1;0;1;0;0;0;1;1;1;0;0;0
11/10/2020;00:00:00;4;Acidente com VITIMA;66;BR-153/SP;Sul;Capotamento;1;0;0;0;0;0;0;0;0;0;0;0;1;0;0
11/10/2020;18:45:00;62;Acidente sem VITIMA;322;BR-153/SP;Norte;Saída de Pista;0;0;1;0;0;0;0;0;0;0;1;0;0;0;0
12/10/2020;01:55:00;4;Acidente sem VITIMA;48;BR-153/SP;Sul;Atropelamento de Animal;0;0;1;0;0;0;0;0;0;0;1;0;0;0;0
12/10/2020;03:20:00;7;Acidente sem VITIMA;48;BR-153/SP;Sul;Atropelamento de Animal;1;0;0;0;0;0;0;0;0;0;2;0;0;0;0
12/10/2020;17:26:00;77;Acidente com VITIMA;77,65;BR-153/SP;Norte;Tombamento de Moto;0;0;0;1;0;0;0;0;0;0;0;1;0;0;0
12/10/2020;17:34:00;80;Acidente sem VITIMA;50,8;BR-153/SP;Norte;Colisão Transversal;1;0;0;0;0;0;0;0;0;1;4;0;0;0;0
12/10/2020;18:29:00;87;Acidente com VITIMA;83;BR-153/SP;Norte;Tombamento de Moto;0;0;0;1;0;0;0;0;0;0;0;1;0;0;0
13/10/2020;07:01:00;9;Acidente sem VITIMA;33;BR-153/SP;Sul;Colisão Traseira;0;0;0;0;0;0;0;0;0;1;2;0;0;0;0
13/10/2020;08:43:00;18;Acidente sem VITIMA;184;BR-153/SP;Norte;Colisão Traseira;2;0;0;0;0;0;0;0;0;0;2;0;0;0;0
13/10/2020;09:38:00;29;Acidente sem VITIMA;184;BR-153/SP;Norte;Colisão Lateral;1;0;1;0;0;0;0;0;0;0;2;0;0;0;0
13/10/2020;13:44:00;53;Acidente sem VITIMA;184,5;BR-153/SP;Norte;Colisão Traseira;0;0;2;0;0;0;0;0;0;0;3;0;0;0;0
13/10/2020;23:26:00;85;Acidente sem VITIMA;60,3;BR-153/SP;Norte;Saída de Pista;1;0;0;0;0;0;0;0;0;0;1;0;0;0;0
14/10/2020;12:59:00;46;Acidente sem VITIMA;63;BR-153/SP;Sul;Colisão Traseira;2;0;0;0;0;0;0;0;0;0;2;0;0;0;0
14/10/2020;18:46:00;76;Acidente com VITIMA;61;BR-153/SP;Sul;Saída de Pista;1;0;0;0;0;0;0;0;0;0;0;2;0;0;0
14/10/2020;20:22:00;83;Acidente sem VITIMA;23,7;BR-153/SP;Sul;Colisão Transversal;1;0;0;0;0;1;0;0;0;0;1;0;0;0;0
15/10/2020;07:32:00;6;Acidente com VITIMA;174;BR-153/SP;Norte;Tombamento de Moto;0;0;0;1;0;0;0;0;0;0;0;1;0;0;0
15/10/2020;08:02:00;7;Acidente sem VITIMA;170,9;BR-153/SP;Norte;Colisão Lateral;2;0;0;0;0;0;0;0;0;0;2;0;0;0;0
15/10/2020;09:15:00;15;Acidente sem VITIMA;98,9;BR-153/SP;Norte;Choque na Praça - Cabine;0;0;1;0;0;0;0;0;0;0;1;0;0;0;0
15/10/2020;12:05:00;33;Acidente sem VITIMA;22,8;BR-153/SP;Sul;Colisão Traseira;1;0;1;0;0;0;0;0;0;0;4;0;0;0;0
16/10/2020;07:39:00;8;Acidente com VITIMA;144,6;BR-153/SP;Norte;Colisão Lateral;2;0;0;0;0;0;0;0;0;0;2;1;0;0;0
16/10/2020;09:53:00;19;Acidente sem VITIMA;5;BR-153/SP;Norte;Saída de Pista;1;0;0;0;0;0;0;0;0;0;1;0;0;0;0
16/10/2020;11:07:00;30;Acidente sem VITIMA;61,9;BR-153/SP;Sul;Colisão Traseira;1;0;0;0;0;1;0;0;0;0;1;0;0;0;0
16/10/2020;13:03:00;42;Acidente com VITIMA;60;BR-153/SP;Sul;Colisão Lateral;1;0;0;1;0;0;0;0;0;0;1;1;0;0;0
16/10/2020;18:23:00;63;Acidente sem VITIMA;259;BR-153/SP;Sul;Colisão Lateral;0;0;0;2;0;0;0;0;0;0;2;0;0;0;0
16/10/2020;19:21:00;70;Acidente sem VITIMA;182;BR-153/SP;Sul;Colisão Transversal;1;0;1;0;0;0;0;0;0;0;2;0;0;0;0
17/10/2020;10:39:00;15;Acidente com VITIMA;49;BR-153/SP;Norte;Colisão Transversal;2;0;0;0;0;0;0;0;0;0;1;3;0;0;0
17/10/2020;11:09:00;17;Acidente com VITIMA;65,8;BR-153/SP;Norte;Colisão Lateral;1;0;1;0;0;0;0;0;0;0;3;1;0;0;0
18/10/2020;01:23:00;1;Acidente com VITIMA;44,2;BR-153/SP;Norte;Tombamento de Moto;0;0;0;1;0;0;0;0;0;0;0;2;0;0;0
18/10/2020;22:15:00;50;Acidente sem VITIMA;54;BR-153/SP;Sul;Colisão Transversal;1;0;0;0;0;0;0;0;0;0;2;0;0;0;0
19/10/2020;05:11:00;8;Acidente com VITIMA;14,5;BR-153/SP;Sul;Saída de Pista;1;0;0;0;0;0;0;0;0;0;1;1;0;0;0
20/10/2020;07:43:00;10;Acidente com VITIMA;150;BR-153/SP;Norte;Tombamento de Moto;0;0;0;1;0;0;0;0;0;0;0;2;0;0;0
20/10/2020;08:53:00;16;Acidente sem VITIMA;62;BR-153/SP;Sul;Engavetamento;0;0;2;0;0;0;0;0;0;1;3;0;0;0;0
20/10/2020;13:14:00;39;Acidente com VITIMA;312;BR-153/SP;Sul;Capotamento;1;0;0;0;0;0;0;0;0;0;3;0;1;1;0
21/10/2020;07:43:00;14;Acidente com VITIMA;61,5;BR-153/SP;Norte;Engavetamento;2;0;1;0;0;0;0;0;0;1;7;1;0;0;0
21/10/2020;08:26:00;20;Acidente sem VITIMA;63;BR-153/SP;Norte;Engavetamento;4;0;1;1;0;0;0;0;0;3;13;0;0;0;0
21/10/2020;08:42:00;22;Acidente sem VITIMA;61;BR-153/SP;Sul;Colisão Lateral;1;0;1;0;0;0;0;0;0;0;4;0;0;0;0
21/10/2020;12:34:00;42;Acidente sem VITIMA;33;BR-153/SP;Norte;Colisão Transversal;1;0;0;0;0;0;0;0;0;1;4;0;0;0;0
21/10/2020;16:51:00;62;Acidente sem VITIMA;64;BR-153/SP;Norte;Engavetamento;2;0;0;0;0;0;0;0;0;1;4;0;0;0;0
21/10/2020;17:03:00;64;Acidente sem VITIMA;62;BR-153/SP;Sul;Engavetamento;3;0;0;0;0;0;0;0;0;0;4;0;0;0;0
21/10/2020;20:27:00;83;Acidente sem VITIMA;44;BR-153/SP;Sul;Saída de Pista;0;0;0;0;0;0;0;0;0;1;2;0;0;0;0
22/10/2020;01:25:00;5;Acidente sem VITIMA;8,95;BR-153/SP;Sul;Saída de Pista;1;0;0;0;0;0;0;0;0;0;1;0;0;0;0
22/10/2020;19:02:00;73;Acidente sem VITIMA;2;BR-153/SP;Sul;Choque contra Objeto Fixo;1;0;0;0;0;0;0;0;0;0;1;0;0;0;0
22/10/2020;22:38:00;83;Acidente com VITIMA;112,8;BR-153/SP;Norte;Atropelamento de Animal;0;0;0;1;0;0;0;0;0;0;0;0;0;1;0
23/10/2020;11:15:00;42;Acidente com VITIMA;58;BR-153/SP;Norte;Colisão Lateral;0;0;0;1;0;0;0;0;0;1;2;1;0;0;0
23/10/2020;12:26:00;48;Acidente sem VITIMA;185;BR-153/SP;Sul;Saída de Pista;1;0;0;0;0;0;0;0;0;0;1;0;0;0;0
23/10/2020;14:08:00;54;Acidente com VITIMA;342,8;BR-153/SP;Sul;Capotamento;0;0;0;0;0;0;0;0;0;1;0;1;0;0;0
23/10/2020;20:09:00;86;Acidente com VITIMA;158,5;BR-153/SP;Sul;Colisão Traseira;0;0;1;1;0;0;0;0;0;0;2;0;1;0;0
24/10/2020;02:11:00;6;Acidente com VITIMA;79,5;BR-153/SP;Sul;Colisão Frontal;1;0;0;0;0;0;0;0;0;1;1;0;1;0;0
24/10/2020;12:45:00;47;Acidente com VITIMA;269,5;BR-153/SP;Sul;Tombamento de Moto;0;0;0;1;0;0;0;0;0;0;0;1;0;0;0
24/10/2020;21:27:00;86;Acidente sem VITIMA;290,3;BR-153/SP;Sul;Saída de Pista;1;0;0;0;0;0;0;0;0;0;4;0;0;0;0
24/10/2020;23:24:00;88;Acidente sem VITIMA;27,7;BR-153/SP;Norte;Saída de Pista;1;0;0;0;0;0;0;0;0;0;1;0;0;0;0
24/10/2020;23:27:00;89;Acidente com VITIMA;73,2;BR-153/SP;Sul;Colisão Traseira;2;0;0;0;0;0;0;0;0;0;0;1;2;0;0
25/10/2020;19:05:00;44;Acidente sem VITIMA;117,5;BR-153/SP;Norte;Incidente;0;0;1;0;0;0;0;0;0;0;1;0;0;0;0
25/10/2020;20:55:00;49;Acidente com VITIMA;15;BR-153/SP;Sul;Saída de Pista;0;0;1;0;0;0;0;0;0;0;0;1;0;0;0
26/10/2020;07:42:00;19;Acidente sem VITIMA;198,3;BR-153/SP;Norte;Colisão Transversal;1;0;0;0;0;0;0;0;0;1;2;0;0;0;0
26/10/2020;13:02:00;44;Acidente sem VITIMA;35,8;BR-153/SP;Norte;Colisão Traseira;2;0;0;0;0;0;0;0;0;0;3;0;0;0;0
26/10/2020;18:13:00;65;Acidente com VITIMA;62;BR-153/SP;Norte;Colisão Traseira;1;0;0;1;0;0;0;0;0;0;3;1;0;0;0
26/10/2020;18:49:00;69;Acidente com VITIMA;106,1;BR-153/SP;Norte;Colisão Transversal;1;0;1;0;0;0;0;0;0;0;2;1;0;0;0
27/10/2020;06:39:00;7;Acidente com VITIMA;42;BR-153/SP;Sul;Colisão Transversal;1;0;0;1;0;0;0;0;0;0;1;1;0;0;0
28/10/2020;11:33:00;35;Acidente com VITIMA;182,7;BR-153/SP;Sul;Colisão Transversal;2;0;0;0;0;0;0;0;0;0;2;2;0;0;0
28/10/2020;13:46:00;41;Acidente sem VITIMA;55;BR-153/SP;Norte;Colisão Lateral;2;0;0;0;0;0;0;0;0;0;2;0;0;0;0
30/10/2020;13:17:00;46;Acidente sem VITIMA;174,4;BR-153/SP;Norte;Colisão Lateral;0;0;0;1;0;0;0;0;0;1;3;0;0;0;0
30/10/2020;16:31:00;70;Acidente sem VITIMA;62,5;BR-153/SP;Sul;Colisão Traseira;1;0;0;0;0;1;0;0;0;0;5;0;0;0;0
30/10/2020;16:38:00;71;Acidente com VITIMA;57;BR-153/SP;Norte;Saída de Pista;1;0;0;0;0;0;0;0;0;0;0;1;0;0;0
31/10/2020;09:42:00;25;Acidente sem VITIMA;344,9;BR-153/SP;Norte;Capotamento;1;0;0;0;0;0;0;0;0;0;4;0;0;0;0
31/10/2020;23:18:00;65;Acidente sem VITIMA;61;BR-153/SP;Sul;Outros;1;0;0;0;0;0;0;0;0;0;1;0;0;0;0
01/11/2020;19:42:00;52;Acidente sem VITIMA;65;BR-153/SP;Sul;Colisão Traseira;2;0;0;0;0;0;0;0;0;0;2;0;0;0;0
02/11/2020;01:06:00;1;Acidente com VITIMA;55,3;BR-153/SP;Sul;Tombamento de Moto;0;0;0;1;0;0;0;0;0;0;0;0;1;0;0
02/11/2020;17:58:00;51;Acidente com VITIMA;18,9;BR-153/SP;Sul;Tombamento de Moto;0;0;0;1;0;0;0;0;0;0;1;1;0;0;0
02/11/2020;21:46:00;68;Acidente com VITIMA;208,85;BR-153/SP;Sul;Colisão Transversal;1;0;0;0;0;0;0;0;0;1;1;0;1;1;0
03/11/2020;07:06:00;11;Acidente com VITIMA;80;BR-153/SP;Sul;Colisão Traseira;1;0;1;0;0;0;0;0;0;0;3;2;0;0;0
03/11/2020;07:29:00;15;Acidente com VITIMA;227;BR-153/SP;Norte;Tombamento de Moto;0;0;0;1;0;0;0;0;0;0;0;2;0;0;0
04/11/2020;06:23:00;6;Acidente com VITIMA;71,8;BR-153/SP;Norte;Tombamento de Moto;0;0;0;1;0;0;0;0;0;0;1;1;0;0;0
04/11/2020;13:21:00;51;Acidente sem VITIMA;116;BR-153/SP;Sul;Incidente;0;0;1;0;0;0;0;0;0;1;2;0;0;0;0
05/11/2020;06:54:00;7;Acidente com VITIMA;341;BR-153/SP;Norte;Tombamento de Moto;0;0;0;1;0;0;0;0;0;0;0;1;0;0;0
05/11/2020;16:54:00;59;Acidente sem VITIMA;171,6;BR-153/SP;Norte;Colisão Traseira;2;0;0;0;0;0;0;0;0;0;2;0;0;0;0
05/11/2020;17:12:00;60;Acidente sem VITIMA;61;BR-153/SP;Norte;Colisão Traseira;1;0;0;0;0;0;0;0;0;1;2;0;0;0;0
06/11/2020;07:53:00;5;Acidente sem VITIMA;61;BR-153/SP;Sul;Colisão Lateral;0;0;0;1;0;1;0;0;0;0;1;0;0;0;0
07/11/2020;10:17:00;40;Acidente com VITIMA;16,1;BR-153/SP;Sul;Colisão Traseira;1;0;1;0;0;0;0;0;0;0;2;1;0;0;0
07/11/2020;12:25:00;52;Acidente sem VITIMA;63;BR-153/SP;Sul;Engavetamento;4;0;0;0;0;0;0;0;0;0;6;0;0;0;0