data;horario;n_da_ocorrencia;tipo_de_ocorrencia;km;trecho;sentido;tipo_de_acidente;automovel;bicicleta;caminhao;moto;onibus;outros;tracao_animal;transporte_de_cargas_especiais;trator_maquinas;utilitarios;ilesos;levemente_feridos;moderadamente_feridos;gravemente_feridos;mortos
07/11/2020;00:00:00;77;Acidente com VITIMA;75,9;BR-153/SP;Sul;Tombamento de Moto;0;0;0;1;0;0;0;0;0;0;0;1;0;0;0
08/11/2020;08:11:00;6;Acidente sem VITIMA;63;BR-153/SP;Sul;Colisão Lateral;2;0;0;0;0;0;0;0;0;0;2;0;0;0;0
08/11/2020;12:38:00;20;Acidente com VITIMA;63;BR-153/SP;Norte;Tombamento de Moto;0;0;0;1;0;0;0;0;0;0;1;1;0;0;0
08/11/2020;22:25:00;67;Acidente sem VITIMA;57;BR-153/SP;Sul;Saída de Pista;1;0;0;0;0;0;0;0;0;0;3;0;0;0;0
09/11/2020;06:36:00;10;Acidente sem VITIMA;18;BR-153/SP;Sul;Colisão Traseira;2;0;0;0;0;0;0;0;0;0;2;0;0;0;0
09/11/2020;22:08:00;84;Acidente sem VITIMA;155;BR-153/SP;Sul;Colisão Lateral;0;0;2;0;0;0;0;0;0;0;2;0;0;0;0
10/11/2020;09:21:00;15;Acidente sem VITIMA;60;BR-153/SP;Sul;Colisão Traseira;0;0;1;0;0;0;0;0;0;1;1;0;0;0;0
11/11/2020;23:55:00;75;Acidente com VITIMA;258;BR-153/SP;Norte;Tombamento de Moto;0;0;0;1;0;0;0;0;0;0;1;1;0;0;0
12/11/2020;00:05:00;1;Acidente com VITIMA;57;BR-153/SP;Norte;Tombamento;0;0;0;1;0;0;0;0;0;0;0;1;0;0;0
13/11/2020;09:35:00;12;Acidente com VITIMA;61;BR-153/SP;Norte;Colisão Traseira;1;0;0;1;0;0;0;0;0;0;1;1;0;0;0
13/11/2020;12:11:00;27;Acidente sem VITIMA;62,1;BR-153/SP;Sul;Engavetamento;1;0;0;0;0;0;0;0;0;2;5;0;0;0;0
13/11/2020;14:13:00;40;Acidente sem VITIMA;62,6;BR-153/SP;Sul;Engavetamento;0;0;0;0;0;2;0;0;0;1;1;0;0;0;0
13/11/2020;15:04:00;44;Acidente sem VITIMA;62,5;BR-153/SP;Norte;Engavetamento;3;0;0;0;0;0;0;0;0;0;6;0;0;0;0
13/11/2020;18:14:00;62;Acidente sem VITIMA;61,6;BR-153/SP;Norte;Colisão Traseira;1;0;0;1;0;0;0;0;0;0;1;0;0;0;0
14/11/2020;01:38:00;4;Acidente sem VITIMA;93;BR-153/SP;Sul;Saída de Pista;0;0;0;0;0;0;0;0;0;1;1;0;0;0;0
15/11/2020;10:22:00;13;Acidente com VITIMA FATAL;76;BR-153/SP;Norte;Colisão Frontal;1;0;2;0;0;0;0;0;0;1;3;0;0;0;1
15/11/2020;14:05:00;18;Acidente com VITIMA;258;BR-153/SP;Sul;Tombamento de Moto;0;0;0;1;0;0;0;0;0;0;1;1;0;0;0
15/11/2020;15:11:00;22;Acidente com VITIMA;59;BR-153/SP;Norte;Tombamento de Moto;0;0;0;1;0;0;0;0;0;0;1;0;1;0;0
18/11/2020;13:52:00;40;Acidente com VITIMA;206,8;BR-153/SP;Norte;Tombamento;0;0;1;0;0;0;0;0;0;0;0;1;0;0;0
18/11/2020;14:36:00;47;Acidente com VITIMA;62,3;BR-153/SP;Norte;Colisão Traseira;1;0;0;1;0;0;0;0;0;0;1;1;0;0;0
19/11/2020;10:18:00;23;Acidente sem VITIMA;140;BR-153/SP;Sul;Colisão Traseira;2;0;0;0;0;0;0;0;0;0;5;0;0;0;0
19/11/2020;23:13:00;63;Acidente com VITIMA;56;BR-153/SP;Norte;Tombamento de Moto;0;0;0;1;0;0;0;0;0;0;0;1;0;0;0
20/11/2020;15:06:00;43;Acidente sem VITIMA;64;BR-153/SP;Norte;Saída de Pista;1;0;0;0;0;0;0;0;0;0;2;0;0;0;0
20/11/2020;16:56:00;50;Acidente sem VITIMA;178;BR-153/SP;Sul;Colisão Traseira;1;0;1;0;0;0;0;0;0;0;5;0;0;0;0
21/11/2020;02:40:00;3;Acidente sem VITIMA;94,4;BR-153/SP;Norte;Saída de Pista;1;0;0;0;0;0;0;0;0;0;1;0;0;0;0
24/11/2020;00:14:00;1;Acidente sem VITIMA;47,9;BR-153/SP;Sul;Atropelamento de Animal;1;0;0;0;0;0;0;0;0;0;1;0;0;0;0
24/11/2020;00:22:00;2;Acidente sem VITIMA;69,7;BR-153/SP;Sul;Saída de Pista;1;0;0;0;0;0;0;0;0;0;1;0;0;0;0
24/11/2020;02:15:00;3;Acidente com VITIMA;305;BR-153/SP;Norte;Capotamento;1;0;0;0;0;0;0;0;0;0;0;1;0;0;0
25/11/2020;06:07:00;4;Acidente com VITIMA;70;BR-153/SP;Norte;Tombamento de Moto;0;0;0;1;0;0;0;0;0;0;1;1;0;0;0
25/11/2020;07:44:00;10;Acidente sem VITIMA;256;BR-153/SP;Sul;Tombamento de Moto;0;0;0;1;0;0;0;0;0;0;1;0;0;0;0
25/11/2020;10:31:00;24;Acidente com VITIMA;76;BR-153/SP;Norte;Colisão Traseira;1;0;0;1;0;0;0;0;0;0;2;0;1;1;0
25/11/2020;19:51:00;72;Acidente sem VITIMA;25,8;BR-153/SP;Sul;Colisão Traseira;2;0;0;0;0;0;0;0;0;0;3;0;0;0;0
26/11/2020;11:13:00;31;Acidente sem VITIMA;123;BR-153/SP;Norte;Saída de Pista;0;0;1;0;0;0;0;0;0;0;3;0;0;0;0
26/11/2020;13:06:00;43;Acidente sem VITIMA;156;BR-153/SP;Sul;Colisão Transversal;0;0;2;0;0;0;0;0;0;0;1;0;0;0;0
26/11/2020;00:00:00;73;Acidente sem VITIMA;58;BR-153/SP;Norte;Tombamento de Moto;0;0;0;1;0;0;0;0;0;0;1;0;0;0;0
26/11/2020;23:11:00;81;Acidente com VITIMA;119,1;BR-153/SP;Sul;Colisão Transversal;2;0;0;0;0;0;0;0;0;0;1;2;0;0;0
27/11/2020;14:13:00;33;Acidente sem VITIMA;62,6;BR-153/SP;Sul;Engavetamento;3;0;0;0;0;0;0;0;0;0;5;0;0;0;0
27/11/2020;15:04:00;38;Acidente com VITIMA;52;BR-153/SP;Sul;Colisão Transversal;0;0;0;2;0;0;0;0;0;0;0;2;0;0;0
27/11/2020;16:44:00;49;Acidente sem VITIMA;18,6;BR-153/SP;Norte;Colisão Lateral;1;0;0;0;0;1;0;0;0;0;4;0;0;0;0
27/11/2020;18:59:00;58;Acidente com VITIMA;61;BR-153/SP;Sul;Colisão Traseira;1;0;1;0;0;0;0;0;0;0;5;1;0;0;0
28/11/2020;02:17:00;5;Acidente com VITIMA;131,8;BR-153/SP;Sul;Saída de Pista;1;0;0;0;0;0;0;0;0;0;1;1;0;0;0
28/11/2020;09:44:00;19;Acidente sem VITIMA;38;BR-153/SP;Norte;Colisão Lateral;1;0;0;0;0;0;0;0;0;1;4;0;0;0;0
28/11/2020;21:35:00;71;Acidente sem VITIMA;63;BR-153/SP;Sul;Colisão Lateral;1;0;1;0;0;0;0;0;0;0;2;0;0;0;0
28/11/2020;21:54:00;73;Acidente sem VITIMA;161;BR-153/SP;Sul;Colisão Transversal;1;0;0;0;0;0;0;0;0;1;7;0;0;0;0
30/11/2020;19:44:00;68;Acidente sem VITIMA;279;BR-153/SP;Sul;Saída de Pista;1;0;0;0;0;0;0;0;0;0;1;0;0;0;0
01/12/2020;07:59:00;7;Acidente sem VITIMA;61;BR-153/SP;Norte;Colisão Traseira;1;0;0;0;0;1;0;0;0;0;1;0;0;0;0
01/12/2020;11:52:00;26;Acidente sem VITIMA;200;BR-153/SP;Sul;Colisão Lateral;1;0;1;0;0;0;0;0;0;0;2;0;0;0;0
02/12/2020;01:38:00;1;Acidente com VITIMA;63,5;BR-153/SP;Norte;Choque contra Objeto Fixo;1;0;0;0;0;0;0;0;0;0;0;1;0;0;0
02/12/2020;21:55:00;78;Acidente com VITIMA;284,5;BR-153/SP;Norte;Colisão Traseira;0;0;2;0;0;0;0;0;0;0;1;1;0;0;0
03/12/2020;16:42:00;48;Acidente sem VITIMA;52;BR-153/SP;Norte;Colisão Traseira;0;0;1;0;1;0;0;0;0;0;2;0;0;0;0
04/12/2020;10:41:00;28;Acidente com VITIMA;52,85;BR-153/SP;Sul;Tombamento de Moto;0;0;0;1;0;0;0;0;0;0;0;1;0;0;0
04/12/2020;11:50:00;35;Acidente com VITIMA;57;BR-153/SP;Norte;Colisão Traseira;1;0;1;0;0;0;0;0;0;0;1;1;0;0;0
04/12/2020;14:49:00;52;Acidente sem VITIMA;62,5;BR-153/SP;Norte;Colisão Lateral;1;0;0;1;0;0;0;0;0;0;2;0;0;0;0
04/12/2020;15:02:00;53;Acidente com VITIMA;62,2;BR-153/SP;Norte;Engavetamento;3;0;0;1;0;0;0;0;0;0;5;1;0;0;0
04/12/2020;16:09:00;62;Acidente com VITIMA;114,2;BR-153/SP;Norte;Colisão Traseira;1;0;0;0;0;0;0;0;0;1;1;1;0;0;0
04/12/2020;16:14:00;63;Acidente com VITIMA;60;BR-153/SP;Norte;Colisão Traseira;1;0;0;1;0;0;0;0;0;0;1;1;0;0;0
05/12/2020;22:55:00;72;Acidente com VITIMA;113;BR-153/SP;Sul;Saída de Pista;0;0;0;1;0;0;0;0;0;0;0;1;0;0;0
06/12/2020;15:21:00;37;Acidente sem VITIMA;57;BR-153/SP;Norte;Colisão Traseira;1;0;0;0;0;0;0;0;0;1;4;0;0;0;0
07/12/2020;12:33:00;35;Acidente sem VITIMA;74;BR-153/SP;Sul;Saída de Pista;1;0;0;0;0;0;0;0;0;0;2;0;0;0;0
08/12/2020;16:55:00;44;Acidente sem VITIMA;37;BR-153/SP;Sul;Colisão Lateral;1;0;1;0;0;0;0;0;0;0;3;0;0;0;0
08/12/2020;21:35:00;62;Acidente com VITIMA;57;BR-153/SP;Norte;Tombamento de Moto;0;0;0;1;0;0;0;0;0;0;0;2;0;0;0
10/12/2020;06:54:00;9;Acidente com VITIMA;161,5;BR-153/SP;Sul;Tombamento de Moto;0;0;0;1;0;0;0;0;0;0;0;0;1;0;0
10/12/2020;14:34:00;51;Acidente sem VITIMA;53,5;BR-153/SP;Sul;Saída de Pista;1;0;0;0;0;0;0;0;0;0;1;0;0;0;0
10/12/2020;17:30:00;56;Acidente com VITIMA;60;BR-153/SP;Norte;Colisão Traseira;0;0;1;1;0;0;0;0;0;0;1;0;1;0;0
10/12/2020;17:56:00;60;Acidente com VITIMA;26;BR-153/SP;Sul;Tombamento de Moto;0;0;0;1;0;0;0;0;0;0;0;1;0;0;0
10/12/2020;22:13:00;76;Acidente sem VITIMA;70;BR-153/SP;Sul;Colisão Traseira;1;0;1;0;0;0;0;0;0;0;2;0;0;0;0
11/12/2020;08:04:00;18;Acidente sem VITIMA;289;BR-153/SP;Norte;Colisão Lateral;1;0;1;0;0;0;0;0;0;0;3;0;0;0;0
11/12/2020;17:40:00;52;Acidente sem VITIMA;62,3;BR-153/SP;Norte;Engavetamento;2;0;0;0;0;0;0;0;0;2;10;0;0;0;0
12/12/2020;14:24:00;46;Acidente com VITIMA;66,5;BR-153/SP;Norte;Capotamento;1;0;0;0;0;0;0;0;0;0;0;0;1;0;0
12/12/2020;18:09:00;57;Acidente com VITIMA FATAL;26;BR-153/SP;Norte;Colisão Frontal;1;0;1;0;0;0;0;0;0;0;1;0;0;0;1
13/12/2020;23:12:00;56;Acidente com VITIMA FATAL;14;BR-153/SP;Norte;Colisão Frontal;1;0;1;0;0;0;0;0;0;0;1;0;0;1;2
14/12/2020;08:48:00;18;Acidente sem VITIMA;61;BR-153/SP;Sul;Colisão Lateral;0;0;1;0;0;0;0;0;0;1;2;0;0;0;0
16/12/2020;05:51:00;4;Acidente sem VITIMA;23,2;BR-153/SP;Sul;Saída de Pista;0;0;1;0;0;0;0;0;0;0;1;0;0;0;0
17/12/2020;13:43:00;50;Acidente sem VITIMA;227,3;BR-153/SP;Norte;Colisão Traseira;1;0;1;0;0;0;0;0;0;0;2;0;0;0;0
17/12/2020;17:17:00;72;Acidente com VITIMA;62;BR-153/SP;Norte;Colisão Traseira;1;0;0;1;0;0;0;0;0;0;2;1;0;0;0
18/12/2020;05:26:00;7;Acidente sem VITIMA;2;BR-153/SP;Sul;Colisão Lateral;0;0;0;0;0;1;0;0;0;1;5;0;0;0;0
18/12/2020;00:00:00;74;Acidente sem VITIMA;62;BR-153/SP;Sul;Engavetamento;1;0;0;0;0;1;0;0;0;1;2;0;0;0;0
18/12/2020;19:18:00;79;Acidente com VITIMA;110;BR-153/SP;Sul;Colisão Transversal;1;0;0;1;0;0;0;0;0;0;1;1;0;0;0
18/12/2020;20:14:00;85;Acidente sem VITIMA;171;BR-153/SP;Sul;Colisão Traseira;1;0;0;0;0;1;0;0;0;0;3;0;0;0;0
19/12/2020;21:54:00;87;Acidente sem VITIMA;260;BR-153/SP;Sul;Atropelamento de Animal;1;0;0;0;0;0;0;0;0;0;3;0;0;0;0
19/12/2020;23:31:00;90;Acidente sem VITIMA;63;BR-153/SP;Sul;Colisão Lateral;1;0;1;0;0;0;0;0;0;0;5;0;0;0;0
20/12/2020;05:22:00;9;Acidente com VITIMA;289,3;BR-153/SP;Norte;Colisão Transversal;0;0;0;2;0;0;0;0;0;0;1;0;1;0;0
20/12/2020;10:27:00;30;Acidente sem VITIMA;59,4;BR-153/SP;Sul;Colisão Lateral;1;0;1;0;0;0;0;0;0;0;4;0;0;0;0
22/12/2020;10:12:00;37;Acidente sem VITIMA;62,5;BR-153/SP;Sul;Engavetamento;2;0;0;0;0;0;0;0;0;2;6;0;0;0;0
22/12/2020;00:00:00;42;Acidente sem VITIMA;62,9;BR-153/SP;Sul;Colisão Traseira;0;0;0;0;0;0;0;0;0;2;6;0;0;0;0
22/12/2020;11:19:00;45;Acidente com VITIMA;60;BR-153/SP;Sul;Engavetamento;3;0;0;0;0;0;0;0;0;0;4;1;0;0;0
22/12/2020;11:50:00;52;Acidente sem VITIMA;60;BR-153/SP;Sul;Colisão Traseira;1;0;1;0;0;0;0;0;0;0;2;0;0;0;0
23/12/2020;10:48:00;43;Acidente sem VITIMA;62;BR-153/SP;Sul;Engavetamento;1;0;0;0;0;0;0;0;0;2;5;0;0;0;0
23/12/2020;15:40:00;75;Acidente sem VITIMA;62,3;BR-153/SP;Sul;Engavetamento;4;0;0;0;0;0;0;0;0;0;4;0;0;0;0
24/12/2020;17:32:00;68;Acidente com VITIMA;61;BR-153/SP;Norte;Colisão Lateral;1;0;0;1;0;0;0;0;0;0;4;1;0;0;0
24/12/2020;20:05:00;82;Acidente sem VITIMA;44;BR-153/SP;Norte;Colisão Lateral;1;0;0;1;0;0;0;0;0;0;2;0;0;0;0
25/12/2020;03:57:00;3;Acidente com VITIMA;117,5;BR-153/SP;Sul;Colisão Frontal;1;0;0;1;0;0;0;0;0;0;0;2;1;1;0
25/12/2020;10:01:00;12;Acidente com VITIMA;13,4;BR-153/SP;Norte;Tombamento de Moto;0;0;0;1;0;0;0;0;0;0;0;2;0;0;0
25/12/2020;11:58:00;21;Acidente com VITIMA;327;BR-153/SP;Norte;Colisão Transversal;1;0;0;0;0;0;0;0;0;1;1;1;1;0;0
25/12/2020;18:31:00;46;Acidente com VITIMA;195,1;BR-153/SP;Norte;Colisão Transversal;2;0;0;0;0;0;0;0;0;0;6;1;0;0;0
26/12/2020;17:59:00;42;Acidente com VITIMA FATAL;21,06;BR-153/SP;Norte;Capotamento;1;0;0;0;0;0;0;0;0;0;0;1;0;1;1
27/12/2020;05:11:00;4;Acidente com VITIMA;43;BR-153/SP;Norte;Colisão Lateral;0;0;1;0;1;0;0;0;0;0;42;1;0;0;0
27/12/2020;00:00:00;14;Acidente sem VITIMA;20;BR-153/SP;Norte;Saída de Pista;1;0;0;0;0;0;0;0;0;0;1;0;0;0;0
27/12/2020;13:14:00;30;Acidente sem VITIMA;102;BR-153/SP;Norte;Saída de Pista;1;0;0;0;0;0;0;0;0;0;1;0;0;0;0
28/12/2020;07:11:00;9;Acidente com VITIMA;305;BR-153/SP;Norte;Colisão Traseira;0;0;1;0;0;0;0;0;0;1;1;1;0;0;0
28/12/2020;07:50:00;12;Acidente com VITIMA;169,5;BR-153/SP;Sul;Colisão Transversal;2;0;0;0;0;0;0;0;0;0;0;3;1;2;0
28/12/2020;18:19:00;58;Acidente sem VITIMA;62;BR-153/SP;Sul;Colisão Traseira;2;0;0;0;0;0;0;0;0;0;6;0;0;0;0
28/12/2020;00:00:00;63;Acidente sem VITIMA;62,1;BR-153/SP;Sul;Colisão Traseira;2;0;0;0;0;0;0;0;0;0;5;0;0;0;0
28/12/2020;19:58:00;66;Acidente com VITIMA;75,9;BR-153/SP;Sul;Tombamento de Moto;0;0;0;1;0;0;0;0;0;0;0;1;0;0;0
29/12/2020;16:14:00;38;Acidente sem VITIMA;37,95;BR-153/SP;Sul;Colisão Traseira;2;0;0;0;0;0;0;0;0;0;7;0;0;0;0
30/12/2020;05:12:00;3;Acidente com VITIMA;27,7;BR-153/SP;Norte;Saída de Pista;1;0;0;0;0;0;0;0;0;0;0;1;1;0;0
30/12/2020;07:53:00;16;Acidente sem VITIMA;89;BR-153/SP;Norte;Saída de Pista;0;0;1;0;0;0;0;0;0;0;1;0;0;0;0
30/12/2020;15:11:00;49;Acidente sem VITIMA;63,8;BR-153/SP;Sul;Colisão Lateral;1;0;1;0;0;0;0;0;0;0;3;0;0;0;0
30/12/2020;16:28:00;53;Acidente sem VITIMA;22,9;BR-153/SP;Sul;Saída de Pista;0;0;1;0;0;0;0;0;0;0;1;0;0;0;0
01/01/2021;04:35:00;5;Acidente sem VITIMA;1,6;BR-153/SP;Norte;Saída de Pista;1;0;0;0;0;0;0;0;0;0;1;0;0;0;0
01/01/2021;21:46:00;39;Acidente sem VITIMA;268,1;BR-153/SP;Norte;Colisão Lateral;2;0;0;0;0;0;0;0;0;0;8;0;0;0;0
02/01/2021;15:16:00;37;Acidente sem VITIMA;39;BR-153/SP;Norte;Colisão Transversal;1;0;0;0;0;0;0;0;0;1;8;0;0;0;0
02/01/2021;18:30:00;48;Acidente com VITIMA;67,05;BR-153/SP;Sul;Tombamento de Moto;0;0;0;1;0;0;0;0;0;0;0;2;0;0;0
02/01/2021;20:44:00;58;Acidente com VITIMA;75;BR-153/SP;Sul;Tombamento de Moto;0;0;0;1;0;0;0;0;0;0;0;1;0;0;0
02/01/2021;21:29:00;59;Acidente sem VITIMA;88;BR-153/SP;Norte;Colisão Traseira;1;0;0;0;0;0;0;0;0;1;2;0;0;0;0
03/01/2021;14:57:00;26;Acidente com VITIMA;267,5;BR-153/SP;Norte;Saída de Pista;0;0;1;0;0;0;0;0;0;0;0;1;0;0;0
03/01/2021;23:49:00;63;Acidente sem VITIMA;258,95;BR-153/SP;Norte;Atropelamento de Animal;1;0;0;0;0;0;0;0;0;0;5;0;0;0;0
08/01/2021;15:25:00;55;Acidente sem VITIMA;27;BR-153/SP;Sul;Colisão Transversal;0;0;0;0;0;0;0;0;0;2;4;0;0;0;0
09/01/2021;13:36:00;44;Acidente sem VITIMA;35,8;BR-153/SP;Sul;Colisão Traseira;1;0;1;0;0;0;0;0;0;0;3;0;0;0;0
09/01/2021;18:01:00;64;Acidente com VITIMA;274,5;BR-153/SP;Sul;Tombamento de Moto;0;0;0;1;0;0;0;0;0;0;0;1;0;0;0
09/01/2021;23:24:00;78;Acidente sem VITIMA;50,3;BR-153/SP;Norte;Colisão Transversal;0;0;0;1;0;0;0;0;0;1;3;0;0;0;0
10/01/2021;13:07:00;34;Acidente com VITIMA;112,3;BR-153/SP;Norte;Colisão Traseira;2;0;0;0;0;0;0;0;0;0;3;1;0;0;0
10/01/2021;14:14:00;39;Acidente sem VITIMA;282,5;BR-153/SP;Sul;Colisão Lateral;1;0;0;0;0;1;0;0;0;0;2;0;0;0;0
11/01/2021;20:40:00;77;Acidente sem VITIMA;60,3;BR-153/SP;Norte;Saída de Pista;0;0;1;0;0;0;0;0;0;0;3;0;0;0;0
12/01/2021;13:25:00;42;Acidente sem VITIMA;257;BR-153/SP;Norte;Saída de Pista;1;0;0;0;0;0;0;0;0;0;1;0;0;0;0
12/01/2021;19:23:00;63;Acidente com VITIMA;2;BR-153/SP;Norte;Saída de Pista;1;0;0;0;0;0;0;0;0;0;0;1;0;0;0
12/01/2021;19:55:00;64;Acidente sem VITIMA;2,1;BR-153/SP;Norte;Colisão Traseira;2;0;0;0;0;0;0;0;0;0;4;0;0;0;0
13/01/2021;11:14:00;28;Acidente sem VITIMA;15;BR-153/SP;Sul;Saída de Pista;0;0;1;0;0;0;0;0;0;0;1;0;0;0;0
13/01/2021;14:52:00;39;Acidente com VITIMA;104;BR-153/SP;Norte;Colisão Traseira;0;0;2;0;0;0;0;0;0;0;1;1;0;0;0
13/01/2021;15:34:00;45;Acidente com VITIMA;62,6;BR-153/SP;Sul;Colisão Traseira;1;0;1;0;0;0;0;0;0;0;1;1;0;0;0
13/01/2021;17:32:00;55;Acidente sem VITIMA;58;BR-153/SP;Norte;Colisão Transversal;1;0;0;0;0;1;0;0;0;0;2;0;0;0;0
13/01/2021;18:08:00;59;Acidente sem VITIMA;71,5;BR-153/SP;Norte;Choque contra Objeto Fixo;0;0;0;0;0;0;0;0;0;1;2;0;0;0;0
13/01/2021;20:50:00;71;Acidente sem VITIMA;45,9;BR-153/SP;Norte;Saída de Pista;1;0;0;0;0;0;0;0;0;0;1;0;0;0;0
14/01/2021;12:05:00;26;Acidente sem VITIMA;74,4;BR-153/SP;Norte;Saída de Pista;1;0;0;0;0;0;0;0;0;0;4;0;0;0;0
14/01/2021;17:57:00;49;Acidente sem VITIMA;302,1;BR-153/SP;Sul;Colisão Transversal;0;0;0;0;0;0;0;0;0;2;3;0;0;0;0
14/01/2021;19:54:00;58;Acidente sem VITIMA;96,8;BR-153/SP;Sul;Atropelamento de Animal;1;0;0;0;0;0;0;0;0;0;3;0;0;0;0
15/01/2021;21:06:00;60;Acidente com VITIMA;284,85;BR-153/SP;Norte;Tombamento de Moto;0;0;0;1;0;0;0;0;0;0;0;1;0;0;0
17/01/2021;06:38:00;6;Acidente sem VITIMA;58;BR-153/SP;Norte;Colisão Traseira;2;0;0;0;0;0;0;0;0;0;7;0;0;0;0
17/01/2021;10:58:00;18;Acidente sem VITIMA;3,5;BR-153/SP;Norte;Colisão Traseira;0;0;2;0;0;0;0;0;0;0;2;0;0;0;0
18/01/2021;05:10:00;5;Acidente com VITIMA;171,5;BR-153/SP;Sul;Colisão Traseira;1;0;1;0;0;0;0;0;0;0;1;1;0;0;0
18/01/2021;17:27:00;77;Acidente sem VITIMA;61;BR-153/SP;Norte;Colisão Traseira;1;0;0;0;0;1;0;0;0;0;5;0;0;0;0
18/01/2021;17:33:00;79;Acidente com VITIMA;64;BR-153/SP;Norte;Colisão Traseira;0;0;0;1;0;1;0;0;0;0;0;1;0;0;0
19/01/2021;06:20:00;4;Acidente sem VITIMA;82;BR-153/SP;Norte;Colisão Traseira;2;0;0;0;0;0;0;0;0;0;5;0;0;0;0
20/01/2021;17:21:00;54;Acidente sem VITIMA;62,5;BR-153/SP;Sul;Engavetamento;0;0;0;0;0;1;0;0;0;2;3;0;0;0;0
20/01/2021;17:49:00;57;Acidente com VITIMA;57,6;BR-153/SP;Norte;Tombamento de Moto;0;0;0;1;0;0;0;0;0;0;0;1;0;0;0
23/01/2021;05:20:00;7;Acidente com VITIMA;172,3;BR-153/SP;Sul;Atropelamento  de Pedestre;0;0;0;0;0;1;0;0;0;0;0;0;0;1;0
23/01/2021;08:22:00;16;Acidente com VITIMA FATAL;189;BR-153/SP;Sul;Colisão Frontal;0;0;1;1;0;0;0;0;0;0;1;0;0;1;1
23/01/2021;23:59:00;70;Acidente sem VITIMA;72;BR-153/SP;Sul;Saída de Pista;1;0;0;0;0;0;0;0;0;0;1;0;0;0;0
24/01/2021;05:42:00;3;Acidente sem VITIMA;189,5;BR-153/SP;Norte;Colisão Traseira;1;0;0;0;0;1;0;0;0;0;2;0;0;0;0
24/01/2021;09:03:00;16;Acidente sem VITIMA;50,7;BR-153/SP;Sul;Colisão Transversal;1;0;0;0;0;0;0;0;0;1;3;0;0;0;0
24/01/2021;15:23:00;43;Acidente com VITIMA;86;BR-153/SP;Norte;Colisão Traseira;1;0;1;0;0;0;0;0;0;0;1;1;0;0;0
25/01/2021;14:43:00;52;Acidente sem VITIMA;74;BR-153/SP;Norte;Tombamento;0;0;0;0;0;0;0;0;0;1;1;0;0;0;0
25/01/2021;23:36:00;74;Acidente com VITIMA;331;BR-153/SP;Sul;Colisão Traseira;0;0;1;0;1;0;0;0;0;0;18;0;1;0;0
26/01/2021;05:43:00;5;Acidente sem VITIMA;66;BR-153/SP;Sul;Colisão Traseira;1;0;1;0;0;0;0;0;0;0;2;0;0;0;0
27/01/2021;08:13:00;13;Acidente sem VITIMA;59;BR-153/SP;Sul;Colisão Traseira;1;0;0;0;0;0;0;0;0;0;1;0;0;0;0
28/01/2021;09:30:00;17;Acidente sem VITIMA;62,1;BR-153/SP;Sul;Colisão Traseira;2;0;0;0;0;0;0;0;0;0;2;0;0;0;0
28/01/2021;14:04:00;40;Acidente sem VITIMA;104,5;BR-153/SP;Sul;Colisão Traseira;0;0;0;0;0;1;0;0;0;1;1;0;0;0;0
28/01/2021;21:32:00;66;Acidente com VITIMA;54,2;BR-153/SP;Sul;Atropelamento de Animal;1;0;0;0;0;0;0;0;0;0;1;0;1;0;0
28/01/2021;22:15:00;67;Acidente sem VITIMA;54,2;BR-153/SP;Sul;Atropelamento de Animal;1;0;0;0;0;0;0;0;0;0;2;0;0;0;0
29/01/2021;14:46:00;27;Acidente com VITIMA;66,5;BR-153/SP;Norte;Tombamento de Moto;0;0;0;1;0;0;0;0;0;0;0;1;0;0;0
29/01/2021;18:08:00;45;Acidente sem VITIMA;63;BR-153/SP;Norte;Colisão Traseira;2;0;0;0;0;0;0;0;0;0;2;0;0;0;0
29/01/2021;21:14:00;52;Acidente com VITIMA;113;BR-153/SP;Sul;Colisão Transversal;1;0;0;1;0;0;0;0;0;0;2;1;0;0;0
30/01/2021;04:37:00;7;Acidente sem VITIMA;81;BR-153/SP;Sul;Capotamento;1;0;0;0;0;0;0;0;0;0;1;0;0;0;0
30/01/2021;07:23:00;10;Acidente sem VITIMA;3,7;BR-153/SP;Norte;Saída de Pista;1;0;0;0;0;0;0;0;0;0;3;0;0;0;0
30/01/2021;07:37:00;11;Acidente sem VITIMA;314,3;BR-153/SP;Sul;Saída de Pista;0;0;1;0;0;0;0;0;0;0;1;0;0;0;0
30/01/2021;08:16:00;14;Acidente sem VITIMA;18;BR-153/SP;Norte;Colisão Transversal;1;0;1;0;0;0;0;0;0;0;3;0;0;0;0
31/01/2021;17:38:00;61;Acidente sem VITIMA;72,8;BR-153/SP;Sul;Saída de Pista;1;0;0;0;0;0;0;0;0;0;1;0;0;0;0
31/01/2021;23:44:00;80;Acidente sem VITIMA;111;BR-153/SP;Norte;Atropelamento de Animal;0;0;0;0;1;0;0;0;0;0;1;0;0;0;0
01/02/2021;18:00:00;62;Acidente com VITIMA;109;BR-153/SP;Norte;Colisão Transversal;0;0;1;1;0;0;0;0;0;0;1;0;1;0;0
03/02/2021;06:31:00;6;Acidente sem VITIMA;184,6;BR-153/SP;Sul;Colisão Transversal;0;0;1;0;0;0;0;0;0;1;2;0;0;0;0
03/02/2021;09:05:00;21;Acidente sem VITIMA;171;BR-153/SP;Sul;Colisão Traseira;1;0;0;0;0;0;0;0;0;1;6;0;0;0;0
03/02/2021;20:37:00;82;Acidente com VITIMA;70;BR-153/SP;Norte;Colisão Lateral;0;0;1;1;0;0;0;0;0;0;1;1;0;0;0
03/02/2021;20:52:00;83;Acidente sem VITIMA;227,3;BR-153/SP;Sul;Saída de Pista;0;0;0;0;0;1;0;0;0;1;1;0;0;0;0
04/02/2021;10:05:00;33;Acidente com VITIMA;62;BR-153/SP;Sul;Engavetamento;4;0;0;0;0;0;0;0;0;1;7;1;0;0;0
04/02/2021;13:02:00;56;Acidente sem VITIMA;63;BR-153/SP;Sul;Colisão Traseira;2;0;0;0;0;0;0;0;0;0;2;0;0;0;0
04/02/2021;16:26:00;68;Acidente sem VITIMA;106,5;BR-153/SP;Norte;Colisão Traseira;0;0;0;0;0;0;0;0;0;1;1;0;0;0;0
05/02/2021;15:52:00;52;Acidente sem VITIMA;62,2;BR-153/SP;Sul;Colisão Traseira;1;0;0;0;0;0;0;0;0;1;4;0;0;0;0
06/02/2021;02:45:00;5;Acidente com VITIMA;138;BR-153/SP;Sul;Tombamento de Moto;0;0;0;1;0;0;0;0;0;0;0;0;1;0;0