data;horario;n_da_ocorrencia;tipo_de_ocorrencia;km;trecho;sentido;tipo_de_acidente;automovel;bicicleta;caminhao;moto;onibus;outros;tracao_animal;transporte_de_cargas_especiais;trator_maquinas;utilitarios;ilesos;levemente_feridos;moderadamente_feridos;gravemente_feridos;mortos
06/02/2021;09:06:00;24;Acidente com VITIMA;73,3;BR-153/SP;Norte;Colisão Traseira;2;0;0;0;0;0;0;0;0;0;1;2;0;0;0
06/02/2021;10:09:00;28;Acidente com VITIMA;261;BR-153/SP;Norte;Colisão Lateral;1;0;1;0;0;0;0;0;0;0;1;0;1;0;0
07/02/2021;00:57:00;2;Acidente sem VITIMA;45,3;BR-153/SP;Norte;Saída de Pista;0;0;0;0;0;0;0;0;0;1;1;0;0;0;0
07/02/2021;03:50:00;6;Acidente sem VITIMA;2;BR-153/SP;Sul;Choque contra Objeto Fixo;0;0;0;0;0;0;0;0;0;1;2;0;0;0;0
07/02/2021;17:47:00;50;Acidente com VITIMA;54;BR-153/SP;Sul;Saída de Pista;1;0;0;0;0;0;0;0;0;0;0;1;0;0;0
07/02/2021;22:48:00;73;Acidente sem VITIMA;77;BR-153/SP;Norte;Saída de Pista;0;0;0;0;0;0;0;0;0;1;1;0;0;0;0
08/02/2021;03:39:00;5;Acidente sem VITIMA;64;BR-153/SP;Norte;Capotamento;1;0;0;0;0;0;0;0;0;0;1;0;0;0;0
08/02/2021;16:54:00;60;Acidente sem VITIMA;73,25;BR-153/SP;Norte;Tombamento de Moto;0;0;0;1;0;0;0;0;0;0;2;0;0;0;0
09/02/2021;11:47:00;31;Acidente sem VITIMA;59;BR-153/SP;Norte;Saída de Pista;1;0;0;0;0;0;0;0;0;0;1;0;0;0;0
10/02/2021;10:02:00;27;Acidente com VITIMA;62;BR-153/SP;Sul;Engavetamento;0;0;0;0;0;0;0;0;0;3;3;1;0;0;0
10/02/2021;17:04:00;60;Acidente sem VITIMA;23,5;BR-153/SP;Norte;Colisão Traseira;2;0;0;0;0;0;0;0;0;0;2;0;0;0;0
10/02/2021;17:44:00;65;Acidente sem VITIMA;69;BR-153/SP;Sul;Choque contra Objeto Fixo;1;0;0;0;0;0;0;0;0;0;1;0;0;0;0
11/02/2021;11:24:00;21;Acidente com VITIMA;280;BR-153/SP;Sul;Colisão Transversal;2;0;0;0;0;0;0;0;0;0;0;2;2;0;0
12/02/2021;15:43:00;57;Acidente sem VITIMA;62,5;BR-153/SP;Sul;Colisão Traseira;1;0;0;0;0;0;0;0;0;1;2;0;0;0;0
12/02/2021;16:20:00;60;Acidente com VITIMA;59,2;BR-153/SP;Norte;Tombamento de Moto;0;0;0;1;0;0;0;0;0;0;0;0;1;0;0
12/02/2021;18:41:00;67;Acidente sem VITIMA;62,5;BR-153/SP;Sul;Colisão Traseira;0;0;0;0;0;1;0;0;0;1;2;0;0;0;0
13/02/2021;00:27:00;1;Acidente sem VITIMA;85;BR-153/SP;Sul;Colisão Traseira;2;0;0;0;0;0;0;0;0;0;5;0;0;0;0
13/02/2021;06:37:00;8;Acidente sem VITIMA;39;BR-153/SP;Norte;Saída de Pista;1;0;0;0;0;0;0;0;0;0;2;0;0;0;0
13/02/2021;20:29:00;67;Acidente sem VITIMA;62,1;BR-153/SP;Norte;Colisão Traseira;1;0;0;0;0;1;0;0;0;0;1;0;0;0;0
14/02/2021;11:46:00;22;Acidente com VITIMA;63,7;BR-153/SP;Sul;Tombamento de Moto;0;0;0;1;0;0;0;0;0;0;0;0;1;0;0
14/02/2021;18:45:00;48;Acidente sem VITIMA;120;BR-153/SP;Norte;Colisão Traseira;0;0;1;0;1;0;0;0;0;0;2;0;0;0;0
14/02/2021;19:18:00;49;Acidente com VITIMA FATAL;18,3;BR-153/SP;Norte;Colisão Frontal;2;0;0;0;0;0;0;0;0;0;0;0;1;0;1
14/02/2021;20:19:00;52;Acidente sem VITIMA;64;BR-153/SP;Norte;Colisão Frontal;1;0;0;0;0;0;0;0;0;1;6;0;0;0;0
14/02/2021;20:26:00;53;Acidente com VITIMA;42,9;BR-153/SP;Sul;Colisão Lateral;0;0;1;1;0;0;0;0;0;0;1;2;0;0;0
14/02/2021;23:29:00;56;Acidente sem VITIMA;25;BR-153/SP;Norte;Tombamento de Moto;0;0;0;1;0;0;0;0;0;0;1;0;0;0;0
15/02/2021;03:33:00;2;Acidente sem VITIMA;195;BR-153/SP;Norte;Saída de Pista;1;0;0;0;0;0;0;0;0;0;1;0;0;0;0
15/02/2021;04:10:00;3;Acidente sem VITIMA;306;BR-153/SP;Norte;Saída de Pista;0;0;1;0;0;0;0;0;0;0;1;0;0;0;0
16/02/2021;08:35:00;15;Acidente com VITIMA;42,1;BR-153/SP;Sul;Tombamento de Moto;0;0;1;1;0;0;0;0;0;0;0;1;0;0;0
17/02/2021;10:45:00;28;Acidente sem VITIMA;34,2;BR-153/SP;Sul;Tombamento de Moto;0;0;0;1;0;0;0;0;0;0;2;0;0;0;0
19/02/2021;00:00:00;1;Acidente com VITIMA;44;BR-153/SP;Norte;Colisão Traseira;2;0;0;0;0;0;0;0;0;0;0;3;1;1;0
19/02/2021;11:27:00;35;Acidente com VITIMA;73;BR-153/SP;Sul;Tombamento de Moto;0;0;0;1;0;0;0;0;0;0;0;1;0;0;0
20/02/2021;15:54:00;69;Acidente com VITIMA;173,3;BR-153/SP;Norte;Saída de Pista;1;0;0;0;0;0;0;0;0;0;0;1;0;0;0
20/02/2021;21:55:00;89;Acidente sem VITIMA;98,9;BR-153/SP;Sul;Colisão Traseira;1;0;0;0;0;0;0;0;0;0;2;0;0;0;0
21/02/2021;06:34:00;8;Acidente sem VITIMA;61;BR-153/SP;Norte;Saída de Pista;1;0;0;0;0;0;0;0;0;0;1;0;0;0;0
21/02/2021;17:27:00;48;Acidente com VITIMA;1,5;BR-153/SP;Sul;Colisão Traseira;1;0;0;0;0;0;0;0;0;1;4;2;0;0;0
22/02/2021;07:34:00;8;Acidente sem VITIMA;58;BR-153/SP;Sul;Engavetamento;3;0;0;0;0;0;0;0;0;0;3;0;0;0;0
22/02/2021;11:10:00;29;Acidente sem VITIMA;51,6;BR-153/SP;Norte;Colisão Transversal;0;0;0;1;0;0;0;0;0;1;3;0;0;0;0
23/02/2021;05:38:00;3;Acidente com VITIMA;49;BR-153/SP;Sul;Outros;0;0;0;0;1;1;0;0;0;0;0;1;0;0;0
23/02/2021;07:29:00;7;Acidente sem VITIMA;97;BR-153/SP;Norte;Saída de Pista;1;0;0;0;0;0;0;0;0;0;2;0;0;0;0
23/02/2021;09:14:00;14;Acidente com VITIMA;341,9;BR-153/SP;Sul;Tombamento;0;0;1;0;0;0;0;0;0;0;0;0;1;0;0
23/02/2021;09:18:00;15;Acidente sem VITIMA;303;BR-153/SP;Sul;Saída de Pista;0;0;1;0;0;0;0;0;0;0;3;0;0;0;0
23/02/2021;16:47:00;55;Acidente sem VITIMA;64;BR-153/SP;Norte;Colisão Lateral;1;0;1;0;0;0;0;0;0;0;2;0;0;0;0
23/02/2021;17:33:00;60;Acidente sem VITIMA;63;BR-153/SP;Norte;Colisão Lateral;0;0;1;0;0;0;0;0;0;1;4;0;0;0;0
24/02/2021;02:13:00;2;Acidente sem VITIMA;75;BR-153/SP;Norte;Choque contra Objeto Fixo;1;0;0;0;0;0;0;0;0;0;1;0;0;0;0
24/02/2021;15:00:00;53;Acidente sem VITIMA;322,7;BR-153/SP;Norte;Colisão Lateral;1;0;1;0;0;0;0;0;0;0;3;0;0;0;0
24/02/2021;15:54:00;59;Acidente com VITIMA;255;BR-153/SP;Sul;Tombamento de Moto;0;0;0;1;0;0;0;0;0;0;1;1;0;0;0
24/02/2021;18:57:00;79;Acidente sem VITIMA;155;BR-153/SP;Sul;Colisão Lateral;1;0;1;0;0;0;0;0;0;0;3;0;0;0;0
25/02/2021;06:24:00;5;Acidente com VITIMA;87,9;BR-153/SP;Sul;Saída de Pista;0;0;1;0;0;0;0;0;0;0;2;1;0;0;0
25/02/2021;08:29:00;29;Acidente sem VITIMA;255;BR-153/SP;Norte;Colisão Traseira;2;0;0;0;0;0;0;0;0;0;4;0;0;0;0
26/02/2021;05:11:00;4;Acidente sem VITIMA;58;BR-153/SP;Norte;Colisão Lateral;0;0;1;0;1;0;0;0;0;0;2;0;0;0;0
26/02/2021;15:06:00;56;Acidente sem VITIMA;256,4;BR-153/SP;Norte;Tombamento;0;0;1;0;0;0;0;0;0;0;1;0;0;0;0
26/02/2021;17:08:00;65;Acidente sem VITIMA;58,7;BR-153/SP;Norte;Colisão Lateral;1;0;0;1;0;0;0;0;0;0;2;0;0;0;0
27/02/2021;11:24:00;36;Acidente com VITIMA;256,3;BR-153/SP;Sul;Tombamento de Moto;0;0;0;1;0;0;0;0;0;0;0;1;0;0;0
27/02/2021;16:51:00;58;Acidente com VITIMA;61;BR-153/SP;Norte;Saída de Pista;1;0;0;0;0;0;0;0;0;0;0;1;0;0;0
27/02/2021;17:12:00;61;Acidente com VITIMA;18,6;BR-153/SP;Sul;Tombamento de Moto;0;0;1;1;0;0;0;0;0;0;1;1;0;0;0
28/02/2021;12:16:00;45;Acidente com VITIMA;108;BR-153/SP;Norte;Tombamento de Moto;0;0;0;1;0;0;0;0;0;0;0;2;0;0;0
28/02/2021;23:52:00;99;Acidente sem VITIMA;105,8;BR-153/SP;Norte;Atropelamento de Animal;0;0;1;0;0;0;0;0;0;0;1;0;0;0;0
02/03/2021;18:24:00;50;Acidente com VITIMA;61;BR-153/SP;Sul;Tombamento de Moto;0;0;0;1;0;0;0;0;0;0;0;2;0;0;0
03/03/2021;04:50:00;3;Acidente com VITIMA;73,6;BR-153/SP;Sul;Atropelamento de Animal;0;0;0;1;0;0;0;0;0;0;0;1;0;0;0
03/03/2021;06:31:00;6;Acidente sem VITIMA;58;BR-153/SP;Sul;Colisão Traseira;2;0;0;0;0;0;0;0;0;0;3;0;0;0;0
03/03/2021;09:19:00;11;Acidente sem VITIMA;256;BR-153/SP;Norte;Saída de Pista;1;0;0;0;0;0;0;0;0;0;2;0;0;0;0
03/03/2021;13:18:00;35;Acidente com VITIMA;331;BR-153/SP;Norte;Colisão Transversal;1;0;0;0;0;0;0;0;0;1;0;0;1;1;0
04/03/2021;10:38:00;21;Acidente com VITIMA;263;BR-153/SP;Sul;Tombamento de Moto;0;0;0;1;0;0;0;0;0;0;0;1;0;0;0
06/03/2021;06:30:00;4;Acidente sem VITIMA;206;BR-153/SP;Sul;Saída de Pista;1;0;0;0;0;0;0;0;0;0;1;0;0;0;0
09/03/2021;08:06:00;13;Acidente sem VITIMA;61;BR-153/SP;Sul;Colisão Traseira;2;0;0;0;0;0;0;0;0;0;3;0;0;0;0
09/03/2021;16:37:00;50;Acidente com VITIMA;186,5;BR-153/SP;Norte;Choque contra objeto na faixa de rolamento;0;0;0;0;0;0;0;0;0;1;0;2;0;0;0
09/03/2021;17:36:00;55;Acidente com VITIMA;173,2;BR-153/SP;Sul;Tombamento de Moto;0;0;0;1;0;0;0;0;0;0;0;1;0;0;0
09/03/2021;22:03:00;69;Acidente com VITIMA;99;BR-153/SP;Sul;Choque contra objeto na faixa de rolamento;0;0;1;1;0;0;0;0;0;0;0;1;0;0;0
10/03/2021;14:06:00;55;Acidente com VITIMA;72;BR-153/SP;Norte;Tombamento de Moto;0;0;0;1;0;0;0;0;0;0;0;1;0;0;0
10/03/2021;15:09:00;62;Acidente com VITIMA;119;BR-153/SP;Sul;Colisão Frontal;2;0;0;0;0;0;0;0;0;0;0;0;1;1;0
11/03/2021;14:26:00;40;Acidente sem VITIMA;62,15;BR-153/SP;Sul;Colisão Traseira;0;0;1;0;0;0;0;0;0;1;2;0;0;0;0
12/03/2021;07:29:00;8;Acidente sem VITIMA;61;BR-153/SP;Sul;Colisão Traseira;0;0;0;0;1;0;0;0;0;1;23;0;0;0;0
13/03/2021;06:22:00;4;Acidente com VITIMA;110,7;BR-153/SP;Sul;Saída de Pista;0;0;0;0;0;0;0;0;0;1;0;1;0;0;0
13/03/2021;14:27:00;32;Acidente com VITIMA;62;BR-153/SP;Sul;Colisão Lateral;0;0;0;2;0;0;0;0;0;0;0;2;0;0;0
15/03/2021;10:11:00;25;Acidente sem VITIMA;74;BR-153/SP;Norte;Choque contra objeto na faixa de rolamento;1;0;0;0;0;0;0;0;0;0;2;0;0;0;0
15/03/2021;11:57:00;43;Acidente sem VITIMA;23,06;BR-153/SP;Norte;Colisão Traseira;0;0;0;0;0;0;0;0;0;2;4;0;0;0;0
15/03/2021;14:03:00;51;Acidente sem VITIMA;35,8;BR-153/SP;Norte;Colisão Traseira;0;0;0;0;0;0;0;0;0;2;2;0;0;0;0
16/03/2021;07:13:00;10;Acidente sem VITIMA;98,9;BR-153/SP;Sul;Colisão Frontal;0;0;2;0;0;0;0;0;0;0;2;0;0;0;0
16/03/2021;08:03:00;16;Acidente sem VITIMA;62;BR-153/SP;Sul;Colisão Transversal;1;0;1;0;0;0;0;0;0;0;2;0;0;0;0
16/03/2021;19:32:00;92;Acidente sem VITIMA;98,9;BR-153/SP;Sul;Colisão Traseira;1;0;0;0;0;0;0;0;0;1;2;0;0;0;0
16/03/2021;22:06:00;100;Acidente com VITIMA;174,4;BR-153/SP;Sul;Colisão Transversal;1;0;0;1;0;0;0;0;0;0;2;0;0;1;0
17/03/2021;13:54:00;26;Acidente sem VITIMA;289,5;BR-153/SP;Sul;Saída de Pista;0;0;1;0;0;0;0;0;0;0;1;0;0;0;0
19/03/2021;06:47:00;11;Acidente sem VITIMA;279,5;BR-153/SP;Sul;Colisão Lateral;0;0;1;0;0;0;0;0;0;1;3;0;0;0;0
19/03/2021;11:38:00;41;Acidente sem VITIMA;25;BR-153/SP;Norte;Tombamento;0;0;1;0;0;0;0;0;0;0;1;0;0;0;0
19/03/2021;14:25:00;48;Acidente com VITIMA;327;BR-153/SP;Sul;Tombamento de Moto;0;0;0;1;0;0;0;0;0;0;0;0;2;0;0
19/03/2021;19:33:00;66;Acidente com VITIMA;108,5;BR-153/SP;Norte;Engavetamento;2;0;0;0;0;0;0;0;0;1;8;1;0;0;0
20/03/2021;06:36:00;4;Acidente com VITIMA;64;BR-153/SP;Norte;Saída de Pista;1;0;0;0;0;0;0;0;0;0;0;2;0;0;0
21/03/2021;17:21:00;32;Acidente com VITIMA;41,8;BR-153/SP;Sul;Colisão Transversal;2;0;0;0;0;0;0;0;0;0;1;4;0;0;0
21/03/2021;21:40:00;49;Acidente sem VITIMA;52;BR-153/SP;Norte;Saída de Pista;0;0;0;0;0;0;0;0;0;1;1;0;0;0;0
22/03/2021;20:48:00;75;Acidente com VITIMA;75,05;BR-153/SP;Norte;Colisão Traseira;1;0;0;0;0;0;0;0;0;1;2;2;0;0;0
22/03/2021;22:18:00;77;Acidente sem VITIMA;81,5;BR-153/SP;Sul;Atropelamento de Animal;0;0;1;0;0;0;0;0;0;0;1;0;0;0;0
23/03/2021;05:49:00;4;Acidente sem VITIMA;57;BR-153/SP;Sul;Colisão Lateral;1;0;0;0;0;0;0;0;0;0;2;0;0;0;0
23/03/2021;05:55:00;5;Acidente com VITIMA;57;BR-153/SP;Sul;Tombamento de Moto;0;0;0;1;0;0;0;0;0;0;0;1;0;0;0
23/03/2021;05:58:00;6;Acidente sem VITIMA;57;BR-153/SP;Sul;Tombamento de Moto;0;0;0;1;0;0;0;0;0;0;2;0;0;0;0
24/03/2021;18:17:00;71;Acidente sem VITIMA;168;BR-153/SP;Sul;Choque contra objeto na faixa de rolamento;0;0;0;0;0;0;0;0;0;1;1;0;0;0;0
25/03/2021;11:00:00;32;Acidente com VITIMA;206,4;BR-153/SP;Sul;Colisão Traseira;0;0;2;0;0;0;0;0;0;1;1;0;3;0;0
25/03/2021;11:34:00;37;Acidente sem VITIMA;98,9;BR-153/SP;Norte;Colisão Traseira;0;0;1;0;1;0;0;0;0;0;21;0;0;0;0
25/03/2021;14:35:00;51;Acidente sem VITIMA;278;BR-153/SP;Sul;Choque contra Objeto Fixo;0;0;2;0;0;0;0;0;0;0;2;0;0;0;0
25/03/2021;16:26:00;65;Acidente com VITIMA;120;BR-153/SP;Sul;Colisão Transversal;1;0;2;0;0;0;0;0;0;0;2;3;1;0;0
25/03/2021;18:55:00;79;Acidente com VITIMA;60;BR-153/SP;Norte;Tombamento de Moto;0;0;0;1;0;0;0;0;0;0;0;1;0;0;0
26/03/2021;16:57:00;43;Acidente sem VITIMA;74,1;BR-153/SP;Norte;Tombamento;1;0;0;0;0;0;0;0;0;0;1;0;0;0;0
27/03/2021;12:18:00;31;Acidente sem VITIMA;334,5;BR-153/SP;Sul;Tombamento de Moto;0;0;0;1;0;0;0;0;0;0;2;0;0;0;0
27/03/2021;19:38:00;65;Acidente com VITIMA;62;BR-153/SP;Sul;Colisão Traseira;1;0;0;2;0;1;0;0;0;0;5;1;0;0;0
28/03/2021;20:26:00;59;Acidente com VITIMA FATAL;145,8;BR-153/SP;Norte;Colisão Frontal;1;0;1;0;0;0;0;0;0;0;1;0;0;0;1
29/03/2021;10:37:00;21;Acidente sem VITIMA;35,8;BR-153/SP;Sul;Colisão Traseira;2;0;0;0;0;0;0;0;0;0;2;0;0;0;0
29/03/2021;18:01:00;50;Acidente sem VITIMA;25,8;BR-153/SP;Sul;Colisão Traseira;0;0;0;1;0;0;0;0;0;1;2;0;0;0;0
30/03/2021;16:43:00;53;Acidente sem VITIMA;286;BR-153/SP;Sul;Colisão Lateral;0;0;2;0;0;0;0;0;0;0;23;0;0;0;0
30/03/2021;19:34:00;69;Acidente com VITIMA;63,7;BR-153/SP;Norte;Choque contra Objeto Fixo;0;0;0;1;0;0;0;0;0;0;0;0;0;1;0
31/03/2021;19:04:00;55;Acidente sem VITIMA;268,1;BR-153/SP;Sul;Colisão Lateral;1;0;1;0;0;0;0;0;0;0;3;0;0;0;0
31/03/2021;19:32:00;59;Acidente com VITIMA;60,6;BR-153/SP;Sul;Tombamento de Moto;0;0;0;1;0;0;0;0;0;0;0;1;0;0;0
01/04/2021;18:23:00;70;Acidente com VITIMA;152,2;BR-153/SP;Norte;Capotamento;1;0;0;0;0;0;0;0;0;0;0;0;1;0;0
01/04/2021;19:22:00;79;Acidente sem VITIMA;176,55;BR-153/SP;Norte;Tombamento;0;0;1;0;0;0;0;0;0;0;1;0;0;0;0
01/04/2021;22:05:00;88;Acidente com VITIMA;9,5;BR-153/SP;Norte;Colisão Traseira;1;0;0;0;0;0;0;0;0;0;4;1;0;0;0
02/04/2021;01:33:00;3;Acidente com VITIMA;61,5;BR-153/SP;Sul;Choque contra Objeto Fixo;1;0;0;0;0;0;0;0;0;0;0;1;0;0;0
02/04/2021;13:08:00;20;Acidente com VITIMA;204,8;BR-153/SP;Sul;Colisão Traseira;0;0;1;0;0;0;0;0;0;1;1;1;0;0;0
02/04/2021;18:11:00;37;Acidente sem VITIMA;324;BR-153/SP;Norte;Saída de Pista;1;0;0;0;0;0;0;0;0;0;2;0;0;0;0
04/04/2021;17:39:00;55;Acidente com VITIMA;111;BR-153/SP;Norte;Tombamento de Moto;0;0;0;1;0;0;0;0;0;0;0;1;0;0;0
05/04/2021;07:21:00;5;Acidente sem VITIMA;62;BR-153/SP;Sul;Saída de Pista;1;0;0;0;0;1;0;0;0;0;3;0;0;0;0
06/04/2021;17:57:00;62;Acidente sem VITIMA;60,1;BR-153/SP;Sul;Engavetamento;4;0;1;0;0;0;0;0;0;0;5;0;0;0;0
07/04/2021;22:28:00;85;Acidente sem VITIMA;258;BR-153/SP;Sul;Atropelamento de Animal;0;0;1;0;0;0;0;0;0;0;1;0;0;0;0
08/04/2021;13:33:00;37;Acidente com VITIMA;67;BR-153/SP;Sul;Tombamento de Moto;0;0;0;1;0;0;0;0;0;0;0;2;0;0;0
09/04/2021;06:08:00;2;Acidente com VITIMA;119;BR-153/SP;Sul;Colisão Transversal;0;0;2;0;0;0;0;0;0;0;1;2;0;0;0
09/04/2021;08:27:00;16;Acidente sem VITIMA;62;BR-153/SP;Sul;Engavetamento;3;0;0;0;0;0;0;0;0;0;3;0;0;0;0
09/04/2021;08:56:00;20;Acidente sem VITIMA;61;BR-153/SP;Sul;Engavetamento;3;0;0;0;0;0;0;0;0;0;4;0;0;0;0
09/04/2021;14:18:00;42;Acidente sem VITIMA;119;BR-153/SP;Sul;Tombamento de Moto;0;0;0;1;0;0;0;0;0;0;1;0;0;0;0
09/04/2021;19:01:00;69;Acidente com VITIMA;73,2;BR-153/SP;Norte;Capotamento;0;0;0;0;0;0;0;0;0;1;0;0;0;1;0
11/04/2021;00:41:00;3;Acidente com VITIMA;47;BR-153/SP;Sul;Atropelamento de Animal;0;0;0;0;0;0;0;0;0;1;1;3;0;0;0
14/04/2021;10:30:00;24;Acidente sem VITIMA;62;BR-153/SP;Norte;Engavetamento;2;0;0;0;0;0;0;0;0;1;5;0;0;0;0
14/04/2021;13:43:00;41;Acidente sem VITIMA;88;BR-153/SP;Norte;Saída de Pista;1;0;0;0;0;0;0;0;0;0;2;0;0;0;0
14/04/2021;16:46:00;54;Acidente sem VITIMA;60,5;BR-153/SP;Sul;Colisão Traseira;0;0;0;0;0;0;0;0;0;2;4;0;0;0;0
15/04/2021;06:46:00;4;Acidente com VITIMA;273;BR-153/SP;Sul;Tombamento de Moto;0;0;0;1;0;0;0;0;0;0;0;1;0;0;0
15/04/2021;15:46:00;55;Acidente sem VITIMA;2,3;BR-153/SP;Norte;Colisão Transversal;1;0;1;0;0;0;0;0;0;0;5;0;0;0;0
15/04/2021;23:59:00;69;Acidente com VITIMA;324;BR-153/SP;Sul;Tombamento de Moto;0;0;0;1;0;0;0;0;0;0;0;1;0;0;0
16/04/2021;17:17:00;55;Acidente sem VITIMA;93,5;BR-153/SP;Norte;Saída de Pista;1;0;0;0;0;0;0;0;0;0;1;0;0;0;0
16/04/2021;20:59:00;70;Acidente sem VITIMA;43,1;BR-153/SP;Sul;Colisão Lateral;0;0;1;0;0;1;0;0;0;0;1;0;0;0;0
16/04/2021;21:40:00;74;Acidente sem VITIMA;66;BR-153/SP;Norte;Saída de Pista;1;0;0;0;0;0;0;0;0;0;1;0;0;0;0
17/04/2021;19:53:00;49;Acidente sem VITIMA;47,5;BR-153/SP;Norte;Colisão Lateral;2;0;0;0;0;0;0;0;0;1;3;0;0;0;0
18/04/2021;18:42:00;31;Acidente sem VITIMA;51,5;BR-153/SP;Sul;Colisão Lateral;1;0;1;0;0;0;0;0;0;0;2;0;0;0;0
19/04/2021;09:10:00;20;Acidente sem VITIMA;62;BR-153/SP;Sul;Colisão Traseira;2;0;0;0;0;0;0;0;0;0;4;0;0;0;0
19/04/2021;18:04:00;56;Acidente sem VITIMA;44;BR-153/SP;Norte;Tombamento de Moto;0;0;1;1;0;0;0;0;0;0;2;0;0;0;0
20/04/2021;17:09:00;52;Acidente sem VITIMA;58,7;BR-153/SP;Norte;Colisão Lateral;1;0;2;0;0;0;0;0;0;0;5;0;0;0;0
20/04/2021;20:34:00;63;Acidente com VITIMA;326,9;BR-153/SP;Sul;Tombamento de Moto;0;0;0;1;0;0;0;0;0;0;1;1;0;0;0
21/04/2021;13:26:00;32;Acidente sem VITIMA;151;BR-153/SP;Norte;Atropelamento de Animal;0;0;0;1;0;0;0;0;0;0;1;0;0;0;0
22/04/2021;12:32:00;47;Acidente sem VITIMA;37;BR-153/SP;Norte;Colisão Transversal;1;0;0;1;0;0;0;0;0;0;2;0;0;0;0
23/04/2021;15:44:00;57;Acidente sem VITIMA;63;BR-153/SP;Sul;Colisão Transversal;1;0;0;0;0;0;0;0;0;1;3;0;0;0;0
24/04/2021;03:16:00;3;Acidente com VITIMA;61,3;BR-153/SP;Sul;Colisão Traseira;1;0;0;0;0;0;0;0;0;1;2;1;0;0;0
24/04/2021;21:08:00;74;Acidente sem VITIMA;273;BR-153/SP;Norte;Saída de Pista;0;0;1;0;0;0;0;0;0;0;1;0;0;0;0
25/04/2021;02:22:00;6;Acidente com VITIMA FATAL;0;BR-153/SP;Sul;Colisão Frontal;0;0;0;1;0;0;0;0;0;0;0;0;0;0;1
25/04/2021;06:34:00;10;Acidente com VITIMA;1,3;BR-153/SP;Norte;Colisão Traseira;1;0;0;0;0;0;0;0;0;1;0;2;0;0;0
25/04/2021;07:07:00;13;Acidente com VITIMA;191,8;BR-153/SP;Norte;Saída de Pista;1;0;0;0;0;0;0;0;0;0;1;2;0;0;0
25/04/2021;12:04:00;33;Acidente com VITIMA;62;BR-153/SP;Norte;Colisão Lateral;1;0;0;1;0;0;0;0;0;0;2;1;0;0;0
26/04/2021;14:44:00;41;Acidente sem VITIMA;62,5;BR-153/SP;Sul;Colisão Traseira;2;0;0;0;0;0;0;0;0;0;2;0;0;0;0
27/04/2021;18:07:00;51;Acidente sem VITIMA;23,8;BR-153/SP;Sul;Colisão Lateral;1;0;0;0;0;0;0;0;0;1;2;0;0;0;0
27/04/2021;20:37:00;56;Acidente sem VITIMA;99;BR-153/SP;Norte;Tombamento;0;0;1;0;0;0;0;0;0;0;1;0;0;0;0
28/04/2021;07:12:00;5;Acidente sem VITIMA;59,8;BR-153/SP;Sul;Colisão Traseira;1;0;0;1;0;0;0;0;0;0;2;0;0;0;0
29/04/2021;19:22:00;68;Acidente sem VITIMA;61;BR-153/SP;Sul;Colisão Traseira;0;0;0;0;0;0;0;0;0;2;2;0;0;0;0
29/04/2021;20:10:00;70;Acidente com VITIMA;44,6;BR-153/SP;Sul;Colisão Traseira;0;0;1;0;0;0;0;0;0;1;1;0;1;0;0
29/04/2021;23:10:00;76;Acidente sem VITIMA;61;BR-153/SP;Sul;Colisão Lateral;1;0;0;1;0;0;0;0;0;0;3;0;0;0;0
30/04/2021;06:47:00;9;Acidente com VITIMA;206;BR-153/SP;Norte;Saída de Pista;0;0;0;0;0;0;0;0;0;1;0;1;0;0;0
30/04/2021;14:11:00;35;Acidente sem VITIMA;255;BR-153/SP;Norte;Tombamento;0;0;1;0;0;0;0;0;0;0;1;0;0;0;0
30/04/2021;18:19:00;53;Acidente sem VITIMA;256;BR-153/SP;Norte;Colisão Traseira;1;0;0;1;0;0;0;0;0;0;2;0;0;0;0
01/05/2021;19:23:00;50;Acidente com VITIMA;60,95;BR-153/SP;Sul;Colisão Transversal;1;0;0;1;0;0;0;0;0;0;3;1;0;0;0
02/05/2021;02:00:00;3;Acidente com VITIMA;132,2;BR-153/SP;Norte;Saída de Pista;1;0;0;0;0;0;0;0;0;0;0;1;0;0;0
03/05/2021;06:49:00;7;Acidente sem VITIMA;87;BR-153/SP;Norte;Colisão Traseira;2;0;0;0;0;0;0;0;0;0;3;0;0;0;0
03/05/2021;08:02:00;12;Acidente com VITIMA;57;BR-153/SP;Sul;Colisão Lateral;0;0;0;2;0;0;0;0;0;0;1;1;0;0;0
03/05/2021;18:16:00;66;Acidente sem VITIMA;61;BR-153/SP;Sul;Colisão Traseira;1;0;1;0;0;0;0;0;0;0;2;0;0;0;0
04/05/2021;11:28:00;34;Acidente sem VITIMA;5;BR-153/SP;Norte;Colisão Transversal;1;0;1;0;0;0;0;0;0;0;2;0;0;0;0
04/05/2021;14:15:00;47;Acidente com VITIMA;58;BR-153/SP;Sul;Colisão Traseira;1;0;0;1;0;0;0;0;0;0;1;1;0;0;0
04/05/2021;14:18:00;48;Acidente com VITIMA;69;BR-153/SP;Norte;Tombamento de Moto;0;0;0;1;0;0;0;0;0;0;1;1;0;0;0
04/05/2021;15:30:00;56;Acidente sem VITIMA;63;BR-153/SP;Sul;Colisão Traseira;0;0;1;0;0;0;0;0;0;1;2;0;0;0;0
04/05/2021;16:11:00;60;Acidente sem VITIMA;60;BR-153/SP;Sul;Engavetamento;2;0;0;0;0;0;0;0;0;2;11;0;0;0;0
05/05/2021;17:56:00;58;Acidente sem VITIMA;60;BR-153/SP;Sul;Tombamento de Moto;0;0;0;1;0;0;0;0;0;0;1;0;0;0;0
06/05/2021;20:40:00;63;Acidente sem VITIMA;174,4;BR-153/SP;Sul;Colisão Transversal;2;0;0;0;0;0;0;0;0;0;4;0;0;0;0
07/05/2021;07:44:00;10;Acidente sem VITIMA;60;BR-153/SP;Sul;Engavetamento;2;0;0;0;0;0;0;0;0;1;4;0;0;0;0
07/05/2021;08:36:00;14;Acidente com VITIMA;182,2;BR-153/SP;Norte;Colisão Traseira;0;0;0;0;0;0;0;0;0;2;3;1;0;0;0
08/05/2021;14:54:00;42;Acidente sem VITIMA;53;BR-153/SP;Sul;Tombamento de Moto;0;0;0;1;0;0;0;0;0;0;1;0;0;0;0
08/05/2021;15:50:00;45;Acidente sem VITIMA;284;BR-153/SP;Norte;Engavetamento;0;0;2;0;0;0;0;0;0;1;3;0;0;0;0
09/05/2021;06:29:00;4;Acidente com VITIMA;210;BR-153/SP;Norte;Saída de Pista;1;0;0;0;0;0;0;0;0;0;0;1;0;0;0
09/05/2021;16:02:00;31;Acidente com VITIMA;1;BR-153/SP;Sul;Colisão Traseira;1;0;0;1;0;0;0;0;0;0;5;1;0;0;0