data;horario;n_da_ocorrencia;tipo_de_ocorrencia;km;trecho;sentido;tipo_de_acidente;automovel;bicicleta;caminhao;moto;onibus;outros;tracao_animal;transporte_de_cargas_especiais;trator_maquinas;utilitarios;ilesos;levemente_feridos;moderadamente_feridos;gravemente_feridos;mortos
10/05/2021;07:08:00;10;Acidente sem VITIMA;85;BR-153/SP;Norte;Colisão Transversal;1;0;0;0;0;0;0;0;0;1;2;0;0;0;0
10/05/2021;18:46:00;71;Acidente sem VITIMA;62;BR-153/SP;Norte;Colisão Traseira;0;0;1;0;0;0;0;0;0;1;4;0;0;0;0
10/05/2021;22:59:00;79;Acidente sem VITIMA;60,4;BR-153/SP;Sul;Saída de Pista;1;0;0;0;0;0;0;0;0;0;1;0;0;0;0
11/05/2021;08:20:00;14;Acidente com VITIMA;107;BR-153/SP;Norte;Tombamento de Moto;0;0;0;1;0;0;0;0;0;0;0;1;0;0;0
12/05/2021;14:05:00;48;Acidente sem VITIMA;59;BR-153/SP;Sul;Colisão Traseira;1;0;0;0;0;0;0;0;0;0;3;0;0;0;0
13/05/2021;17:45:00;58;Acidente com VITIMA;62;BR-153/SP;Norte;Tombamento de Moto;0;0;0;1;0;0;0;0;0;0;0;1;0;0;0
14/05/2021;13:51:00;35;Acidente com VITIMA;83;BR-153/SP;Norte;Capotamento;1;0;0;0;0;0;0;0;0;0;0;1;1;0;0
14/05/2021;18:39:00;52;Acidente sem VITIMA;74;BR-153/SP;Sul;Colisão Traseira;2;0;0;0;0;0;0;0;0;0;2;0;0;0;0
15/05/2021;08:27:00;11;Acidente com VITIMA;56;BR-153/SP;Norte;Tombamento de Moto;0;0;0;1;0;0;0;0;0;0;0;2;0;0;0
15/05/2021;08:38:00;13;Acidente com VITIMA;58;BR-153/SP;Norte;Tombamento de Moto;0;0;0;1;0;0;0;0;0;0;0;0;1;0;0
15/05/2021;18:04:00;47;Acidente com VITIMA;3,85;BR-153/SP;Norte;Capotamento;1;0;0;0;0;0;0;0;0;0;0;4;0;0;0
16/05/2021;01:43:00;4;Acidente com VITIMA;106,02;BR-153/SP;Norte;Atropelamento de Animal;1;0;0;0;0;0;0;0;0;0;0;1;0;0;0
16/05/2021;17:42:00;40;Acidente sem VITIMA;60,6;BR-153/SP;Norte;Colisão Traseira;2;0;0;0;0;0;0;0;0;0;5;0;0;0;0
16/05/2021;18:14:00;44;Acidente sem VITIMA;313;BR-153/SP;Norte;Saída de Pista;1;0;0;0;0;0;0;0;0;0;2;0;0;0;0
16/05/2021;18:40:00;50;Acidente com VITIMA;115;BR-153/SP;Norte;Colisão Lateral;0;0;1;0;0;0;0;0;0;1;1;1;0;0;0
17/05/2021;12:31:00;42;Acidente com VITIMA;67;BR-153/SP;Norte;Tombamento de Moto;0;0;0;1;0;0;0;0;0;0;0;2;0;0;0
19/05/2021;03:36:00;2;Acidente com VITIMA;73,8;BR-153/SP;Sul;Tombamento de Moto;0;0;0;1;0;0;0;0;0;0;0;2;0;0;0
19/05/2021;08:00:00;10;Acidente com VITIMA;55,97;BR-153/SP;Sul;Tombamento de Moto;0;0;0;1;0;0;0;0;0;0;0;1;0;0;0
19/05/2021;08:03:00;11;Acidente com VITIMA FATAL;307,4;BR-153/SP;Sul;Tombamento;0;0;1;0;0;0;0;0;0;0;0;0;1;0;1
19/05/2021;18:22:00;60;Acidente sem VITIMA;255;BR-153/SP;Norte;Colisão Traseira;2;0;0;0;0;0;0;0;0;0;3;0;0;0;0
21/05/2021;07:30:00;11;Acidente com VITIMA;174;BR-153/SP;Norte;Colisão Transversal;0;0;0;0;0;0;0;0;0;2;1;1;0;0;0
21/05/2021;13:06:00;42;Acidente sem VITIMA;49;BR-153/SP;Norte;Colisão Traseira;2;0;0;0;0;0;0;0;0;0;2;0;0;0;0
21/05/2021;18:53:00;69;Acidente sem VITIMA;44;BR-153/SP;Norte;Colisão Transversal;2;0;0;0;0;0;0;0;0;0;7;0;0;0;0
22/05/2021;07:54:00;9;Acidente sem VITIMA;74,3;BR-153/SP;Norte;Capotamento;1;0;0;0;0;0;0;0;0;0;1;0;0;0;0
22/05/2021;10:18:00;16;Acidente com VITIMA;227,1;BR-153/SP;Sul;Saída de Pista;1;0;0;0;0;0;0;0;0;0;1;1;0;0;0
22/05/2021;13:45:00;29;Acidente sem VITIMA;63,7;BR-153/SP;Norte;Saída de Pista;0;0;0;0;0;0;0;0;0;1;2;0;0;0;0
23/05/2021;08:33:00;7;Acidente com VITIMA;61;BR-153/SP;Sul;Capotamento;1;0;0;0;0;0;0;0;0;0;1;1;0;0;0
23/05/2021;13:12:00;26;Acidente sem VITIMA;57;BR-153/SP;Sul;Colisão Traseira;1;0;0;0;0;0;0;0;0;1;2;0;0;0;0
23/05/2021;17:02:00;37;Acidente com VITIMA;175;BR-153/SP;Sul;Colisão Frontal;1;0;1;0;0;0;0;0;0;0;1;0;0;1;0
23/05/2021;19:35:00;45;Acidente sem VITIMA;225;BR-153/SP;Norte;Saída de Pista;1;0;0;0;0;0;0;0;0;0;1;0;0;0;0
24/05/2021;01:44:00;3;Acidente com VITIMA;54;BR-153/SP;Norte;Atropelamento de Animal;1;0;1;0;0;0;0;0;0;0;1;1;0;0;0
24/05/2021;18:35:00;55;Acidente com VITIMA;59,3;BR-153/SP;Norte;Tombamento de Moto;0;0;0;1;0;0;0;0;0;0;0;1;0;0;0
25/05/2021;09:56:00;17;Acidente sem VITIMA;56;BR-153/SP;Sul;Colisão Traseira;1;0;0;0;0;0;0;0;0;1;3;0;0;0;0
26/05/2021;21:29:00;60;Acidente sem VITIMA;39;BR-153/SP;Norte;Saída de Pista;1;0;0;0;0;0;0;0;0;0;2;0;0;0;0
29/05/2021;04:39:00;10;Acidente sem VITIMA;112;BR-153/SP;Norte;Saída de Pista;1;0;0;0;0;0;0;0;0;0;2;0;0;0;0
30/05/2021;18:29:00;34;Acidente sem VITIMA;60;BR-153/SP;Norte;Saída de Pista;0;0;0;0;0;0;0;0;0;1;1;0;0;0;0
31/05/2021;17:38:00;46;Acidente sem VITIMA;60;BR-153/SP;Norte;Colisão Lateral;0;0;1;0;0;0;0;0;0;1;8;0;0;0;0
01/06/2021;07:17:00;6;Acidente com VITIMA;61;BR-153/SP;Sul;Colisão Lateral;1;0;0;1;0;0;0;0;0;0;1;1;0;0;0
01/06/2021;17:23:00;45;Acidente com VITIMA;210,5;BR-153/SP;Norte;Saída de Pista;0;0;0;0;0;0;0;0;0;2;1;7;0;0;0
02/06/2021;11:00:00;19;Acidente sem VITIMA;59;BR-153/SP;Sul;Colisão Traseira;2;0;0;0;0;0;0;0;0;0;4;0;0;0;0
02/06/2021;12:31:00;22;Acidente sem VITIMA;113;BR-153/SP;Norte;Colisão Lateral;0;0;2;0;0;0;0;0;0;0;2;0;0;0;0
02/06/2021;18:51:00;55;Acidente sem VITIMA;108;BR-153/SP;Norte;Colisão Lateral;2;0;0;0;0;0;0;0;0;0;7;0;0;0;0
04/06/2021;15:19:00;31;Acidente com VITIMA;63;BR-153/SP;Sul;Colisão Lateral;1;0;0;1;0;0;0;0;0;0;1;1;0;0;0
04/06/2021;19:26:00;49;Acidente com VITIMA;60;BR-153/SP;Norte;Colisão Lateral;1;0;0;1;0;0;0;0;0;0;4;1;0;0;0
05/06/2021;06:00:00;6;Acidente com VITIMA;71;BR-153/SP;Norte;Tombamento de Moto;0;0;0;1;0;0;0;0;0;0;0;1;0;0;0
05/06/2021;22:52:00;71;Acidente com VITIMA;263,4;BR-153/SP;Norte;Saída de Pista;1;0;0;0;0;0;0;0;0;0;0;1;0;0;0
07/06/2021;15:06:00;39;Acidente sem VITIMA;16,1;BR-153/SP;Norte;Colisão Traseira;0;0;0;0;0;0;0;0;0;2;3;0;0;0;0
08/06/2021;09:59:00;25;Acidente sem VITIMA;45,48;BR-153/SP;Sul;Saída de Pista;0;0;0;0;0;0;0;0;0;1;4;0;0;0;0
08/06/2021;17:44:00;44;Acidente sem VITIMA;61;BR-153/SP;Norte;Colisão Frontal;1;0;1;0;0;0;0;0;0;0;3;0;0;0;0
09/06/2021;08:35:00;10;Acidente sem VITIMA;99,3;BR-153/SP;Norte;Capotamento;0;0;0;0;0;0;0;0;0;1;3;0;0;0;0
09/06/2021;19:57:00;56;Acidente sem VITIMA;329,1;BR-153/SP;Norte;Saída de Pista;1;0;0;0;0;0;0;0;0;0;1;0;0;0;0
10/06/2021;16:50:00;43;Acidente sem VITIMA;257,7;BR-153/SP;Norte;Saída de Pista;0;0;1;0;0;0;0;0;0;0;1;0;0;0;0
11/06/2021;06:40:00;6;Acidente com VITIMA;192;BR-153/SP;Sul;Colisão Traseira;2;0;0;0;0;0;0;0;0;0;0;2;0;0;0
11/06/2021;10:38:00;21;Acidente sem VITIMA;170;BR-153/SP;Sul;Saída de Pista;0;0;0;0;0;0;0;0;0;1;2;0;0;0;0
11/06/2021;13:03:00;36;Acidente sem VITIMA;63;BR-153/SP;Sul;Colisão Lateral;1;0;0;0;0;0;0;0;0;0;1;0;0;0;0
11/06/2021;19:26:00;56;Acidente sem VITIMA;61,1;BR-153/SP;Norte;Colisão Traseira;2;0;0;0;0;0;0;0;0;0;2;0;0;0;0
12/06/2021;20:34:00;46;Acidente com VITIMA;60;BR-153/SP;Norte;Colisão Traseira;1;0;0;1;0;0;0;0;0;0;2;1;0;0;0
12/06/2021;21:20:00;48;Acidente sem VITIMA;54;BR-153/SP;Norte;Capotamento;1;0;0;0;0;0;0;0;0;0;1;0;0;0;0
13/06/2021;07:50:00;6;Acidente sem VITIMA;47,5;BR-153/SP;Norte;Saída de Pista;0;0;0;0;0;0;0;0;0;1;2;0;0;0;0
13/06/2021;10:55:00;12;Acidente com VITIMA;75,3;BR-153/SP;Norte;Colisão Lateral;1;0;0;0;0;0;0;0;0;1;9;1;0;0;0
13/06/2021;13:43:00;21;Acidente com VITIMA;45;BR-153/SP;Norte;Colisão Transversal;1;0;0;0;0;1;0;0;0;0;0;2;0;0;0
13/06/2021;18:54:00;40;Acidente sem VITIMA;61;BR-153/SP;Sul;Saída de Pista;1;0;0;0;0;0;0;0;0;0;2;0;0;0;0
13/06/2021;21:31:00;46;Acidente com VITIMA FATAL;212,2;BR-153/SP;Norte;Colisão Frontal;1;0;1;0;0;0;0;0;0;0;1;0;0;0;1
14/06/2021;20:14:00;57;Acidente com VITIMA;39,5;BR-153/SP;Norte;Atropelamento de Animal;1;0;0;0;0;0;0;0;0;0;2;1;0;0;0
15/06/2021;12:47:00;31;Acidente com VITIMA;31,7;BR-153/SP;Sul;Colisão Transversal;0;0;1;0;0;0;0;0;0;1;4;1;0;0;0
15/06/2021;15:40:00;45;Acidente sem VITIMA;35,8;BR-153/SP;Norte;Colisão Traseira;1;0;1;0;0;0;0;0;0;0;5;0;0;0;0
15/06/2021;18:05:00;58;Acidente sem VITIMA;65;BR-153/SP;Norte;Engavetamento;3;0;0;0;0;0;0;0;0;0;3;0;0;0;0
16/06/2021;22:12:00;73;Acidente com VITIMA;62,3;BR-153/SP;Sul;Colisão Traseira;0;0;0;1;0;1;0;0;0;1;2;1;0;0;0
17/06/2021;15:45:00;52;Acidente com VITIMA;9,5;BR-153/SP;Norte;Tombamento de Moto;0;0;0;1;0;0;0;0;0;0;1;1;0;0;0
17/06/2021;16:38:00;58;Acidente sem VITIMA;56;BR-153/SP;Norte;Colisão Traseira;1;0;0;0;0;0;0;0;0;0;2;0;0;0;0
18/06/2021;09:43:00;26;Acidente sem VITIMA;64;BR-153/SP;Norte;Engavetamento;3;0;1;0;0;0;0;0;0;1;9;0;0;0;0
18/06/2021;18:12:00;63;Acidente sem VITIMA;331;BR-153/SP;Norte;Saída de Pista;0;0;0;0;0;1;0;0;0;1;4;0;0;0;0
18/06/2021;19:09:00;67;Acidente sem VITIMA;64,5;BR-153/SP;Norte;Colisão Traseira;1;0;1;0;0;0;0;0;0;0;2;0;0;0;0
19/06/2021;23:03:00;57;Acidente sem VITIMA;25,8;BR-153/SP;Sul;Saída de Pista;1;0;0;0;0;0;0;0;0;0;1;0;0;0;0
20/06/2021;09:03:00;18;Acidente sem VITIMA;161,3;BR-153/SP;Sul;Saída de Pista;1;0;0;0;0;0;0;0;0;0;2;0;0;0;0
20/06/2021;14:13:00;36;Acidente sem VITIMA;47,5;BR-153/SP;Sul;Choque contra objeto na faixa de rolamento;1;0;0;0;0;0;0;0;0;1;3;0;0;0;0
20/06/2021;15:42:00;39;Acidente sem VITIMA;2,9;BR-153/SP;Norte;Colisão Transversal;2;0;0;0;0;0;0;0;0;0;3;0;0;0;0
21/06/2021;17:46:00;54;Acidente sem VITIMA;105,8;BR-153/SP;Norte;Tombamento;0;0;1;0;0;0;0;0;0;0;2;0;0;0;0
21/06/2021;23:51:00;68;Acidente sem VITIMA;256,8;BR-153/SP;Norte;Saída de Pista;0;0;0;0;0;0;0;0;0;1;1;0;0;0;0
23/06/2021;07:49:00;14;Acidente sem VITIMA;60;BR-153/SP;Sul;Colisão Lateral;0;0;1;0;0;1;0;0;0;0;1;0;0;0;0
23/06/2021;09:01:00;21;Acidente sem VITIMA;62,5;BR-153/SP;Sul;Colisão Traseira;0;0;0;0;0;0;0;0;0;2;3;0;0;0;0
23/06/2021;09:10:00;23;Acidente com VITIMA;60,7;BR-153/SP;Sul;Colisão Lateral;0;0;0;2;0;0;0;0;0;0;1;2;0;0;0
24/06/2021;08:14:00;14;Acidente com VITIMA;61;BR-153/SP;Sul;Tombamento de Moto;0;0;0;1;0;0;0;0;0;0;0;0;1;0;0
24/06/2021;12:44:00;44;Acidente sem VITIMA;64;BR-153/SP;Norte;Colisão Lateral;1;0;0;0;0;1;0;0;0;0;2;0;0;0;0
24/06/2021;17:49:00;67;Acidente sem VITIMA;52,75;BR-153/SP;Norte;Tombamento de Moto;0;0;0;1;0;0;0;0;0;0;2;0;0;0;0
24/06/2021;18:05:00;70;Acidente sem VITIMA;52,75;BR-153/SP;Norte;Tombamento de Moto;0;0;0;1;0;0;0;0;0;0;1;0;0;0;0
24/06/2021;18:40:00;71;Acidente sem VITIMA;60,6;BR-153/SP;Sul;Colisão Lateral;2;0;0;0;0;0;0;0;0;0;2;0;0;0;0
24/06/2021;18:47:00;73;Acidente sem VITIMA;65;BR-153/SP;Norte;Colisão Transversal;1;0;1;0;0;0;0;0;0;0;4;0;0;0;0
24/06/2021;19:06:00;75;Acidente sem VITIMA;284;BR-153/SP;Sul;Saída de Pista;0;0;0;0;0;0;0;0;0;1;2;0;0;0;0
26/06/2021;10:07:00;23;Acidente sem VITIMA;62,8;BR-153/SP;Sul;Colisão Lateral;1;0;0;1;0;0;0;0;0;0;2;0;0;0;0
26/06/2021;11:36:00;31;Acidente sem VITIMA;62;BR-153/SP;Sul;Colisão Lateral;1;0;1;0;0;0;0;0;0;0;2;0;0;0;0
28/06/2021;07:21:00;9;Acidente com VITIMA;49;BR-153/SP;Norte;Colisão Frontal;0;0;1;1;0;0;0;0;0;0;1;1;0;0;0
28/06/2021;19:13:00;63;Acidente sem VITIMA;58;BR-153/SP;Sul;Colisão Traseira;1;0;0;0;0;0;0;0;0;1;3;0;0;0;0
29/06/2021;10:48:00;22;Acidente sem VITIMA;61,9;BR-153/SP;Sul;Colisão Lateral;1;0;1;0;0;0;0;0;0;0;2;0;0;0;0
29/06/2021;11:32:00;26;Acidente sem VITIMA;60;BR-153/SP;Sul;Colisão Traseira;1;0;0;0;0;0;0;0;0;0;1;0;0;0;0
29/06/2021;13:06:00;34;Acidente sem VITIMA;72;BR-153/SP;Norte;Saída de Pista;0;0;0;0;0;0;0;0;0;1;2;0;0;0;0
29/06/2021;15:05:00;42;Acidente sem VITIMA;61;BR-153/SP;Sul;Colisão Lateral;1;0;1;0;0;0;0;0;0;0;3;0;0;0;0
29/06/2021;16:55:00;51;Acidente sem VITIMA;64;BR-153/SP;Sul;Colisão Traseira;0;0;0;0;0;1;0;0;0;1;4;0;0;0;0
01/07/2021;07:20:00;10;Acidente com VITIMA;62,3;BR-153/SP;Sul;Tombamento de Moto;0;0;0;1;0;0;0;0;0;0;0;1;0;0;0
03/07/2021;01:59:00;3;Acidente com VITIMA;57,2;BR-153/SP;Norte;Saída de Pista;0;0;0;0;0;0;0;0;0;1;0;1;0;0;0
03/07/2021;06:30:00;5;Acidente com VITIMA;61,2;BR-153/SP;Sul;Tombamento de Moto;0;0;0;1;0;0;0;0;0;0;0;0;1;0;0
03/07/2021;23:08:00;49;Acidente com VITIMA;57;BR-153/SP;Sul;Tombamento de Moto;0;0;0;1;0;0;0;0;0;0;0;0;1;0;0
04/07/2021;01:41:00;2;Acidente com VITIMA;44,1;BR-153/SP;Norte;Colisão Traseira;0;0;1;1;0;0;0;0;0;0;0;0;1;0;0
05/07/2021;12:14:00;41;Acidente sem VITIMA;80;BR-153/SP;Sul;Colisão Traseira;1;0;0;0;0;0;0;0;0;1;2;0;0;0;0
05/07/2021;17:13:00;59;Acidente sem VITIMA;64;BR-153/SP;Norte;Colisão Lateral;1;0;0;1;0;1;0;0;0;0;6;0;0;0;0
06/07/2021;14:13:00;48;Acidente sem VITIMA;88;BR-153/SP;Sul;Choque contra objeto na faixa de rolamento;0;0;0;0;0;1;0;0;0;1;3;0;0;0;0
07/07/2021;19:52:00;72;Acidente sem VITIMA;64,2;BR-153/SP;Norte;Colisão Lateral;1;0;0;0;0;0;0;0;0;0;2;0;0;0;0
08/07/2021;09:34:00;16;Acidente com VITIMA;57;BR-153/SP;Sul;Tombamento de Moto;0;0;0;1;0;0;0;0;0;0;0;1;0;0;0
08/07/2021;12:15:00;28;Acidente com VITIMA;73,05;BR-153/SP;Sul;Saída de Pista;1;0;0;0;0;0;0;0;0;0;0;1;0;0;0
08/07/2021;23:02:00;62;Acidente com VITIMA;57;BR-153/SP;Sul;Colisão Traseira;0;0;0;1;0;1;0;0;0;0;0;0;1;0;0
09/07/2021;14:43:00;24;Acidente sem VITIMA;98,9;BR-153/SP;Sul;Colisão Traseira;1;0;0;0;0;0;0;0;0;1;4;0;0;0;0
10/07/2021;14:41:00;51;Acidente sem VITIMA;61;BR-153/SP;Sul;Colisão Traseira;1;0;1;0;0;0;0;0;0;0;5;0;0;0;0
10/07/2021;18:47:00;72;Acidente com VITIMA;61;BR-153/SP;Sul;Engavetamento;3;0;0;0;0;0;0;0;0;2;9;1;0;0;0
11/07/2021;09:03:00;14;Acidente com VITIMA;61;BR-153/SP;Sul;Tombamento de Moto;0;0;0;1;0;0;0;0;0;0;0;1;0;0;0
11/07/2021;18:49:00;56;Acidente com VITIMA;147;BR-153/SP;Norte;Colisão Lateral;0;0;1;0;0;0;0;0;0;1;1;0;0;2;0
12/07/2021;15:10:00;55;Acidente sem VITIMA;174,2;BR-153/SP;Norte;Colisão Transversal;0;0;0;2;0;0;0;0;0;0;2;0;0;0;0
12/07/2021;15:43:00;58;Acidente sem VITIMA;80;BR-153/SP;Norte;Colisão Traseira;0;0;0;0;0;1;0;0;0;1;2;0;0;0;0
13/07/2021;12:43:00;52;Acidente sem VITIMA;166,7;BR-153/SP;Sul;Saída de Pista;1;0;0;0;0;0;0;0;0;0;1;0;0;0;0
13/07/2021;17:28:00;74;Acidente sem VITIMA;194;BR-153/SP;Sul;Tombamento de Moto;0;0;0;1;0;0;0;0;0;0;1;0;0;0;0
13/07/2021;18:23:00;78;Acidente sem VITIMA;60;BR-153/SP;Sul;Colisão Traseira;1;0;0;0;0;1;0;0;0;0;3;0;0;0;0
13/07/2021;18:41:00;80;Acidente sem VITIMA;60,2;BR-153/SP;Sul;Colisão Traseira;1;0;1;0;0;0;0;0;0;0;4;0;0;0;0
14/07/2021;08:04:00;15;Acidente com VITIMA;60;BR-153/SP;Sul;Tombamento de Moto;0;0;0;1;0;0;0;0;0;0;0;1;0;0;0
14/07/2021;18:35:00;68;Acidente sem VITIMA;61;BR-153/SP;Sul;Colisão Lateral;1;0;1;0;0;0;0;0;0;0;3;0;0;0;0
15/07/2021;17:40:00;57;Acidente sem VITIMA;178,05;BR-153/SP;Norte;Colisão Traseira;0;0;1;0;0;0;0;0;0;1;2;0;0;0;0
16/07/2021;06:54:00;3;Acidente com VITIMA;57;BR-153/SP;Sul;Tombamento de Moto;0;0;0;1;0;0;0;0;0;0;0;1;0;0;0
17/07/2021;19:15:00;62;Acidente com VITIMA;110;BR-153/SP;Norte;Saída de Pista;1;0;0;0;0;0;0;0;0;0;0;1;0;0;0
18/07/2021;05:15:00;6;Acidente com VITIMA;27;BR-153/SP;Sul;Choque contra Objeto Fixo;1;0;0;0;0;0;0;0;0;0;0;0;1;0;0
18/07/2021;05:24:00;7;Acidente com VITIMA FATAL;94,7;BR-153/SP;Norte;Colisão Frontal;0;0;0;0;0;0;0;0;0;2;0;0;0;1;2
18/07/2021;08:45:00;15;Acidente com VITIMA;332;BR-153/SP;Sul;Colisão Frontal;0;0;2;0;0;0;0;0;0;0;0;0;1;1;0
18/07/2021;10:04:00;19;Acidente sem VITIMA;18,5;BR-153/SP;Norte;Saída de Pista;1;0;0;0;0;0;0;0;0;0;2;0;0;0;0
18/07/2021;11:48:00;26;Acidente sem VITIMA;62;BR-153/SP;Sul;Colisão Lateral;1;0;1;0;0;0;0;0;0;0;4;0;0;0;0
18/07/2021;20:27:00;65;Acidente com VITIMA;61,7;BR-153/SP;Sul;Tombamento de Moto;0;0;0;1;0;0;0;0;0;0;0;1;0;0;0
19/07/2021;07:28:00;11;Acidente sem VITIMA;64;BR-153/SP;Norte;Engavetamento;2;0;0;0;0;0;0;0;0;1;4;0;0;0;0
19/07/2021;21:33:00;68;Acidente sem VITIMA;14,4;BR-153/SP;Norte;Saída de Pista;0;0;1;0;0;0;0;0;0;0;1;0;0;0;0
20/07/2021;14:13:00;51;Acidente sem VITIMA;178;BR-153/SP;Norte;Colisão Traseira;0;0;1;0;0;0;0;0;0;1;5;0;0;0;0
20/07/2021;14:17:00;52;Acidente com VITIMA;146,3;BR-153/SP;Sul;Tombamento de Moto;0;0;0;1;0;0;0;0;0;0;0;1;0;0;0
21/07/2021;11:44:00;40;Acidente sem VITIMA;152;BR-153/SP;Sul;Engavetamento;0;0;2;0;0;0;0;0;0;1;5;0;0;0;0
22/07/2021;12:20:00;47;Acidente sem VITIMA;64;BR-153/SP;Norte;Colisão Traseira;1;0;1;0;0;0;0;0;0;0;2;0;0;0;0
22/07/2021;12:48:00;52;Acidente sem VITIMA;65,5;BR-153/SP;Norte;Colisão Traseira;1;0;0;0;0;0;0;0;0;0;1;0;0;0;0
22/07/2021;23:35:00;104;Acidente sem VITIMA;61;BR-153/SP;Sul;Colisão Traseira;2;0;0;0;0;0;0;0;0;0;9;0;0;0;0
23/07/2021;00:14:00;1;Acidente sem VITIMA;64;BR-153/SP;Norte;Colisão Traseira;0;0;0;0;0;1;0;0;0;1;1;0;0;0;0
23/07/2021;09:06:00;19;Acidente sem VITIMA;63;BR-153/SP;Sul;Engavetamento;2;0;0;0;0;1;0;0;0;1;6;0;0;0;0
24/07/2021;20:43:00;59;Acidente com VITIMA;17;BR-153/SP;Sul;Colisão Traseira;1;0;0;0;0;1;0;0;0;0;0;1;0;0;0
24/07/2021;23:17:00;66;Acidente com VITIMA;63;BR-153/SP;Sul;Tombamento de Moto;0;0;0;1;0;0;0;0;0;0;0;1;0;0;0
25/07/2021;09:20:00;13;Acidente com VITIMA;195,1;BR-153/SP;Sul;Saída de Pista;1;0;0;0;0;0;0;0;0;0;0;1;0;0;0
25/07/2021;14:09:00;26;Acidente com VITIMA;328,6;BR-153/SP;Sul;Saída de Pista;1;0;0;0;0;0;0;0;0;0;1;2;0;0;0
25/07/2021;21:25:00;57;Acidente sem VITIMA;83;BR-153/SP;Sul;Tombamento;1;0;0;0;0;0;0;0;0;0;5;0;0;0;0
26/07/2021;07:29:00;12;Acidente sem VITIMA;64;BR-153/SP;Norte;Colisão Lateral;1;0;1;0;0;0;0;0;0;0;2;0;0;0;0
26/07/2021;23:02:00;78;Acidente sem VITIMA;178,35;BR-153/SP;Sul;Saída de Pista;1;0;0;0;0;0;0;0;0;0;4;0;0;0;0
27/07/2021;10:30:00;32;Acidente sem VITIMA;64;BR-153/SP;Sul;Colisão Traseira;2;0;0;0;0;0;0;0;0;0;4;0;0;0;0
28/07/2021;08:18:00;16;Acidente sem VITIMA;75;BR-153/SP;Norte;Colisão Lateral;0;0;1;0;0;0;0;0;0;1;2;0;0;0;0
28/07/2021;16:13:00;56;Acidente com VITIMA;53;BR-153/SP;Sul;Tombamento de Moto;0;0;0;1;0;0;0;0;0;0;0;1;0;0;0
29/07/2021;10:19:00;24;Acidente sem VITIMA;214,2;BR-153/SP;Sul;Colisão Traseira;0;0;2;0;0;0;0;0;0;0;4;0;0;0;0
29/07/2021;10:30:00;25;Acidente com VITIMA;63;BR-153/SP;Norte;Tombamento de Moto;0;0;0;1;0;0;0;0;0;0;0;1;0;0;0
29/07/2021;19:10:00;66;Acidente com VITIMA;343,2;BR-153/SP;Norte;Atropelamento de Animal;2;0;0;0;0;0;0;0;0;0;1;4;0;0;0
29/07/2021;21:20:00;71;Acidente sem VITIMA;63,95;BR-153/SP;Norte;Saída de Pista;0;0;0;0;0;0;0;0;0;1;1;0;0;0;0
30/07/2021;03:46:00;4;Acidente sem VITIMA;137,2;BR-153/SP;Norte;Tombamento;0;0;1;0;0;0;0;0;0;0;1;0;0;0;0
30/07/2021;14:30:00;54;Acidente sem VITIMA;61;BR-153/SP;Sul;Colisão Traseira;0;0;0;0;0;0;0;0;0;2;2;0;0;0;0
30/07/2021;17:17:00;69;Acidente com VITIMA;172;BR-153/SP;Sul;Colisão Lateral;1;0;1;0;0;0;0;0;0;0;1;1;0;0;0
31/07/2021;09:14:00;25;Acidente com VITIMA;96;BR-153/SP;Norte;Tombamento de Moto;0;0;0;1;0;0;0;0;0;0;0;2;0;0;0
31/07/2021;12:26:00;39;Acidente com VITIMA;54,5;BR-153/SP;Sul;Tombamento de Moto;0;0;0;1;0;0;0;0;0;0;0;2;0;0;0
31/07/2021;20:43:00;71;Acidente com VITIMA;56;BR-153/SP;Norte;Choque contra Objeto Fixo;0;0;0;1;0;0;0;0;0;0;0;0;1;0;0
31/07/2021;21:56:00;73;Acidente sem VITIMA;64;BR-153/SP;Norte;Colisão Traseira;1;0;1;0;0;0;0;0;0;0;2;0;0;0;0
01/08/2021;00:17:00;1;Acidente sem VITIMA;99,1;BR-153/SP;Norte;Saída de Pista;1;0;0;0;0;0;0;0;0;0;1;0;0;0;0
01/08/2021;19:27:00;49;Acidente com VITIMA;57;BR-153/SP;Sul;Choque contra Objeto Fixo;0;0;0;1;0;0;0;0;0;0;0;0;1;1;0
02/08/2021;07:31:00;6;Acidente com VITIMA;64,4;BR-153/SP;Norte;Tombamento de Moto;0;0;0;1;0;0;0;0;0;0;0;1;0;0;0
02/08/2021;08:31:00;11;Acidente sem VITIMA;64;BR-153/SP;Norte;Colisão Lateral;1;0;1;0;0;0;0;0;0;0;2;0;0;0;0
02/08/2021;13:44:00;43;Acidente com VITIMA;229;BR-153/SP;Norte;Tombamento de Moto;0;0;0;1;0;0;0;0;0;0;0;2;0;0;0
02/08/2021;18:38:00;73;Acidente sem VITIMA;178,35;BR-153/SP;Sul;Atropelamento de Animal;1;0;0;0;0;0;0;0;0;0;1;0;0;0;0
04/08/2021;08:09:00;11;Acidente sem VITIMA;64;BR-153/SP;Norte;Colisão Lateral;1;0;1;0;0;0;0;0;0;0;2;0;0;0;0
04/08/2021;11:31:00;31;Acidente com VITIMA;111,4;BR-153/SP;Norte;Engavetamento;2;0;0;0;0;0;0;0;0;1;5;3;0;0;0
04/08/2021;13:25:00;37;Acidente com VITIMA;62,8;BR-153/SP;Norte;Colisão Traseira;2;0;0;0;0;0;0;0;0;0;1;2;0;0;0
04/08/2021;18:27:00;60;Acidente sem VITIMA;63;BR-153/SP;Norte;Colisão Traseira;1;0;0;0;0;0;0;0;0;1;3;0;0;0;0
04/08/2021;19:18:00;64;Acidente sem VITIMA;63;BR-153/SP;Norte;Engavetamento;2;0;0;0;0;0;0;0;0;1;5;0;0;0;0
05/08/2021;20:34:00;88;Acidente sem VITIMA;64;BR-153/SP;Norte;Colisão Lateral;0;0;0;0;0;0;0;0;0;1;1;0;0;0;0
05/08/2021;22:22:00;90;Acidente sem VITIMA;56,8;BR-153/SP;Norte;Colisão Traseira;0;0;0;1;0;0;0;0;0;0;1;0;0;0;0
06/08/2021;21:01:00;78;Acidente sem VITIMA;99;BR-153/SP;Norte;Saída de Pista;1;0;0;0;0;0;0;0;0;0;1;0;0;0;0
07/08/2021;07:14:00;6;Acidente sem VITIMA;35,05;BR-153/SP;Norte;Tombamento;0;0;1;0;0;0;0;0;0;0;1;0;0;0;0
07/08/2021;08:15:00;13;Acidente sem VITIMA;72,9;BR-153/SP;Sul;Engavetamento;1;0;1;0;0;1;0;0;0;0;3;0;0;0;0