data;horario;n_da_ocorrencia;tipo_de_ocorrencia;km;trecho;sentido;tipo_de_acidente;automovel;bicicleta;caminhao;moto;onibus;outros;tracao_animal;transporte_de_cargas_especiais;trator_maquinas;utilitarios;ilesos;levemente_feridos;moderadamente_feridos;gravemente_feridos;mortos
07/08/2021;10:35:00;24;Acidente com VITIMA;62;BR-153/SP;Sul;Colisão Traseira;1;0;0;0;0;0;0;0;0;1;2;1;0;0;0
07/08/2021;17:33:00;46;Acidente sem VITIMA;63,9;BR-153/SP;Norte;Colisão Traseira;1;0;1;0;0;0;0;0;0;0;3;0;0;0;0
07/08/2021;17:45:00;48;Acidente sem VITIMA;73;BR-153/SP;Norte;Saída de Pista;1;0;0;0;0;0;0;0;0;0;1;0;0;0;0
07/08/2021;21:06:00;56;Acidente sem VITIMA;207,4;BR-153/SP;Norte;Colisão Traseira;2;0;0;0;0;0;0;0;0;0;5;0;0;0;0
07/08/2021;21:44:00;58;Acidente sem VITIMA;42,9;BR-153/SP;Norte;Atropelamento de Animal;1;0;0;0;0;0;0;0;0;0;2;0;0;0;0
08/08/2021;02:51:00;4;Acidente sem VITIMA;61;BR-153/SP;Sul;Saída de Pista;0;0;0;0;0;0;0;0;0;1;2;0;0;0;0
08/08/2021;14:32:00;32;Acidente sem VITIMA;58;BR-153/SP;Norte;Colisão Traseira;1;0;0;0;0;0;0;0;0;1;2;0;0;0;0
08/08/2021;19:13:00;58;Acidente sem VITIMA;42;BR-153/SP;Sul;Atropelamento de Animal;1;0;0;0;0;0;0;0;0;0;3;0;0;0;0
08/08/2021;19:46:00;63;Acidente sem VITIMA;124,5;BR-153/SP;Norte;Atropelamento de Animal;1;0;0;0;0;0;0;0;0;0;5;0;0;0;0
09/08/2021;07:31:00;8;Acidente sem VITIMA;76;BR-153/SP;Norte;Colisão Traseira;1;0;0;0;0;0;0;0;0;1;3;0;0;0;0
09/08/2021;19:28:00;55;Acidente com VITIMA FATAL;146,4;BR-153/SP;Norte;Atropelamento  de Pedestre;1;0;0;0;0;0;0;0;0;0;1;0;0;0;1
09/08/2021;21:22:00;62;Acidente sem VITIMA;63,1;BR-153/SP;Norte;Colisão Traseira;1;0;0;1;0;0;0;0;0;0;2;0;0;0;0
09/08/2021;22:42:00;63;Acidente com VITIMA;58;BR-153/SP;Sul;Tombamento de Moto;0;0;0;1;0;0;0;0;0;0;0;1;0;0;0
10/08/2021;11:42:00;26;Acidente sem VITIMA;62,3;BR-153/SP;Sul;Engavetamento;2;0;0;0;0;0;0;0;0;1;4;0;0;0;0
10/08/2021;15:57:00;45;Acidente com VITIMA;45;BR-153/SP;Sul;Colisão Transversal;0;0;1;1;0;0;0;0;0;0;3;2;0;0;0
11/08/2021;19:50:00;70;Acidente com VITIMA;334;BR-153/SP;Sul;Colisão Lateral;1;0;0;1;0;0;0;0;0;0;1;1;0;0;0
11/08/2021;21:34:00;77;Acidente com VITIMA;45;BR-153/SP;Norte;Colisão Lateral;1;0;1;0;0;0;0;0;0;0;3;0;1;0;0
12/08/2021;06:41:00;4;Acidente sem VITIMA;52;BR-153/SP;Norte;Colisão Lateral;0;0;1;0;0;0;0;0;0;1;2;0;0;0;0
12/08/2021;11:04:00;33;Acidente sem VITIMA;62;BR-153/SP;Sul;Colisão Lateral;0;0;0;1;0;0;0;0;0;1;3;0;0;0;0
12/08/2021;12:13:00;37;Acidente com VITIMA;56;BR-153/SP;Norte;Colisão Traseira;0;0;1;1;0;0;0;0;0;0;2;0;0;1;0
12/08/2021;13:48:00;42;Acidente com VITIMA;120;BR-153/SP;Norte;Tombamento de Moto;0;0;0;1;0;0;0;0;0;0;0;1;0;0;0
12/08/2021;18:50:00;61;Acidente sem VITIMA;72;BR-153/SP;Norte;Colisão Traseira;1;0;0;0;0;0;0;0;0;1;5;0;0;0;0
12/08/2021;19:50:00;64;Acidente com VITIMA;99,3;BR-153/SP;Norte;Tombamento;0;0;1;0;0;0;0;0;0;0;0;1;0;0;0
13/08/2021;10:58:00;33;Acidente com VITIMA;120;BR-153/SP;Sul;Colisão Transversal;0;0;1;0;0;0;0;0;0;1;1;3;0;0;0
14/08/2021;14:54:00;50;Acidente com VITIMA;192,4;BR-153/SP;Sul;Saída de Pista;1;0;0;0;0;0;0;0;0;0;0;1;0;0;0
15/08/2021;14:49:00;33;Acidente com VITIMA;57;BR-153/SP;Norte;Tombamento de Moto;0;0;0;1;0;0;0;0;0;0;0;1;0;0;0
16/08/2021;00:35:00;2;Acidente sem VITIMA;74;BR-153/SP;Norte;Saída de Pista;0;0;0;0;0;0;0;0;0;1;1;0;0;0;0
16/08/2021;07:05:00;10;Acidente sem VITIMA;227,5;BR-153/SP;Norte;Saída de Pista;1;0;0;0;0;0;0;0;0;0;1;0;0;0;0
16/08/2021;09:57:00;29;Acidente sem VITIMA;64;BR-153/SP;Sul;Colisão Traseira;2;0;0;0;0;0;0;0;0;0;2;0;0;0;0
16/08/2021;20:16:00;87;Acidente com VITIMA;58;BR-153/SP;Sul;Tombamento de Moto;0;0;0;1;0;0;0;0;0;0;0;1;0;0;0
16/08/2021;22:05:00;91;Acidente com VITIMA;62,4;BR-153/SP;Norte;Tombamento de Moto;0;0;0;1;0;0;0;0;0;0;0;0;1;0;0
17/08/2021;16:42:00;53;Acidente sem VITIMA;63;BR-153/SP;Sul;Colisão Traseira;1;0;0;1;0;0;0;0;0;0;3;0;0;0;0
18/08/2021;06:06:00;4;Acidente com VITIMA;72,4;BR-153/SP;Sul;Tombamento de Moto;0;0;0;1;0;0;0;0;0;0;0;1;0;0;0
18/08/2021;08:40:00;16;Acidente sem VITIMA;48,85;BR-153/SP;Sul;Colisão Traseira;1;0;0;0;0;1;0;0;0;0;1;0;0;0;0
18/08/2021;19:41:00;85;Acidente sem VITIMA;63,1;BR-153/SP;Norte;Colisão Lateral;1;0;1;0;0;0;0;0;0;0;2;0;0;0;0
19/08/2021;18:47:00;99;Acidente com VITIMA;90;BR-153/SP;Norte;Colisão Frontal;0;0;1;0;0;0;0;0;0;1;1;1;0;0;0
20/08/2021;02:53:00;3;Acidente com VITIMA FATAL;1,5;BR-153/SP;Norte;Colisão Frontal;1;0;1;0;0;0;0;0;0;0;1;0;0;0;1
21/08/2021;10:30:00;29;Acidente sem VITIMA;189,8;BR-153/SP;Norte;Colisão Traseira;0;0;2;0;0;0;0;0;0;0;2;0;0;0;0
21/08/2021;16:02:00;61;Acidente com VITIMA;108,4;BR-153/SP;Norte;Tombamento de Moto;0;0;0;1;0;0;0;0;0;0;0;1;0;0;0
21/08/2021;21:24:00;88;Acidente sem VITIMA;62;BR-153/SP;Norte;Colisão Lateral;1;0;1;0;0;0;0;0;0;0;3;0;0;0;0
23/08/2021;04:45:00;6;Acidente com VITIMA;63,7;BR-153/SP;Norte;Tombamento de Moto;0;0;0;1;0;0;0;0;0;0;0;1;0;0;0
23/08/2021;18:25:00;62;Acidente sem VITIMA;50,3;BR-153/SP;Sul;Colisão Transversal;2;0;0;0;0;0;0;0;0;0;3;0;0;0;0
23/08/2021;18:57:00;67;Acidente sem VITIMA;49;BR-153/SP;Norte;Saída de Pista;1;0;0;0;0;0;0;0;0;0;1;0;0;0;0
24/08/2021;11:00:00;24;Acidente com VITIMA;64;BR-153/SP;Norte;Engavetamento;2;0;0;0;0;0;0;0;0;1;2;1;0;0;0
25/08/2021;12:52:00;37;Acidente sem VITIMA;195,1;BR-153/SP;Sul;Saída de Pista;0;0;1;0;0;0;0;0;0;0;1;0;0;0;0
25/08/2021;21:05:00;96;Acidente sem VITIMA;75,4;BR-153/SP;Sul;Colisão Traseira;2;0;0;0;0;0;0;0;0;0;2;0;0;0;0
25/08/2021;22:49:00;99;Acidente sem VITIMA;46;BR-153/SP;Sul;Colisão Traseira;2;0;0;0;0;0;0;0;0;0;4;0;0;0;0
26/08/2021;06:28:00;15;Acidente com VITIMA;317,5;BR-153/SP;Sul;Atropelamento de Animal;0;0;0;1;0;0;0;0;0;0;0;1;0;0;0
26/08/2021;17:02:00;63;Acidente com VITIMA;151,1;BR-153/SP;Norte;Colisão Transversal;1;0;0;1;0;0;0;0;0;0;2;0;1;0;0
26/08/2021;19:54:00;92;Acidente sem VITIMA;156,9;BR-153/SP;Sul;Saída de Pista;1;0;0;0;0;0;0;0;0;0;2;0;0;0;0
26/08/2021;23:59:00;99;Acidente sem VITIMA;165;BR-153/SP;Sul;Colisão Lateral;0;0;2;0;0;0;0;0;0;1;4;0;0;0;0
27/08/2021;17:15:00;56;Acidente sem VITIMA;18;BR-153/SP;Sul;Colisão Transversal;2;0;0;0;0;0;0;0;0;0;4;0;0;0;0
27/08/2021;18:26:00;62;Acidente com VITIMA;72;BR-153/SP;Norte;Colisão Traseira;1;0;0;1;0;0;0;0;0;0;1;1;0;0;0
28/08/2021;08:15:00;12;Acidente sem VITIMA;65;BR-153/SP;Sul;Colisão Traseira;1;0;1;0;0;0;0;0;0;0;1;0;0;0;0
28/08/2021;11:40:00;34;Acidente sem VITIMA;61;BR-153/SP;Norte;Colisão Lateral;1;0;1;0;0;0;0;0;0;0;3;0;0;0;0
28/08/2021;11:41:00;35;Acidente com VITIMA;121,9;BR-153/SP;Norte;Colisão Lateral;1;0;2;0;0;0;0;0;0;0;2;0;1;0;0
28/08/2021;15:39:00;52;Acidente sem VITIMA;64,1;BR-153/SP;Norte;Engavetamento;3;0;0;0;0;0;0;0;0;1;7;0;0;0;0
30/08/2021;06:15:00;1;Acidente com VITIMA;46;BR-153/SP;Sul;Colisão Lateral;1;0;0;0;0;0;0;0;0;1;1;1;0;0;0
30/08/2021;07:23:00;4;Acidente com VITIMA;63;BR-153/SP;Norte;Tombamento de Moto;0;0;0;1;0;0;0;0;0;0;0;1;0;0;0
30/08/2021;17:05:00;56;Acidente sem VITIMA;134,05;BR-153/SP;Sul;Capotamento;0;0;1;0;0;0;0;0;0;0;2;0;0;0;0
31/08/2021;07:58:00;15;Acidente sem VITIMA;65;BR-153/SP;Norte;Engavetamento;2;0;0;0;0;0;0;0;0;1;3;0;0;0;0
31/08/2021;16:48:00;82;Acidente sem VITIMA;221,6;BR-153/SP;Norte;Colisão Lateral;0;0;1;0;0;0;0;0;0;1;4;0;0;0;0
31/08/2021;18:25:00;89;Acidente sem VITIMA;64;BR-153/SP;Norte;Colisão Traseira;1;0;1;0;0;0;0;0;0;0;3;0;0;0;0
02/09/2021;20:15:00;76;Acidente com VITIMA;64,5;BR-153/SP;Norte;Colisão Traseira;2;0;0;0;0;0;0;0;0;0;2;1;0;0;0
03/09/2021;13:21:00;32;Acidente sem VITIMA;163;BR-153/SP;Sul;Saída de Pista;0;0;1;0;0;0;0;0;0;0;2;0;0;0;0
03/09/2021;19:13:00;71;Acidente sem VITIMA;220,8;BR-153/SP;Norte;Atropelamento de Animal;1;0;0;0;0;0;0;0;0;0;1;0;0;0;0
03/09/2021;22:23:00;84;Acidente sem VITIMA;54;BR-153/SP;Norte;Colisão Traseira;1;0;0;0;0;0;0;0;0;1;4;0;0;0;0
05/09/2021;11:25:00;20;Acidente com VITIMA;64;BR-153/SP;Norte;Tombamento de Moto;0;0;0;1;0;0;0;0;0;0;0;1;0;0;0
05/09/2021;18:46:00;49;Acidente com VITIMA;50,05;BR-153/SP;Sul;Tombamento de Moto;0;0;0;1;0;0;0;0;0;0;0;0;2;0;0
05/09/2021;19:56:00;58;Acidente sem VITIMA;58;BR-153/SP;Norte;Colisão Lateral;0;0;1;0;0;0;0;0;0;1;5;0;0;0;0
05/09/2021;22:51:00;65;Acidente sem VITIMA;24,5;BR-153/SP;Norte;Saída de Pista;1;0;0;0;0;0;0;0;0;0;2;0;0;0;0
06/09/2021;08:17:00;20;Acidente com VITIMA;64;BR-153/SP;Norte;Colisão Lateral;0;0;0;1;0;0;0;0;0;1;2;1;0;0;0
07/09/2021;01:44:00;1;Acidente com VITIMA;72,7;BR-153/SP;Sul;Tombamento de Moto;1;0;0;0;0;0;0;0;0;0;0;1;0;0;0
07/09/2021;18:59:00;60;Acidente sem VITIMA;137,6;BR-153/SP;Norte;Colisão Lateral;1;0;0;0;0;1;0;0;0;0;2;0;0;0;0
08/09/2021;14:50:00;56;Acidente sem VITIMA;149,7;BR-153/SP;Sul;Capotamento;1;0;0;0;0;0;0;0;0;0;3;0;0;0;0
09/09/2021;00:34:00;1;Acidente sem VITIMA;344;BR-153/SP;Norte;Atropelamento de Animal;1;0;0;0;0;0;0;0;0;0;1;0;0;0;0
09/09/2021;15:00:00;44;Acidente com VITIMA;208;BR-153/SP;Norte;Colisão Transversal;1;0;0;0;0;0;0;0;0;1;1;2;0;0;0
10/09/2021;18:35:00;44;Acidente com VITIMA;39,5;BR-153/SP;Norte;Colisão Transversal;1;0;0;0;0;0;0;0;0;1;1;1;1;0;0
11/09/2021;03:45:00;2;Acidente sem VITIMA;82;BR-153/SP;Norte;Saída de Pista;1;0;0;0;0;0;0;0;0;0;4;0;0;0;0
11/09/2021;17:24:00;38;Acidente com VITIMA;27;BR-153/SP;Norte;Saída de Pista;0;0;0;0;0;0;0;0;0;1;0;1;0;0;0
11/09/2021;18:40:00;45;Acidente com VITIMA;108;BR-153/SP;Norte;Colisão Transversal;2;0;0;0;0;0;0;0;0;0;3;1;0;0;0
11/09/2021;19:27:00;50;Acidente com VITIMA;58,4;BR-153/SP;Norte;Tombamento de Moto;0;0;0;1;0;0;0;0;0;0;0;1;0;0;0
12/09/2021;02:07:00;3;Acidente sem VITIMA;107,3;BR-153/SP;Sul;Saída de Pista;1;0;0;0;0;0;0;0;0;0;1;0;0;0;0
12/09/2021;02:53:00;4;Acidente sem VITIMA;62;BR-153/SP;Norte;Saída de Pista;1;0;0;0;0;0;0;0;0;0;1;0;0;0;0
12/09/2021;07:11:00;10;Acidente sem VITIMA;337;BR-153/SP;Sul;Saída de Pista;1;0;0;0;0;0;0;0;0;0;1;0;0;0;0
12/09/2021;15:37:00;55;Acidente sem VITIMA;122,5;BR-153/SP;Sul;Tombamento de Moto;0;0;0;1;0;0;0;0;0;0;1;0;0;0;0
12/09/2021;21:22:00;93;Acidente com VITIMA;71;BR-153/SP;Norte;Capotamento;1;0;0;0;0;0;0;0;0;0;0;1;0;0;0
12/09/2021;22:33:00;95;Acidente com VITIMA;106,6;BR-153/SP;Sul;Colisão Lateral;0;0;0;1;0;0;0;0;0;1;2;1;0;0;0
13/09/2021;07:56:00;14;Acidente sem VITIMA;64;BR-153/SP;Norte;Colisão Lateral;1;0;1;0;0;0;0;0;0;0;2;0;0;0;0
14/09/2021;21:41:00;70;Acidente sem VITIMA;72,7;BR-153/SP;Sul;Saída de Pista;1;0;0;0;0;0;0;0;0;0;1;0;0;0;0
15/09/2021;19:42:00;87;Acidente sem VITIMA;71,5;BR-153/SP;Norte;Colisão Lateral;1;0;0;0;0;0;0;0;0;0;3;0;0;0;0
16/09/2021;09:49:00;14;Acidente com VITIMA FATAL;61;BR-153/SP;Sul;Colisão Traseira;0;0;1;1;0;0;0;0;0;0;1;0;0;0;1
16/09/2021;11:53:00;18;Acidente sem VITIMA;62;BR-153/SP;Norte;Colisão Traseira;2;0;0;0;0;0;0;0;0;0;3;0;0;0;0
16/09/2021;22:15:00;61;Acidente sem VITIMA;1,4;BR-153/SP;Sul;Colisão Lateral;1;0;1;0;0;0;0;0;0;0;3;0;0;0;0
17/09/2021;15:58:00;40;Acidente sem VITIMA;275,4;BR-153/SP;Sul;Colisão Traseira;0;0;1;0;0;0;0;0;0;1;2;0;0;0;0
18/09/2021;19:02:00;69;Acidente com VITIMA;27,7;BR-153/SP;Sul;Colisão Transversal;1;0;0;0;0;0;0;0;0;1;2;3;0;0;0
20/09/2021;00:27:00;1;Acidente com VITIMA;14;BR-153/SP;Norte;Saída de Pista;1;0;0;0;0;0;0;0;0;0;0;1;1;0;0
20/09/2021;07:43:00;10;Acidente sem VITIMA;64;BR-153/SP;Norte;Colisão Traseira;1;0;1;0;0;0;0;0;0;0;2;0;0;0;0
20/09/2021;17:38:00;80;Acidente com VITIMA;68;BR-153/SP;Norte;Capotamento;1;0;0;0;0;0;0;0;0;0;0;1;0;0;0
20/09/2021;17:55:00;85;Acidente com VITIMA;72;BR-153/SP;Sul;Tombamento de Moto;0;0;0;1;0;0;0;0;0;0;1;1;0;0;0
20/09/2021;18:26:00;88;Acidente sem VITIMA;63;BR-153/SP;Norte;Colisão Transversal;1;0;1;0;0;0;0;0;0;0;2;0;0;0;0
22/09/2021;09:20:00;12;Acidente com VITIMA;155;BR-153/SP;Sul;Colisão Frontal;1;0;0;0;0;0;0;0;0;1;1;3;1;0;0
22/09/2021;10:39:00;24;Acidente com VITIMA;30;BR-153/SP;Norte;Colisão Transversal;1;0;1;0;0;0;0;0;0;0;1;1;0;0;0
24/09/2021;17:06:00;41;Acidente com VITIMA;64;BR-153/SP;Norte;Colisão Traseira;1;0;1;0;0;0;0;0;0;0;4;1;0;0;0
24/09/2021;17:53:00;44;Acidente com VITIMA;75,8;BR-153/SP;Sul;Tombamento de Moto;0;0;0;1;0;0;0;0;0;0;0;2;0;0;0
24/09/2021;19:19:00;53;Acidente com VITIMA;38;BR-153/SP;Sul;Saída de Pista;0;0;0;1;0;0;0;0;0;0;0;1;0;0;0
25/09/2021;13:14:00;30;Acidente sem VITIMA;61;BR-153/SP;Norte;Colisão Traseira;1;0;1;0;0;0;0;0;0;0;3;0;0;0;0
25/09/2021;16:05:00;49;Acidente sem VITIMA;61,2;BR-153/SP;Sul;Colisão Traseira;1;0;0;0;0;1;0;0;0;0;3;0;0;0;0
28/09/2021;23:46:00;83;Acidente sem VITIMA;98,9;BR-153/SP;Norte;Colisão Traseira;1;0;1;0;0;0;0;0;0;0;5;0;0;0;0
29/09/2021;00:31:00;1;Acidente com VITIMA;44;BR-153/SP;Norte;Colisão Frontal;1;0;1;0;0;0;0;0;0;0;1;1;1;2;0
29/09/2021;07:02:00;15;Acidente sem VITIMA;192;BR-153/SP;Norte;Tombamento de Moto;0;0;0;1;0;0;0;0;0;0;2;0;0;0;0
29/09/2021;10:34:00;31;Acidente sem VITIMA;46;BR-153/SP;Norte;Tombamento;0;0;0;0;0;0;0;0;0;1;2;0;0;0;0
30/09/2021;11:29:00;48;Acidente com VITIMA;92,4;BR-153/SP;Sul;Engavetamento;2;0;0;0;0;0;0;0;0;2;3;2;0;0;0
30/09/2021;11:44:00;50;Acidente sem VITIMA;93,4;BR-153/SP;Sul;Engavetamento;0;0;2;0;0;0;0;0;0;1;3;0;0;0;0
30/09/2021;17:49:00;92;Acidente sem VITIMA;63;BR-153/SP;Norte;Colisão Lateral;0;0;1;0;0;0;0;0;0;1;2;0;0;0;0
01/10/2021;07:47:00;15;Acidente com VITIMA;82.000;BR-153/SP;Norte;Colisão Transversal;0;0;0;1;0;0;0;0;0;1;1;1;0;0;0
01/10/2021;10:03:00;31;Acidente com VITIMA;64.000;BR-153/SP;Sul;Colisão Lateral;0;0;1;1;0;0;0;0;0;0;2;1;0;0;0
01/10/2021;14:39:00;56;Acidente sem VITIMA;278.400;BR-153/SP;Sul;Saída de Pista;1;0;0;0;0;0;0;0;0;0;1;0;0;0;0
01/10/2021;18:41:00;79;Acidente com VITIMA;74.200;BR-153/SP;Norte;Saída de Pista;1;0;0;0;0;0;0;0;0;0;0;2;0;0;0
02/10/2021;00:43:00;1;Acidente sem VITIMA;112.000;BR-153/SP;Norte;Saída de Pista;1;0;0;0;0;0;0;0;0;0;5;0;0;0;0
03/10/2021;12:51:00;31;Acidente sem VITIMA;344.000;BR-153/SP;Norte;Saída de Pista;1;0;0;0;0;0;0;0;0;0;2;0;0;0;0
03/10/2021;18:34:00;58;Acidente com VITIMA;2.000;BR-153/SP;Sul;Colisão Frontal;1;0;0;1;0;0;0;0;0;0;2;0;1;0;0
05/10/2021;13:21:00;19;Acidente sem VITIMA;183.800;BR-153/SP;Norte;Colisão Traseira;2;0;0;0;0;0;0;0;0;0;3;0;0;0;0
05/10/2021;14:57:00;25;Acidente sem VITIMA;3.200;BR-153/SP;Sul;Colisão Transversal;2;0;0;0;0;0;0;0;0;0;6;0;0;0;0
05/10/2021;21:42:00;50;Acidente com VITIMA;51.600;BR-153/SP;Sul;Colisão Transversal;2;0;0;0;0;0;0;0;0;0;2;1;1;1;0
06/10/2021;07:38:00;18;Acidente com VITIMA;50.000;BR-153/SP;Sul;Colisão Traseira;0;0;0;1;0;0;0;0;0;1;1;0;2;0;0
06/10/2021;09:09:00;25;Acidente sem VITIMA;337.200;BR-153/SP;Norte;Saída de Pista;1;0;0;0;0;0;0;0;0;0;1;0;0;0;0
07/10/2021;06:28:00;12;Acidente sem VITIMA;268.100;BR-153/SP;Norte;Colisão Frontal;0;0;2;0;0;0;0;0;0;0;3;0;0;0;0
07/10/2021;07:13:00;14;Acidente com VITIMA;191.500;BR-153/SP;Sul;Tombamento de Moto;0;0;0;1;0;0;0;0;0;0;0;1;0;0;0
08/10/2021;07:01:00;10;Acidente com VITIMA;62.000;BR-153/SP;Sul;Colisão Lateral;1;0;0;1;0;0;0;0;0;0;1;2;0;0;0
08/10/2021;07:13:00;12;Acidente sem VITIMA;61.900;BR-153/SP;Sul;Colisão Traseira;1;0;1;0;0;0;0;0;0;0;3;0;0;0;0
09/10/2021;08:31:00;9;Acidente com VITIMA;274.000;BR-153/SP;Norte;Tombamento;0;0;1;0;0;0;0;0;0;0;0;0;1;0;0
09/10/2021;10:31:00;19;Acidente sem VITIMA;189.000;BR-153/SP;Norte;Colisão Traseira;1;0;0;0;0;0;0;0;0;0;4;0;0;0;0
09/10/2021;13:52:00;33;Acidente com VITIMA;61.600;BR-153/SP;Sul;Engavetamento;2;0;0;0;0;1;0;0;0;0;1;2;0;0;0
09/10/2021;15:03:00;44;Acidente sem VITIMA;27.600;BR-153/SP;Norte;Colisão Traseira;1;0;0;0;0;1;0;0;0;0;2;0;0;0;0
09/10/2021;15:49:00;50;Acidente com VITIMA;120.000;BR-153/SP;Sul;Colisão Transversal;2;0;0;0;0;0;0;0;0;0;2;3;2;0;0
09/10/2021;18:59:00;62;Acidente com VITIMA;49.000;BR-153/SP;Sul;Colisão Transversal;0;0;0;0;0;0;0;0;0;2;4;2;0;0;0
10/10/2021;03:57:00;7;Acidente com VITIMA;103.700;BR-153/SP;Sul;Colisão Frontal;1;0;1;0;0;0;0;0;0;0;1;0;1;0;0
12/10/2021;06:10:00;5;Acidente com VITIMA;53.500;BR-153/SP;Sul;Tombamento de Moto;0;0;0;1;0;0;0;0;0;0;0;2;0;0;0
12/10/2021;13:05:00;20;Acidente sem VITIMA;160.000;BR-153/SP;Sul;Saída de Pista;1;0;0;0;0;0;0;0;0;0;2;0;0;0;0
12/10/2021;14:12:00;24;Acidente sem VITIMA;99.000;BR-153/SP;Norte;Colisão Lateral;1;0;1;0;0;0;0;0;0;0;5;0;0;0;0
12/10/2021;19:41:00;52;Acidente com VITIMA;86.800;BR-153/SP;Norte;Saída de Pista;1;0;0;0;0;0;0;0;0;0;0;1;0;0;0
13/10/2021;03:01:00;4;Acidente com VITIMA;82.900;BR-153/SP;Sul;Capotamento;1;0;0;0;0;0;0;0;0;0;0;1;1;0;0
13/10/2021;08:21:00;16;Acidente sem VITIMA;59.000;BR-153/SP;Norte;Colisão Lateral;1;0;1;0;0;0;0;0;0;0;4;0;0;0;0
13/10/2021;08:48:00;19;Acidente sem VITIMA;126.000;BR-153/SP;Sul;Saída de Pista;1;0;0;0;0;0;0;0;0;0;2;0;0;0;0
13/10/2021;21:00:00;77;Acidente com VITIMA;43.400;BR-153/SP;Norte;Atropelamento  de Pedestre;1;0;0;0;0;0;0;0;0;0;2;0;0;1;0
14/10/2021;08:00:00;10;Acidente com VITIMA;57.000;BR-153/SP;Sul;Tombamento de Moto;0;0;0;1;0;0;0;0;0;0;0;1;0;0;0
14/10/2021;10:14:00;26;Acidente sem VITIMA;109.000;BR-153/SP;Norte;Queda de carga sobre a pista;1;0;1;0;0;0;0;0;0;0;8;0;0;0;0
15/10/2021;19:30:00;67;Acidente com VITIMA;177.000;BR-153/SP;Norte;Tombamento de Moto;0;0;0;1;0;0;0;0;0;0;0;0;1;0;0
15/10/2021;19:57:00;74;Acidente sem VITIMA;256.000;BR-153/SP;Sul;Colisão Traseira;1;0;0;0;0;0;0;0;0;1;4;0;0;0;0
16/10/2021;09:06:00;24;Acidente sem VITIMA;61.500;BR-153/SP;Sul;Engavetamento;1;0;1;0;0;0;0;0;0;1;5;0;0;0;0
16/10/2021;11:13:00;44;Acidente com VITIMA;257.600;BR-153/SP;Norte;Tombamento de Moto;0;0;0;1;0;0;0;0;0;0;0;1;0;0;0
16/10/2021;13:07:00;52;Acidente com VITIMA;205.800;BR-153/SP;Norte;Saída de Pista;1;0;0;0;0;0;0;0;0;0;0;0;1;0;0
16/10/2021;19:09:00;75;Acidente com VITIMA;142.000;BR-153/SP;Sul;Colisão Frontal;1;0;0;0;0;0;0;0;0;1;0;1;3;0;0
16/10/2021;19:53:00;80;Acidente com VITIMA;259.000;BR-153/SP;Norte;Atropelamento de Ciclista;1;1;0;0;0;0;0;0;0;0;3;0;1;0;0
16/10/2021;23:19:00;86;Acidente sem VITIMA;54.500;BR-153/SP;Sul;Saída de Pista;1;0;0;0;0;0;0;0;0;0;2;0;0;0;0
17/10/2021;04:53:00;10;Acidente sem VITIMA;35.800;BR-153/SP;Norte;Colisão Traseira;1;0;0;0;0;0;0;0;0;0;2;0;0;0;0
17/10/2021;17:15:00;50;Acidente com VITIMA;53.400;BR-153/SP;Sul;Tombamento de Moto;0;0;0;1;0;0;0;0;0;0;0;1;0;0;0
17/10/2021;23:43:00;73;Acidente sem VITIMA;57.000;BR-153/SP;Sul;Choque contra Objeto Fixo;0;0;0;0;0;0;0;0;0;1;1;0;0;0;0
17/10/2021;23:52:00;74;Acidente sem VITIMA;63.700;BR-153/SP;Sul;Tombamento de Moto;1;0;0;1;0;0;0;0;0;0;3;0;0;0;0
18/10/2021;09:44:00;28;Acidente sem VITIMA;149.100;BR-153/SP;Sul;Colisão Traseira;0;0;2;0;0;0;0;0;0;0;3;0;0;0;0
18/10/2021;21:01:00;76;Acidente com VITIMA;268.100;BR-153/SP;Sul;Colisão Traseira;0;0;0;1;0;0;0;0;0;1;1;0;1;0;0
18/10/2021;21:05:00;78;Acidente sem VITIMA;63.800;BR-153/SP;Sul;Capotamento;1;0;0;0;0;0;0;0;0;0;1;0;0;0;0
19/10/2021;09:22:00;14;Acidente sem VITIMA;65.000;BR-153/SP;Norte;Colisão Lateral;0;0;2;0;0;0;0;0;0;0;4;0;0;0;0
19/10/2021;17:44:00;57;Acidente sem VITIMA;63.950;BR-153/SP;Sul;Tombamento de Moto;0;0;0;1;0;0;0;0;0;0;1;0;0;0;0
19/10/2021;20:03:00;69;Acidente com VITIMA;159.800;BR-153/SP;Norte;Colisão Traseira;1;0;0;0;0;0;0;0;0;1;2;2;0;0;0
20/10/2021;18:31:00;54;Acidente sem VITIMA;69.700;BR-153/SP;Norte;Colisão Lateral;1;0;1;0;0;0;0;0;0;0;2;0;0;0;0
21/10/2021;15:02:00;43;Acidente sem VITIMA;85.200;BR-153/SP;Norte;Colisão Lateral;1;0;1;0;0;0;0;0;0;0;2;0;0;0;0
22/10/2021;08:06:00;21;Acidente sem VITIMA;63.000;BR-153/SP;Sul;Colisão Traseira;2;0;0;0;0;0;0;0;0;0;2;0;0;0;0
22/10/2021;16:07:00;57;Acidente sem VITIMA;63.700;BR-153/SP;Norte;Colisão Traseira;1;0;1;0;0;0;0;0;0;0;3;0;0;0;0
22/10/2021;16:20:00;59;Acidente sem VITIMA;63.700;BR-153/SP;Norte;Colisão Transversal;1;0;1;0;0;0;0;0;0;0;3;0;0;0;0
22/10/2021;16:27:00;60;Acidente sem VITIMA;63.700;BR-153/SP;Norte;Colisão Transversal;1;0;1;0;0;0;0;0;0;0;2;0;0;0;0
22/10/2021;16:42:00;61;Acidente sem VITIMA;63.700;BR-153/SP;Norte;Colisão Transversal;1;0;1;0;0;0;0;0;0;0;2;0;0;0;0
22/10/2021;17:35:00;65;Acidente sem VITIMA;61.500;BR-153/SP;Norte;Colisão Traseira;1;0;1;0;0;0;0;0;0;0;3;0;0;0;0
22/10/2021;17:53:00;66;Acidente com VITIMA;62.700;BR-153/SP;Norte;Tombamento de Moto;0;0;0;1;0;0;0;0;0;0;0;1;0;0;0
22/10/2021;18:25:00;69;Acidente com VITIMA;75.500;BR-153/SP;Sul;Colisão Traseira;1;0;0;1;0;0;0;0;0;0;1;1;0;0;0
22/10/2021;18:55:00;72;Acidente sem VITIMA;75.500;BR-153/SP;Sul;Colisão Lateral;1;0;0;0;0;0;0;0;0;1;2;0;0;0;0