data;horario;n_da_ocorrencia;tipo_de_ocorrencia;km;trecho;sentido;tipo_de_acidente;automovel;bicicleta;caminhao;moto;onibus;outros;tracao_animal;transporte_de_cargas_especiais;trator_maquinas;utilitarios;ilesos;levemente_feridos;moderadamente_feridos;gravemente_feridos;mortos
23/10/2021;09:04:00;19;Acidente sem VITIMA;64.000;BR-153/SP;Norte;Colisão Lateral;1;0;1;0;0;0;0;0;0;0;4;0;0;0;0
23/10/2021;18:27:00;62;Acidente com VITIMA;66.400;BR-153/SP;Norte;Tombamento de Moto;0;0;0;1;0;0;0;0;0;0;0;2;0;0;0
24/10/2021;09:42:00;54;Acidente com VITIMA;55.000;BR-153/SP;Norte;Tombamento de Moto;0;0;0;1;0;0;0;0;0;0;0;2;0;0;0
24/10/2021;16:13:00;101;Acidente sem VITIMA;64.000;BR-153/SP;Sul;Engavetamento;1;0;0;0;0;0;0;0;0;0;1;0;0;0;0
24/10/2021;17:18:00;109;Acidente com VITIMA;79.700;BR-153/SP;Norte;Saída de Pista;1;0;2;0;0;0;0;0;0;0;3;0;1;0;0
25/10/2021;04:34:00;3;Acidente sem VITIMA;71.500;BR-153/SP;Norte;Colisão Lateral;0;0;2;0;0;0;0;0;0;0;3;0;0;0;0
25/10/2021;19:45:00;92;Acidente sem VITIMA;203.000;BR-153/SP;Sul;Atropelamento de Animal;2;0;0;0;0;0;0;0;0;0;5;0;0;0;0
26/10/2021;07:17:00;12;Acidente com VITIMA;73.000;BR-153/SP;Sul;Colisão Lateral;1;1;0;0;0;0;0;0;0;0;0;2;0;0;0
26/10/2021;09:30:00;33;Acidente com VITIMA;97.800;BR-153/SP;Sul;Saída de Pista;1;0;0;0;0;0;0;0;0;0;0;1;0;0;0
26/10/2021;18:35:00;82;Acidente sem VITIMA;42.800;BR-153/SP;Sul;Colisão Frontal;1;0;1;0;0;0;0;0;0;0;6;0;0;0;0
27/10/2021;10:06:00;32;Acidente com VITIMA;174.400;BR-153/SP;Sul;Colisão Transversal;0;0;2;0;0;0;0;0;0;0;2;1;0;0;0
27/10/2021;15:54:00;70;Acidente sem VITIMA;184.050;BR-153/SP;Sul;Choque contra Objeto Fixo;0;0;1;0;0;0;0;0;0;0;1;0;0;0;0
27/10/2021;16:27:00;73;Acidente com VITIMA;64.000;BR-153/SP;Sul;Saída de Pista;1;0;1;0;0;1;0;0;0;0;1;1;0;0;0
27/10/2021;17:30:00;79;Acidente sem VITIMA;64.150;BR-153/SP;Norte;Colisão Traseira;1;0;1;0;0;0;0;0;0;0;2;0;0;0;0
28/10/2021;07:27:00;14;Acidente sem VITIMA;164.200;BR-153/SP;Norte;Tombamento de Moto;0;0;0;1;0;0;0;0;0;0;1;0;0;0;0
29/10/2021;07:08:00;3;Acidente sem VITIMA;72.400;BR-153/SP;Norte;Colisão Lateral;0;0;0;2;0;0;0;0;0;0;2;0;0;0;0
29/10/2021;12:45:00;25;Acidente com VITIMA FATAL;228.400;BR-153/SP;Norte;Colisão Traseira;1;0;0;1;0;0;0;0;0;0;1;0;0;0;1
29/10/2021;17:00:00;51;Acidente sem VITIMA;59.200;BR-153/SP;Norte;Colisão Lateral;1;0;1;0;0;0;0;0;0;0;3;0;0;0;0
30/10/2021;09:09:00;24;Acidente com VITIMA;64.500;BR-153/SP;Sul;Tombamento de Moto;0;0;0;1;0;0;0;0;0;0;0;1;0;0;0
30/10/2021;21:37:00;67;Acidente com VITIMA;98.000;BR-153/SP;Norte;Colisão Frontal;2;0;0;0;0;0;0;0;0;0;1;1;0;1;0
31/10/2021;06:19:00;4;Acidente sem VITIMA;42.000;BR-153/SP;Norte;Saída de Pista;1;0;0;0;0;0;0;0;0;0;2;0;0;0;0
31/10/2021;13:03:00;24;Acidente sem VITIMA;342.000;BR-153/SP;Norte;Saída de Pista;1;0;0;0;0;0;0;0;0;0;3;0;0;0;0
06/11/2021;13:15:00;26;Sem vítima;61,800;BR-153/SP;Crescente;Acidentes de outra natureza;1;0;0;0;0;1;0;0;0;0;0;0;0;0;0
06/11/2021;13:26:00;28;Sem vítima;265,300;BR-153/SP;Crescente;Colisão lateral no mesmo sentido;2;0;0;0;0;0;0;0;0;0;0;0;0;0;0
06/11/2021;17:29:00;45;Sem vítima;280,000;BR-153/SP;Crescente;Colisão transversal;2;0;0;0;0;0;0;0;0;0;3;0;0;0;0
30/12/2021;08:04:00;10;Sem vítima;62,000;BR-153/SP;Crescente;Acidentes de outra natureza;0;0;0;0;0;0;0;0;0;1;0;0;0;0;0
30/12/2021;12:39:00;34;Sem vítima;76,300;BR-153/SP;Crescente;Acidentes de outra natureza;1;0;0;0;0;0;0;0;0;0;1;0;0;0;0
31/12/2021;19:09:00;45;Sem vítima;64,000;BR-153/SP;Crescente;Acidentes de outra natureza;0;0;0;1;0;0;0;0;0;0;0;0;0;0;0
01/01/2022;07:22:00;9;Com vítima;40,000;BR-153/SP;Decrescente;Saída de pista;1;0;0;0;0;0;0;0;0;0;0;1;0;0;0
01/01/2022;08:52:00;13;Sem vítima;261,000;BR-153/SP;Decrescente;Saída de pista;1;0;0;0;0;0;0;0;0;0;2;0;0;0;0
01/01/2022;21:55:00;44;Com vítima;108,000;BR-153/SP;Crescente;Colisão transversal;2;0;0;0;0;0;0;0;0;0;0;7;0;0;0
02/01/2022;19:31:00;51;Com vítima;58,100;BR-153/SP;Decrescente;Atropelamento de animal;0;0;0;1;0;0;0;0;0;0;0;1;0;0;0
02/01/2022;21:33:00;58;Sem vítima;98,000;BR-153/SP;Crescente;Colisão transversal;0;0;0;0;1;0;0;0;0;1;12;0;0;0;0
03/01/2022;09:25:00;13;Com vítima;154,500;BR-153/SP;Decrescente;Saída de pista;0;0;0;0;0;0;0;0;0;2;0;4;0;0;0
03/01/2022;13:46:00;42;Sem vítima;343,000;BR-153/SP;Decrescente;Saída de pista;1;0;0;0;0;0;0;0;0;0;3;0;0;0;0
03/01/2022;14:10:00;45;Com vítima;143,400;BR-153/SP;Crescente;Colisão frontal;1;0;0;0;0;0;0;0;0;0;0;1;0;0;1
04/01/2022;03:26:00;2;Sem vítima;98,900;BR-153/SP;Crescente;Atropelamento de animal;0;0;0;0;0;1;0;0;0;0;1;0;0;0;0
04/01/2022;11:40:00;36;Sem vítima;3,100;BR-153/SP;Crescente;Colisão traseira;0;0;0;0;0;2;0;0;0;0;2;0;0;0;0
04/01/2022;16:28:00;60;Sem vítima;73,000;BR-153/SP;Decrescente;Saída de pista;0;0;0;0;0;0;0;0;0;1;1;0;0;0;0
05/01/2022;08:39:00;20;Sem vítima;174,000;BR-153/SP;Crescente;Colisão transversal;1;0;0;0;0;0;0;0;0;1;3;0;0;0;0
05/01/2022;13:20:00;39;Sem vítima;51,000;BR-153/SP;Decrescente;Saída de pista;1;0;0;0;0;0;0;0;0;0;1;0;0;0;0
05/01/2022;15:42:00;42;Sem vítima;63,000;BR-153/SP;Decrescente;Colisão traseira;2;0;0;0;0;0;0;0;0;0;4;0;0;0;0
05/01/2022;18:23:00;53;Com vítima;58,200;BR-153/SP;Crescente;Acidentes de outra natureza;0;0;0;1;0;0;0;0;0;0;0;1;0;0;0
06/01/2022;09:12:00;26;Com vítima;49,080;BR-153/SP;Decrescente;Colisão transversal;0;0;0;1;0;0;0;0;0;1;0;2;0;0;0
06/01/2022;11:54:00;49;Sem vítima;18,800;BR-153/SP;Decrescente;Saída de pista;1;0;0;0;0;0;0;0;0;0;1;0;0;0;0
06/01/2022;15:06:00;62;Sem vítima;285,000;BR-153/SP;Decrescente;Colisão traseira;0;0;0;0;0;0;0;0;0;1;2;0;0;0;0
07/01/2022;08:16:00;8;Sem vítima;61,000;BR-153/SP;Decrescente;Saída de pista;0;0;0;0;0;0;0;0;0;1;1;0;0;0;0
07/01/2022;09:48:00;19;Sem vítima;27,000;BR-153/SP;Crescente;Colisão lateral no mesmo sentido;1;0;0;0;0;0;0;0;0;0;4;0;0;0;0
07/01/2022;11:41:00;35;Com vítima;59,000;BR-153/SP;Crescente;Acidentes de outra natureza;0;0;0;1;0;0;0;0;0;0;0;1;0;0;0
08/01/2022;04:07:00;5;Com vítima;39,000;BR-153/SP;Crescente;Saída de pista;1;0;0;0;0;0;0;0;0;0;0;0;0;0;1
08/01/2022;13:45:00;49;Com vítima;60,700;BR-153/SP;Crescente;Acidentes de outra natureza;0;0;0;1;0;0;0;0;0;0;0;0;1;0;0
11/01/2022;13:46:00;42;Sem vítima;60,600;BR-153/SP;Crescente;Engavetamento;1;0;0;0;0;0;0;0;0;2;6;0;0;0;0
12/01/2022;09:07:00;33;Sem vítima;60,000;BR-153/SP;Crescente;Colisão lateral no mesmo sentido;1;0;0;0;0;1;0;0;0;0;2;0;0;0;0
12/01/2022;09:51:00;39;Com vítima;174,000;BR-153/SP;Decrescente;Colisão transversal;1;0;0;0;0;0;0;0;0;1;0;4;0;0;0
12/01/2022;18:44:00;89;Sem vítima;37,200;BR-153/SP;Crescente;Colisão lateral no mesmo sentido;2;0;0;0;0;0;0;0;0;0;5;0;0;0;0
13/01/2022;09:44:00;20;Sem vítima;17,500;BR-153/SP;Crescente;Colisão traseira;0;0;2;0;0;0;0;0;0;0;2;0;0;0;0
13/01/2022;16:16:00;53;Sem vítima;61,400;BR-153/SP;Crescente;Colisão traseira;0;0;2;0;0;0;0;0;0;0;2;0;0;0;0
13/01/2022;18:14:00;64;Sem vítima;62,400;BR-153/SP;Crescente;Colisão traseira;2;0;0;0;0;0;0;0;0;0;5;0;0;0;0
14/01/2022;18:04:00;95;Sem vítima;84,800;BR-153/SP;Crescente;Saída de pista;0;0;0;0;0;1;0;0;0;0;1;0;0;0;0
14/01/2022;18:27:00;98;Com vítima;66,000;BR-153/SP;Decrescente;Colisão traseira;1;0;0;0;0;0;0;0;0;0;0;0;1;1;0
15/01/2022;10:25:00;21;Sem vítima;24,000;BR-153/SP;Decrescente;Colisão transversal;0;0;1;0;0;0;0;0;0;1;3;0;0;0;0
15/01/2022;12:56:00;32;Sem vítima;199,500;BR-153/SP;Crescente;Saída de pista;1;0;0;0;0;0;0;0;0;0;3;0;0;0;0
16/01/2022;08:38:00;8;Com vítima;20,700;BR-153/SP;Decrescente;Acidentes de outra natureza;0;0;0;1;0;0;0;0;0;0;0;1;0;0;0
16/01/2022;15:21:00;26;Com vítima;116,900;BR-153/SP;Crescente;Acidentes de outra natureza;0;0;0;1;0;0;0;0;0;0;0;1;0;0;0
18/01/2022;17:09:00;56;Sem vítima;15,000;BR-153/SP;Decrescente;Saída de pista;0;0;0;0;0;0;0;0;0;1;1;0;0;0;0
18/01/2022;18:32:00;62;Sem vítima;65,900;BR-153/SP;Crescente;Saída de pista;1;0;0;0;0;0;0;0;0;0;2;0;0;0;0
18/01/2022;18:47:00;64;Sem vítima;57,400;BR-153/SP;Crescente;Saída de pista;1;0;0;0;0;0;0;0;0;0;1;0;0;0;0
19/01/2022;16:01:00;45;Sem vítima;79,300;BR-153/SP;Crescente;Saída de pista;0;0;0;0;0;1;0;0;0;0;1;0;0;0;0
20/01/2022;12:37:00;46;Com vítima;52,000;BR-153/SP;Crescente;Acidentes de outra natureza;0;0;0;1;0;0;0;0;0;0;0;2;0;0;0
20/01/2022;16:12:00;59;Com vítima;39,100;BR-153/SP;Decrescente;Colisão traseira;0;0;0;0;0;1;0;0;0;1;0;2;0;1;0
20/01/2022;20:09:00;88;Com vítima;23,600;BR-153/SP;Crescente;Colisão frontal;1;0;0;1;0;0;0;0;0;0;0;1;0;1;0
21/01/2022;07:59:00;9;Com vítima;61,000;BR-153/SP;Crescente;Colisão traseira;0;0;0;1;0;0;0;0;0;1;0;3;0;0;0
21/01/2022;19:49:00;80;Com vítima;169,800;BR-153/SP;Decrescente;Saída de pista;1;0;0;0;0;0;0;0;0;1;0;3;0;0;0
22/01/2022;00:39:00;2;Sem vítima;227,900;BR-153/SP;Crescente;Saída de pista;1;0;0;0;0;0;0;0;0;0;1;0;0;0;0
22/01/2022;20:21:00;72;Sem vítima;211,800;BR-153/SP;Crescente;Tombamento;0;0;0;0;0;1;0;0;0;0;1;0;0;0;0
24/01/2022;07:57:00;12;Com vítima;55,200;BR-153/SP;Decrescente;Saída de pista;1;0;0;0;0;0;0;0;0;0;0;1;0;0;0
25/01/2022;04:42:00;4;Sem vítima;83,500;BR-153/SP;Decrescente;Saída de pista;1;0;0;0;0;0;0;0;0;0;2;0;0;0;0
25/01/2022;15:59:00;43;Sem vítima;112,000;BR-153/SP;Decrescente;Engavetamento;2;0;0;0;0;0;0;0;0;1;4;0;0;0;0
26/01/2022;08:23:00;23;Sem vítima;63,000;BR-153/SP;Crescente;Colisão traseira;1;0;0;0;0;0;0;0;0;0;1;0;0;0;0
26/01/2022;09:17:00;28;Com vítima;55,500;BR-153/SP;Crescente;Saída de pista;0;0;0;0;0;0;0;0;0;1;0;0;0;1;0
26/01/2022;13:25:00;61;Sem vítima;31,900;BR-153/SP;Decrescente;Colisão transversal;1;0;0;0;0;1;0;0;0;0;2;0;0;0;0
26/01/2022;23:27:00;90;Sem vítima;15,000;BR-153/SP;Crescente;Saída de pista;1;0;0;0;0;0;0;0;0;0;1;0;0;0;0
27/01/2022;00:05:00;1;Sem vítima;15,000;BR-153/SP;Decrescente;Colisão frontal;1;0;1;0;0;0;0;0;0;0;2;0;0;0;0
27/01/2022;17:52:00;53;Sem vítima;99,000;BR-153/SP;Crescente;Colisão lateral no mesmo sentido;1;0;0;0;0;0;0;0;0;0;2;0;0;0;0
28/01/2022;13:20:00;51;Com vítima;58,800;BR-153/SP;Decrescente;Colisão traseira;0;0;1;0;0;1;0;0;0;0;0;1;1;0;0
28/01/2022;14:51:00;55;Sem vítima;199,800;BR-153/SP;Crescente;Saída de pista;0;0;1;0;0;0;0;0;0;0;1;0;0;0;0
28/01/2022;21:53:00;78;Sem vítima;203,000;BR-153/SP;Decrescente;Saída de pista;1;0;0;0;0;0;0;0;0;0;1;0;0;0;0
30/01/2022;07:55:00;10;Com vítima;75,600;BR-153/SP;Crescente;Acidentes de outra natureza;0;0;0;1;0;0;0;0;0;0;0;1;0;0;0
01/02/2022;08:27:00;17;Sem vítima;62,500;BR-153/SP;Crescente;Engavetamento;2;0;0;0;0;0;0;0;0;3;8;0;0;0;0
01/02/2022;13:07:00;47;Sem vítima;45,000;BR-153/SP;Decrescente;Colisão transversal;1;0;0;0;0;1;0;0;0;0;4;0;0;0;0
01/02/2022;17:38:00;79;Sem vítima;32,000;BR-153/SP;Decrescente;Acidentes de outra natureza;0;0;0;1;0;0;0;0;0;0;1;0;0;0;0
02/02/2022;08:22:00;20;Sem vítima;61,900;BR-153/SP;Crescente;Colisão traseira;1;0;0;0;0;1;0;0;0;0;3;0;0;0;0
02/02/2022;09:15:00;28;Com vítima;344,000;BR-153/SP;Decrescente;Saída de pista;0;0;0;0;0;1;0;0;0;0;0;0;1;0;0
03/02/2022;17:19:00;60;Sem vítima;62,000;BR-153/SP;Crescente;Colisão traseira;1;0;0;0;0;0;0;0;0;1;2;0;0;0;0
04/02/2022;00:47:00;3;Sem vítima;44,000;BR-153/SP;Crescente;Saída de pista;0;0;0;0;0;0;0;0;0;1;1;0;0;0;0
05/02/2022;09:59:00;26;Sem vítima;0,000;BR-153/SP;Decrescente;Colisão traseira;2;0;0;0;0;1;0;0;0;0;5;0;0;0;0
05/02/2022;17:57:00;56;Com vítima;157,000;BR-153/SP;Decrescente;Colisão frontal;1;0;0;0;0;1;0;0;0;0;0;1;0;0;1
05/02/2022;21:05:00;74;Com vítima;63,500;BR-153/SP;Crescente;Colisão traseira;0;0;0;2;0;0;0;0;0;0;0;1;0;1;0
06/02/2022;15:17:00;38;Sem vítima;57,600;BR-153/SP;Crescente;Saída de pista;1;0;0;0;0;0;0;0;0;0;1;0;0;0;0
06/02/2022;19:48:00;64;Sem vítima;39,500;BR-153/SP;Crescente;Saída de pista;0;0;0;0;0;0;0;0;0;1;1;0;0;0;0
07/02/2022;07:37:00;13;Sem vítima;73,500;BR-153/SP;Decrescente;Colisão traseira;2;0;0;0;0;0;0;0;0;0;2;0;0;0;0
07/02/2022;16:01:00;40;Sem vítima;64,000;BR-153/SP;Decrescente;Colisão traseira;1;0;0;0;0;0;0;0;0;1;3;0;0;0;0
08/02/2022;13:38:00;46;Com vítima;219,000;BR-153/SP;Decrescente;Saída de pista;0;0;0;1;0;0;0;0;0;0;0;1;0;0;0
09/02/2022;07:04:00;12;Sem vítima;61,050;BR-153/SP;Crescente;Engavetamento;2;0;0;0;1;0;0;0;0;0;13;0;0;0;0
10/02/2022;13:10:00;30;Com vítima;61,000;BR-153/SP;Crescente;Acidentes de outra natureza;0;0;0;1;0;0;0;0;0;0;0;1;0;0;0
10/02/2022;19:18:00;54;Com vítima;31,000;BR-153/SP;Crescente;Colisão transversal;1;0;1;0;0;0;0;0;0;0;0;3;0;1;2
11/02/2022;18:09:00;76;Sem vítima;62,600;BR-153/SP;Crescente;Colisão traseira;2;0;0;0;0;0;0;0;0;0;2;0;0;0;0
11/02/2022;18:31:00;78;Com vítima;62,600;BR-153/SP;Crescente;Colisão traseira;2;0;0;0;0;0;0;0;0;0;0;4;0;0;0
11/02/2022;19:22:00;80;Com vítima;54,500;BR-153/SP;Crescente;Saída de pista;1;0;0;0;0;0;0;0;0;0;0;1;0;0;0
12/02/2022;10:55:00;26;Sem vítima;60,500;BR-153/SP;Crescente;Colisão traseira;2;0;0;0;0;0;0;0;0;0;3;0;0;0;0
12/02/2022;11:00:00;27;Sem vítima;19,000;BR-153/SP;Crescente;Saída de pista;1;0;0;0;0;0;0;0;0;0;2;0;0;0;0
12/02/2022;11:40:00;28;Sem vítima;60,000;BR-153/SP;Crescente;Engavetamento;3;0;0;0;0;0;0;0;0;0;3;0;0;0;0
12/02/2022;17:14:00;46;Com vítima;52,700;BR-153/SP;Crescente;Acidentes de outra natureza;0;0;0;1;0;0;0;0;0;0;0;1;0;0;0
12/02/2022;18:55:00;56;Sem vítima;151,000;BR-153/SP;Decrescente;Saída de pista;1;0;0;0;0;0;0;0;0;0;1;0;0;0;0
13/02/2022;01:48:00;6;Sem vítima;227,000;BR-153/SP;Decrescente;Tombamento;1;0;0;0;0;0;0;0;0;0;2;0;0;0;0
13/02/2022;03:19:00;10;Sem vítima;228,000;BR-153/SP;Decrescente;Engavetamento;3;0;0;0;0;0;0;0;0;0;5;0;0;0;0
13/02/2022;06:34:00;15;Sem vítima;200,000;BR-153/SP;Crescente;Saída de pista;1;0;0;0;0;0;0;0;0;0;2;0;0;0;0
13/02/2022;09:07:00;23;Sem vítima;61,000;BR-153/SP;Crescente;Acidentes de outra natureza;2;0;0;0;0;0;0;0;0;0;3;0;0;0;0
13/02/2022;10:47:00;27;Sem vítima;322,700;BR-153/SP;Decrescente;Colisão lateral no mesmo sentido;0;0;0;0;0;0;0;0;0;2;2;0;0;0;0
15/02/2022;08:15:00;15;Sem vítima;57,000;BR-153/SP;Crescente;Colisão lateral no mesmo sentido;1;0;0;0;0;1;0;0;0;0;3;0;0;0;0
16/02/2022;07:34:00;12;Sem vítima;61,000;BR-153/SP;Crescente;Engavetamento;2;0;0;0;0;0;0;0;0;0;1;0;0;0;0
16/02/2022;10:14:00;26;Sem vítima;64,000;BR-153/SP;Decrescente;Colisão lateral no mesmo sentido;1;0;0;0;0;0;0;0;0;0;1;0;0;0;0
16/02/2022;10:51:00;30;Sem vítima;64,300;BR-153/SP;Decrescente;Colisão traseira;1;0;0;0;0;1;0;0;0;0;2;0;0;0;0
16/02/2022;14:05:00;43;Sem vítima;64,200;BR-153/SP;Decrescente;Colisão lateral no mesmo sentido;1;0;0;0;0;1;0;0;0;0;2;0;0;0;0
16/02/2022;21:04:00;65;Com vítima;85,000;BR-153/SP;Decrescente;Capotamento;1;0;0;0;0;0;0;0;0;0;0;2;2;0;0
17/02/2022;05:29:00;6;Sem vítima;85,000;BR-153/SP;Decrescente;Colisão lateral no mesmo sentido;1;0;0;0;0;0;0;0;0;1;4;0;0;0;0
17/02/2022;07:44:00;11;Sem vítima;60,000;BR-153/SP;Crescente;Colisão traseira;1;0;0;0;0;0;0;0;0;0;1;0;0;0;0
17/02/2022;12:19:00;34;Com vítima;71,700;BR-153/SP;Decrescente;Engavetamento;2;0;0;0;0;0;0;0;0;1;4;1;0;0;0
17/02/2022;15:33:00;44;Sem vítima;338,500;BR-153/SP;Decrescente;Colisão traseira;1;0;0;0;0;1;0;0;0;0;2;0;0;0;0
17/02/2022;15:50:00;46;Sem vítima;154,000;BR-153/SP;Crescente;Saída de pista;1;0;0;0;0;0;0;0;0;0;1;0;0;0;0
17/02/2022;17:27:00;49;Sem vítima;61,900;BR-153/SP;Decrescente;Acidentes de outra natureza;1;0;0;0;0;0;0;0;0;0;0;0;0;0;0
18/02/2022;05:20:00;8;Sem vítima;262,500;BR-153/SP;Decrescente;Saída de pista;1;0;0;0;0;0;0;0;0;0;0;0;0;0;0
18/02/2022;15:48:00;38;Sem vítima;35,500;BR-153/SP;Crescente;Acidentes de outra natureza;0;0;0;0;0;1;0;0;0;0;0;0;0;0;0
19/02/2022;06:47:00;5;Com vítima;177,800;BR-153/SP;Crescente;Colisão frontal;1;0;0;0;0;0;0;0;0;0;0;1;0;0;0
19/02/2022;07:54:00;8;Sem vítima;223,000;BR-153/SP;Crescente;Acidentes de outra natureza;1;0;0;0;0;0;0;0;0;0;0;0;0;0;0
19/02/2022;15:32:00;61;Sem vítima;75,000;BR-153/SP;Decrescente;Saída de pista;1;0;0;0;0;0;0;0;0;0;0;0;0;0;0
19/02/2022;16:06:00;64;Sem vítima;73,000;BR-153/SP;Decrescente;Acidentes de outra natureza;1;0;0;0;0;0;0;0;0;0;1;0;0;0;0
19/02/2022;21:44:00;87;Com vítima;42,000;BR-153/SP;Crescente;Acidentes de outra natureza;1;0;0;0;0;0;0;0;0;0;0;1;0;0;0
20/02/2022;04:39:00;6;Sem vítima;99,000;BR-153/SP;Decrescente;Acidentes de outra natureza;0;0;0;0;0;0;0;0;0;1;0;0;0;0;0
20/02/2022;17:38:00;51;Sem vítima;66,500;BR-153/SP;Decrescente;Acidentes de outra natureza;1;0;0;0;0;0;0;0;0;0;0;0;0;0;0
21/02/2022;08:41:00;15;Sem vítima;311,000;BR-153/SP;Decrescente;Acidentes de outra natureza;0;0;0;0;0;1;0;0;0;0;0;0;0;0;0
22/02/2022;15:33:00;46;Sem vítima;17,000;BR-153/SP;Decrescente;Acidentes de outra natureza;0;0;0;0;0;0;0;0;0;1;1;0;0;0;0
23/02/2022;10:44:00;28;Sem vítima;42,000;BR-153/SP;Decrescente;Acidentes de outra natureza;0;0;0;0;0;1;0;0;0;0;0;0;0;0;0
23/02/2022;11:05:00;29;Com vítima;71,000;BR-153/SP;Decrescente;Acidentes de outra natureza;0;0;0;1;0;0;0;0;0;0;0;1;0;0;0
23/02/2022;18:13:00;62;Sem vítima;65,000;BR-153/SP;Decrescente;Engavetamento;1;0;0;0;0;0;0;0;0;0;1;0;0;0;0
25/02/2022;07:05:00;8;Sem vítima;61,000;BR-153/SP;Decrescente;Acidentes de outra natureza;0;0;0;1;0;0;0;0;0;0;0;0;0;0;0
25/02/2022;11:03:00;21;Com vítima;77,000;BR-153/SP;Crescente;Colisão traseira;1;0;0;0;0;0;0;0;0;0;0;1;0;0;0
25/02/2022;15:36:00;40;Com vítima;59,000;BR-153/SP;Crescente;Colisão traseira;0;0;1;0;0;0;0;0;0;0;0;1;0;0;0
25/02/2022;19:18:00;58;Com vítima;61,900;BR-153/SP;Crescente;Acidentes de outra natureza;0;0;0;1;0;0;0;0;0;0;0;1;0;0;0
26/02/2022;09:35:00;20;Com vítima;256,900;BR-153/SP;Decrescente;Acidentes de outra natureza;0;0;0;1;0;0;0;0;0;0;0;1;0;0;0
28/02/2022;09:20:00;15;Sem vítima;31,000;BR-153/SP;Decrescente;Acidentes de outra natureza;0;0;0;0;0;0;0;0;0;1;0;0;0;0;0
28/02/2022;13:00:00;31;Com vítima;75,000;BR-153/SP;Decrescente;Colisão traseira;0;0;0;1;0;0;0;0;0;0;0;1;0;0;0
01/03/2022;05:13:00;4;Sem vítima;180,000;BR-153/SP;Decrescente;Acidentes de outra natureza;0;0;0;0;0;1;0;0;0;0;0;0;0;0;0
01/03/2022;08:45:00;21;Com vítima;182,000;BR-153/SP;Decrescente;Acidentes de outra natureza;0;0;0;1;0;0;0;0;0;0;0;1;0;0;0
02/03/2022;07:35:00;9;Sem vítima;61,800;BR-153/SP;Crescente;Acidentes de outra natureza;0;0;0;0;0;0;0;0;0;1;0;0;0;0;0
05/03/2022;12:47:00;22;Sem vítima;63,000;BR-153/SP;Crescente;Colisão traseira;2;0;0;0;0;0;0;0;0;0;0;0;0;0;0
06/03/2022;19:46:00;60;Sem vítima;107,800;BR-153/SP;Decrescente;Acidentes de outra natureza;1;0;0;0;0;0;0;0;0;0;0;0;0;0;0
06/03/2022;22:08:00;66;Com vítima;108,000;BR-153/SP;Crescente;Acidentes de outra natureza;0;0;0;1;0;0;0;0;0;0;0;1;0;0;0
06/03/2022;22:50:00;67;Com vítima;163,500;BR-153/SP;Crescente;Acidentes de outra natureza;0;0;0;1;0;0;0;0;0;0;0;1;0;0;0
07/03/2022;15:55:00;39;Sem vítima;300,000;BR-153/SP;Crescente;Acidentes de outra natureza;1;0;0;0;0;0;0;0;0;0;0;0;0;0;0
08/03/2022;11:42:00;27;Sem vítima;62,000;BR-153/SP;Decrescente;Acidentes de outra natureza;0;0;0;0;0;0;0;0;0;1;0;0;0;0;0
08/03/2022;13:22:00;35;Sem vítima;62,000;BR-153/SP;Decrescente;Acidentes de outra natureza;1;0;0;0;0;0;0;0;0;0;1;0;0;0;0
10/03/2022;10:56:00;25;Com vítima;283,100;BR-153/SP;Crescente;Acidentes de outra natureza;0;0;0;0;0;1;0;0;0;0;0;1;0;0;0
10/03/2022;17:23:00;50;Com vítima;66,000;BR-153/SP;Decrescente;Acidentes de outra natureza;0;0;0;1;0;0;0;0;0;0;0;1;0;0;0
12/03/2022;00:20:00;2;Sem vítima;116,000;BR-153/SP;Crescente;Acidentes de outra natureza;0;0;0;0;0;0;0;0;0;1;0;0;0;0;0
12/03/2022;12:37:00;28;Sem vítima;67,000;BR-153/SP;Decrescente;Saída de pista;1;0;0;0;0;0;0;0;0;0;0;0;0;0;0
12/03/2022;12:58:00;31;Com vítima;99,200;BR-153/SP;Crescente;Acidentes de outra natureza;0;0;0;0;0;0;0;0;0;1;0;1;0;0;0
13/03/2022;13:12:00;19;Com vítima;101,200;BR-153/SP;Decrescente;Acidentes de outra natureza;0;0;0;0;0;1;0;0;0;0;0;1;0;0;0
13/03/2022;15:37:00;27;Sem vítima;62,000;BR-153/SP;Decrescente;Acidentes de outra natureza;0;0;0;0;0;1;0;0;0;0;0;0;0;0;0
16/03/2022;08:03:00;19;Com vítima;76,000;BR-153/SP;Decrescente;Acidentes de outra natureza;0;0;0;0;0;0;0;0;0;1;0;1;0;0;0
16/03/2022;13:28:00;38;Sem vítima;35,800;BR-153/SP;Decrescente;Colisão traseira;1;0;0;0;0;0;0;0;0;0;1;0;0;0;0
17/03/2022;02:53:00;2;Com vítima;98,900;BR-153/SP;Crescente;Choque;0;0;0;0;0;0;0;0;0;1;0;1;0;0;0
17/03/2022;06:50:00;6;Sem vítima;62,000;BR-153/SP;Crescente;Engavetamento;1;0;0;0;0;0;0;0;0;0;0;0;0;0;0